Workbook
Name __________________________________a129: #REF!
Name __________________________________a130: #REF!
Name _________________________________a129: #REF!
Name _________________________________a130: #REF!
Name ________________________________a129: #REF!
Name ________________________________a130: #REF!
Name _______________________________a129: #REF!
Name _______________________________a130: #REF!
Name ______________________________a129: #REF!
Name ______________________________a130: #REF!
Name _____________________________a129: #REF!
Name _____________________________a130: #REF!
Name ____________________________a129: #REF!
Name ____________________________a130: #REF!
Name ___________________________a129: #REF!
Name ___________________________a130: #REF!
Name __________________________a129: #REF!
Name __________________________a130: #REF!
Name _________________________a129: #REF!
Name _________________________a130: #REF!
Name ________________________a129: #REF!
Name ________________________a130: #REF!
Name _______________________a129: #REF!
Name _______________________a130: #REF!
Name ______________________a129: #REF!
Name ______________________a130: #REF!
Name _____________________a129: #REF!
Name _____________________a130: #REF!
Name ____________________a129: #REF!
Name ____________________a130: #REF!
Name ___________________a129: #REF!
Name ___________________a130: #REF!
Name __________________a129: #REF!
Name __________________a130: #REF!
Name _________________a129: #REF!
Name _________________a130: #REF!
Name ________________a129: #REF!
Name ________________a130: #REF!
Name _______________a129: #REF!
Name _______________a130: #REF!
Name ______________a129: #REF!
Name ______________a130: #REF!
Name _____________a129: #REF!
Name _____________a130: #REF!
Name ____________a129: #REF!
Name ____________a130: #REF!
Name ___________a129: #REF!
Name ___________a130: #REF!
Name __________a129: #REF!
Name __________a130: #REF!
Name _________a129: #REF!
Name _________a130: #REF!
Name ________a129: #REF!
Name ________a130: #REF!
Name _______a129: #REF!
Name _______a130: #REF!
Name ______a129: #REF!
Name ______a130: #REF!
Name _____a129: #REF!
Name _____a130: #REF!

Sheet MỤC LỤC
A1: DANH MỤC HỒ SƠ LƯƠNG THÁNG 04.2024
A2: STT | B2: Nội dung | C2: Link
A3: 1 | B3: Đề nghị thanh toán | C3: ĐỀ NGHỊ THANH TOÁN
A4: 2 | B4: Ngân hàng nhận lương của CBNV | C4: Bảng kê nhận lương
A5: 3 | B5: Bảng chấm công | C5: 3,BẢNG CHẤM CÔNG
A6: 4 | B6: Bảng phép năm 2025 | C6: Bảng phép năm 2023
A7: 5 | B7: Thông số tính lương | C7: Thông số TL
A8: 6 | B8: Bảng tính lương | C8: Bảng lương
A9: 7 | B9: Theo dõi Người phụ thuộc | C9: #'7.Danh sách NPT'!A1
A10: 8 | B10: Phiếu lương | C10: Phiếu lương

Sheet 1.ĐNTT LẦN 1
D1: CỘNG HOÀ XÃ HỘI CHỦ NGHĨA VIỆT NAM Độc lập - Tự do - Hạnh phúc
D2: ----------------------
M3: =IF(E3="","Hà Nội, Ngày 05 Tháng 05 Năm 2026",VLOOKUP(E3,'[24]NHẬP LIỆU'!B1:M29,2,0)) -> Hà Nội, Ngày 05 Tháng 05 Năm 2026
H5: ĐỀ NGHỊ THANH TOÁN
C6: Kính gửi: | D6: - Ban lãnh đạo Công ty cổ phần MS14 - Bộ phận kế toán của công ty
C7: Họ và tên người đề nghị: Nguyễn Thị Thu Hảo
C8: Bộ phận: | D8: Vận hành
C9: Nội dung thanh toán: MS14 thanh toán lương CBNV MS14 tháng 04/2026
C11: Nội dung thanh toán | N11: Thành tiền
C12: MS14 thanh toán lương CBNV MS14 tháng 04/2026 Danh sách cụ thể đính kèm. | N12: ='2. DS TKNH L1'!G20 -> 151759700
C13: Tổng tiền thanh toán | N13: =N12 -> 151759700
C14: Bằng chữ:
C15: =" Đề nghị Ban lãnh đạo và phòng kế toán phê duyệt để thanh toán số tiền nêu trên. Chi tiết cụ thể như số liệu đã đề cập." -> Đề nghị Ban lãnh đạo và phòng kế toán phê duyệt để thanh toán số tiền nêu trên. Chi tiết cụ thể như số liệu đã đề cập.
C16: Phương thức thanh toán: | H16: Tiền mặt | L16: FALSE
H17: Chuyển khoản | L17: TRUE
C18: Thông tin chuyển khoản:
C19: - Chủ tài khoản: | F19: Theo danh sách đính kèm
C20: - Số tài khoản : | F20: Theo danh sách đính kèm
C21: - Ngân hàng: | F21: Theo danh sách đính kèm
A23: Tổng Giám đốc | F23: Phòng TCKT | N23: Phòng HCNS | V23: Người lập

Sheet 2. DS TKNH L1
C1: BẢNG KÊ DANH SÁCH THANH TOÁN LƯƠNG THÁNG 04.2026
C2: Nội dung: MS14 thanh toán lương cho nhân sự MS14 Tháng 04.2026
A3: STT | B3: Mã NV | C3: Họ và tên | D3: Số tài khoản | E3: Ngân hàng | F3: Chi nhánh | G3: Số tiền thanh toán
A4: 1 | B4: MS03 | C4: =VLOOKUP(B4,'6.Bảng lương '!B13:$C$16,2,0) -> Lê Thị Kim Liên | D4: 19031627139016 | E4: Techcombank | G4: =VLOOKUP($B4,'6.Bảng lương '!$B$11:$AV$38,47,0) -> 16212500
A5: 2 | B5: MS04 | C5: =VLOOKUP(B5,'6.Bảng lương '!B15:$C$16,2,0) -> Nguyễn Thị Thu Hảo | D5: 19035531863010 | E5: Techcombank | G5: =VLOOKUP($B5,'6.Bảng lương '!$B$11:$AV$38,47,0) -> 10121600
A6: 3 | B6: MS02 | C6: =VLOOKUP(B6,'6.Bảng lương '!B12:$C$12,2,0) -> Bùi Thanh Anh | D6: 1978555558 | E6: ACB | G6: =VLOOKUP($B6,'6.Bảng lương '!$B$11:$AV$38,47,0) -> 15000000
A7: 4 | B7: MS06 | C7: =VLOOKUP(B7,'6.Bảng lương '!B$16:$C29,2,0) -> Eugene | D7: 1045887952 | E7: Vietcombank | G7: =VLOOKUP($B7,'6.Bảng lương '!$B$11:$AV$38,47,0) -> 22275400
A8: 5 | B8: MS07 | C8: =VLOOKUP(B8,'6.Bảng lương '!B$16:$C30,2,0) -> Nguyễn Ánh Hồng | D8: 1033638061 | E8: Vietcombank | G8: =VLOOKUP($B8,'6.Bảng lương '!$B$11:$AV$38,47,0) -> 8422500
A9: 6 | B9: MS16 | C9: Phạm Thị Hương Thuỷ | D9: 0906951113 | E9: MB | G9: =VLOOKUP($B9,'6.Bảng lương '!$B$11:$AV$38,47,0) -> 7758300
A10: 7 | B10: MS09 | C10: =VLOOKUP(B10,'6.Bảng lương '!$B$12:$C$30,2,0) -> Nguyễn Thị Thu | D10: 1991555558 | E10: ACB | G10: =VLOOKUP($B10,'6.Bảng lương '!$B$11:$AV$38,47,0) -> 8000000
A11: 8 | B11: MS11 | C11: =VLOOKUP(B11,' 5. Thông số TL'!$D$12:$E$25,2,0) -> Phùng Thị Lụa | D11: 0563250894 | E11: MB | G11: ='6.Bảng lương '!AV34 -> 10850200
A12: 9 | B12: MS12 | C12: =VLOOKUP(B12,' 5. Thông số TL'!$D$12:$E$25,2,0) -> Đinh Thị Bích Ngọc | D12: 19032824127018 | E12: Techcombank | G12: ='6.Bảng lương '!AV21 -> 9034000
A13: 10 | B13: MS13 | C13: =VLOOKUP(B13,' 5. Thông số TL'!$D$12:$E$25,2,0) -> Lương Văn Châm | D13: 9904677976 | E13: Techcombank | G13: ='6.Bảng lương '!AV22 -> 8179100
A14: 11 | B14: MS14 | C14: =VLOOKUP(B14,' 5. Thông số TL'!$D$12:$E$25,2,0) -> Nguyễn Thị Phúc | D14: 1036236348 | E14: VCB | G14: =VLOOKUP($B14,'6.Bảng lương '!$B$11:$AV$38,47,0) -> 10000000
A15: 12 | B15: MS15 | C15: =VLOOKUP(B15,' 5. Thông số TL'!$D$12:$E$25,2,0) -> Nguyễn Thị Thuỳ Trang | D15: 0374624154 | E15: MB | G15: =VLOOKUP($B15,'6.Bảng lương '!$B$11:$AV$38,47,0) -> 5397800
A16: 13 | B16: MS17 | C16: Lê Thị Bích Hường | D16: 0984903219 | E16: MB | G16: =VLOOKUP($B16,'6.Bảng lương '!$B$11:$AV$38,47,0) -> 5439600
A17: 14 | B17: MS18 | C17: Nguyễn Hương Thảo | D17: 8862965558 | E17: BIDV | G17: =VLOOKUP($B17,'6.Bảng lương '!$B$11:$AV$38,47,0) -> 5328600
A18: 15 | B18: MS19 | C18: Bác Hạnh | G18: =VLOOKUP($B18,'6.Bảng lương '!$B$11:$AV$38,47,0) -> 9000000
A19: 16 | B19: MS20 | C19: Nguyễn Thị Thu Hiền | D19: 19021081619016 | E19: Techcombank | G19: =VLOOKUP($B19,'6.Bảng lương '!$B$11:$AV$38,47,0) -> 740100
A20: Tổng | G20: =SUM(G4:G19) -> 151759700
E23: Hà Nội, ngày 05 tháng 05 năm 2026
A25: TỔNG GIÁM ĐỐC | C25: PHÒNG TÀI CHÍNH - KẾ TOÁN | E25: PHÒNG HCNS | F25: NGƯỜI LẬP

Sheet 3. BẢNG CHẤM CÔNG
C1: TÊN ĐƠN VỊ: CÔNG TY CỔ PHẦN MS14 ĐỊA CHỈ: Clubhouse 3 đường Phong Lan 1, khu đô thị Vinhomes Riverside, phường Phúc Lợi, thành phố Hà Nội MST: 0111258406
I2: Tháng | K2: 4 | M2: Bảng Ký Hiệu Các Loại Ngày Công
M3: Loại | O3: Đủ Công | P3: Nửa Ngày | Q3: Online | R3: Online nửa ngày | S3: Phép | T3: Nửa phép | U3: Làm việc CN, T7 | V3: Làm việc nửa CN/T7 | X3: Ngày Lễ | Y3: Nửa ngày lễ | Z3: Không Lương | AB3: Thai sản
I4: Năm | K4: 2026
M5: Ký Hiệu | O5: X | P5: N1 | Q5: On | R5: On/2 | S5: P | T5: P1 | U5: C | V5: C/2 | X5: L | Y5: L1 | Z5: K | AB5: TS
A6: MS14 - BẢNG CHẤM CÔNG THÁNG 04/2026
H7: 8 | I7: =1+H7 -> 9 | J7: =1+I7 -> 10 | K7: =1+J7 -> 11 | L7: =1+K7 -> 12 | M7: =1+L7 -> 13 | N7: =1+M7 -> 14 | O7: =1+N7 -> 15 | P7: =1+O7 -> 16 | ... AN7: =1+AM7 -> 40 | AP7: =1+AN7 -> 41 | AQ7: =1+AP7 -> 42 | AR7: =1+AQ7 -> 43 | AS7: =1+AR7 -> 44 | AT7: =1+AS7 -> 45 | AU7: =1+AT7 -> 46 | AV7: =1+AU7 -> 47
H8: =DATE(K4,K2,1) -> 46113 | I8: =H8+1 -> 46114 | J8: =I8+1 -> 46115 | K8: =J8+1 -> 46116 | L8: =K8+1 -> 46117 | M8: =L8+1 -> 46118 | N8: =M8+1 -> 46119 | O8: =N8+1 -> 46120 | P8: =O8+1 -> 46121 | ... AL8: =AK8+1 -> 46143 | AM8: X | AN8: N1 | AO8: ON | AP8: C | AQ8: P + P1 | AR8: Tổng Công đi làm & nghỉ phép | AS8: L | AT8: K | AU8: Số công full tháng | AV8: ="Phép Tồn năm 2023 tính đến T."&K2 -> Phép Tồn năm 2023 tính đến T.4
H9: =CHOOSE(WEEKDAY(H8),"Chủ Nhật","Thứ Hai","Thứ Ba","Thứ Tư","Thứ Năm","Thứ Sáu","Thứ Bảy") -> Thứ Tư | I9: =CHOOSE(WEEKDAY(I8),"Chủ Nhật","Thứ Hai","Thứ Ba","Thứ Tư","Thứ Năm","Thứ Sáu","Thứ Bảy") -> Thứ Năm | J9: =CHOOSE(WEEKDAY(J8),"Chủ Nhật","Thứ Hai","Thứ Ba","Thứ Tư","Thứ Năm","Thứ Sáu","Thứ Bảy") -> Thứ Sáu | K9: =CHOOSE(WEEKDAY(K8),"Chủ Nhật","Thứ Hai","Thứ Ba","Thứ Tư","Thứ Năm","Thứ Sáu","Thứ Bảy") -> Thứ Bảy | L9: =CHOOSE(WEEKDAY(L8),"Chủ Nhật","Thứ Hai","Thứ Ba","Thứ Tư","Thứ Năm","Thứ Sáu","Thứ Bảy") -> Chủ Nhật | M9: =CHOOSE(WEEKDAY(M8),"Chủ Nhật","Thứ Hai","Thứ Ba","Thứ Tư","Thứ Năm","Thứ Sáu","Thứ Bảy") -> Thứ Hai | N9: =CHOOSE(WEEKDAY(N8),"Chủ Nhật","Thứ Hai","Thứ Ba","Thứ Tư","Thứ Năm","Thứ Sáu","Thứ Bảy") -> Thứ Ba | O9: =CHOOSE(WEEKDAY(O8),"Chủ Nhật","Thứ Hai","Thứ Ba","Thứ Tư","Thứ Năm","Thứ Sáu","Thứ Bảy") -> Thứ Tư | ... AL9: =CHOOSE(WEEKDAY(AL8),"Chủ Nhật","Thứ Hai","Thứ Ba","Thứ Tư","Thứ Năm","Thứ Sáu","Thứ Bảy") -> Thứ Sáu | AM9: Đủ công | AN9: Nửa Công | AO9: Làm online | AP9: Làm việc CN, T7 | AQ9: Phép | AS9: Lễ Tết | AT9: Không Lương
A10: STT | B10: Mã NV | C10: Phòng ban | D10: Chức danh | E10: Tầng nhân sự | F10: Họ & Tên | G10: Tình Trạng | AR10: =SUM(AR12:AR33) -> 505 | AT10: =SUM(AT12:AT33) -> 131
A11: =SUBTOTAL(3,$F$11:F11) -> 1 | B11: MS04 | C11: Vận hành | D11: Trưởng phòng vận hành | F11: Nguyễn Thị Thu Hảo | G11: Chính Thức | H11: On | I11: On | J11: On | M11: On | N11: On | O11: On | P11: On | Q11: On | T11: On | U11: On | V11: L | W11: L | X11: L | AA11: X | AB11: X | AC11: X | AD11: X | AE11: X | AH11: L | AI11: X | AJ11: X | AK11: L | AM11: =IF(F11="","",COUNTIF($H11:$AL11,AM$8)) -> 7 | AN11: =IF(OR(G11="",G11="Đã nghỉ"),0,COUNTIF($H11:$AL11,"N1")/2++IF(AND(LEN(H11)>2,OR(LEFT(H11,2)="N1",RIGHT(H11,2)="N1")),0.5)+IF(AND(LEN(I11)>2,OR(LEFT(I11,2)="N1",RIGHT(I11,2)="N1")),0.5)+IF(AND(LEN(J11)>2,OR(LEFT(J11,2)="N1",RIGHT(J11,2)="N1")),0.5)+IF(AND(LEN(K11)>2,OR(LEFT(K11,2)="N1",RIGHT(K11,2)="N1")),0.5)+IF(AND(LEN(L11)>2,OR(LEFT(L11,2)="N1",RIGHT(L11,2)="N1")),0.5)+IF(AND(LEN(M11)>2,OR(LEFT(M11,2)="N1",RIGHT(M11,2)="N1")),0.5)+IF(AND(LEN(N11)>2,OR(LEFT(N11,2)="N1",RIGHT(N11,2)="N1")),0.5)+IF(AND(LEN(O11)>2,OR(LEFT(O11,2)="N1",RIGHT(O11,2)="N1")),0.5)+IF(AND(LEN(P11)>2,OR(LEFT(P11,2)="N1",RIGHT(P11,2)="N1")),0.5)+IF(AND(LEN(Q11)>2,OR(LEFT(Q11,2)="N1",RIGHT(Q11,2)="N1")),0.5)+IF(AND(LEN(R11)>2,OR(LEFT(R11,2)="N1",RIGHT(R11,2)="N1")),0.5)+IF(AND(LEN(S11)>2,OR(LEFT(S11,2)="N1",RIGHT(S11,2)="N1")),0.5)+IF(AND(LEN(T11)>2,OR(LEFT(T11,2)="N1",RIGHT(T11,2)="N1")),0.5)+IF(AND(LEN(U11)>2,OR(LEFT(U11,2)="N1",RIGHT(U11,2)="N1")),0.5)+IF(AND(LEN(V11)>2,OR(LEFT(V11,2)="N1",RIGHT(V11,2)="N1")),0.5)+IF(AND(LEN(W11)>2,OR(LEFT(W11,2)="N1",RIGHT(W11,2)="N1")),0.5)+IF(AND(LEN(X11)>2,OR(LEFT(X11,2)="N1",RIGHT(X11,2)="N1")),0.5)+IF(AND(LEN(Y11)>2,OR(LEFT(Y11,2)="N1",RIGHT(Y11,2)="N1")),0.5)+IF(AND(LEN(Z11)>2,OR(LEFT(Z11,2)="N1",RIGHT(Z11,2)="N1")),0.5)+IF(AND(LEN(AA11)>2,OR(LEFT(AA11,2)="N1",RIGHT(AA11,2)="N1")),0.5)+IF(AND(LEN(AB11)>2,OR(LEFT(AB11,2)="N1",RIGHT(AB11,2)="N1")),0.5)+IF(AND(LEN(AC11)>2,OR(LEFT(AC11,2)="N1",RIGHT(AC11,2)="N1")),0.5)+IF(AND(LEN(AD11)>2,OR(LEFT(AD11,2)="N1",RIGHT(AD11,2)="N1")),0.5)+IF(AND(LEN(AE11)>2,OR(LEFT(AE11,2)="N1",RIGHT(AE11,2)="N1")),0.5)+IF(AND(LEN(AF11)>2,OR(LEFT(AF11,2)="N1",RIGHT(AF11,2)="N1")),0.5)+IF(AND(LEN(AG11)>2,OR(LEFT(AG11,2)="N1",RIGHT(AG11,2)="N1")),0.5)+IF(AND(LEN(AH11)>2,OR(LEFT(AH11,2)="N1",RIGHT(AH11,2)="N1")),0.5)+IF(AND(LEN(AI11)>2,OR(LEFT(AI11,2)="N1",RIGHT(AI11,2)="N1")),0.5)+IF(AND(LEN(AJ11)>2,OR(LEFT(AJ11,2)="N1",RIGHT(AJ11,2)="N1")),0.5)+IF(AND(LEN(AK11)>2,OR(LEFT(AK11,2)="N1",RIGHT(AK11,2)="N1")),0.5)+IF(AND(LEN(AL11)>2,OR(LEFT(AL11,2)="N1",RIGHT(AL11,2)="N1")),0.5)) -> 0 | AO11: =COUNTIF(H11:AL11,"ON")+COUNTIF(H11:AL11,"ON/2")/2 -> 10 | AP11: =IF(F11="","",COUNTIF($H11:$AL11,AP$8))+IF(F11="","",COUNTIF($H11:$AL11,$V$5)/2) -> 0 | AQ11: =COUNTIF($H11:$AL11,"P")+COUNTIF($H11:$AL11,"P1")/2+IF(AND(LEN(I11)>2,OR(LEFT(I11,2)="P1",RIGHT(I11,2)="P1")),0.5)+IF(AND(LEN(J11)>2,OR(LEFT(J11,2)="P1",RIGHT(J11,2)="P1")),0.5)+IF(AND(LEN(K11)>2,OR(LEFT(K11,2)="P1",RIGHT(K11,2)="P1")),0.5)+IF(AND(LEN(L11)>2,OR(LEFT(L11,2)="P1",RIGHT(L11,2)="P1")),0.5)+IF(AND(LEN(M11)>2,OR(LEFT(M11,2)="P1",RIGHT(M11,2)="P1")),0.5)+IF(AND(LEN(N11)>2,OR(LEFT(N11,2)="P1",RIGHT(N11,2)="P1")),0.5)+IF(AND(LEN(O11)>2,OR(LEFT(O11,2)="P1",RIGHT(O11,2)="P1")),0.5)+IF(AND(LEN(P11)>2,OR(LEFT(P11,2)="P1",RIGHT(P11,2)="P1")),0.5)+IF(AND(LEN(Q11)>2,OR(LEFT(Q11,2)="P1",RIGHT(Q11,2)="P1")),0.5)+IF(AND(LEN(R11)>2,OR(LEFT(R11,2)="P1",RIGHT(R11,2)="P1")),0.5)+IF(AND(LEN(S11)>2,OR(LEFT(S11,2)="P1",RIGHT(S11,2)="P1")),0.5)+IF(AND(LEN(T11)>2,OR(LEFT(T11,2)="P1",RIGHT(T11,2)="P1")),0.5)+IF(AND(LEN(U11)>2,OR(LEFT(U11,2)="P1",RIGHT(U11,2)="P1")),0.5)+IF(AND(LEN(V11)>2,OR(LEFT(V11,2)="P1",RIGHT(V11,2)="P1")),0.5)+IF(AND(LEN(W11)>2,OR(LEFT(W11,2)="P1",RIGHT(W11,2)="P1")),0.5)+IF(AND(LEN(X11)>2,OR(LEFT(X11,2)="P1",RIGHT(X11,2)="P1")),0.5)+IF(AND(LEN(Y11)>2,OR(LEFT(Y11,2)="P1",RIGHT(Y11,2)="P1")),0.5)+IF(AND(LEN(Z11)>2,OR(LEFT(Z11,2)="P1",RIGHT(Z11,2)="P1")),0.5)+IF(AND(LEN(AA11)>2,OR(LEFT(AA11,2)="P1",RIGHT(AA11,2)="P1")),0.5)+IF(AND(LEN(AB11)>2,OR(LEFT(AB11,2)="P1",RIGHT(AB11,2)="P1")),0.5)+IF(AND(LEN(AC11)>2,OR(LEFT(AC11,2)="P1",RIGHT(AC11,2)="P1")),0.5)+IF(AND(LEN(AD11)>2,OR(LEFT(AD11,2)="P1",RIGHT(AD11,2)="P1")),0.5)+IF(AND(LEN(AE11)>2,OR(LEFT(AE357,2)="P1",RIGHT(AE11,2)="P1")),0.5)+IF(AND(LEN(AF11)>2,OR(LEFT(AF11,2)="P1",RIGHT(AF11,2)="P1")),0.5)+IF(AND(LEN(AG11)>2,OR(LEFT(AG11,2)="P1",RIGHT(AG11,2)="P1")),0.5)+IF(AND(LEN(AH11)>2,OR(LEFT(AH11,2)="P1",RIGHT(AH11,2)="P1")),0.5)+IF(AND(LEN(AI11)>2,OR(LEFT(AI11,2)="P1",RIGHT(AI11,2)="P1")),0.5)+IF(AND(LEN(AJ11)>2,OR(LEFT(AJ11,2)="P1",RIGHT(AJ11,2)="P1")),0.5)+IF(AND(LEN(AK11)>2,OR(LEFT(AK11,2)="P1",RIGHT(AK11,2)="P1")),0.5)+IF(AND(LEN(AL11)>2,OR(LEFT(AL11,2)="P1",RIGHT(AL11,2)="P1")),0.5) -> 0 | AR11: =IF(G11="","",AM11+AN11+AP11+AQ11) -> 7 | AS11: =IF(F11="","",COUNTIF($H11:$AL11,AS$8))++IF(F11="","",COUNTIF($H11:$AL11,"L1")/2) -> 5 | AT11: 5 | AU11: 22
A12: =SUBTOTAL(3,$F$11:F12) -> 2 | B12: MS03 | C12: BGH | D12: Hiệu phó cơ sở | F12: Lê Thị Kim Liên | G12: Chính Thức | H12: X | I12: X | J12: X | M12: X | N12: X | O12: X | P12: X | Q12: X | T12: X | U12: X | V12: X | W12: X | X12: X | AA12: X | AB12: X | AC12: X | AD12: X | AE12: X | AH12: L | AI12: X | AJ12: X | AK12: L | AM12: =IF(F12="","",COUNTIF($H12:$AL12,AM$8)) -> 20 | AN12: =IF(OR(G12="",G12="Đã nghỉ"),0,COUNTIF($H12:$AL12,"N1")/2++IF(AND(LEN(H12)>2,OR(LEFT(H12,2)="N1",RIGHT(H12,2)="N1")),0.5)+IF(AND(LEN(I12)>2,OR(LEFT(I12,2)="N1",RIGHT(I12,2)="N1")),0.5)+IF(AND(LEN(J12)>2,OR(LEFT(J12,2)="N1",RIGHT(J12,2)="N1")),0.5)+IF(AND(LEN(K12)>2,OR(LEFT(K12,2)="N1",RIGHT(K12,2)="N1")),0.5)+IF(AND(LEN(L12)>2,OR(LEFT(L12,2)="N1",RIGHT(L12,2)="N1")),0.5)+IF(AND(LEN(M12)>2,OR(LEFT(M12,2)="N1",RIGHT(M12,2)="N1")),0.5)+IF(AND(LEN(N12)>2,OR(LEFT(N12,2)="N1",RIGHT(N12,2)="N1")),0.5)+IF(AND(LEN(O12)>2,OR(LEFT(O12,2)="N1",RIGHT(O12,2)="N1")),0.5)+IF(AND(LEN(P12)>2,OR(LEFT(P12,2)="N1",RIGHT(P12,2)="N1")),0.5)+IF(AND(LEN(Q12)>2,OR(LEFT(Q12,2)="N1",RIGHT(Q12,2)="N1")),0.5)+IF(AND(LEN(R12)>2,OR(LEFT(R12,2)="N1",RIGHT(R12,2)="N1")),0.5)+IF(AND(LEN(S12)>2,OR(LEFT(S12,2)="N1",RIGHT(S12,2)="N1")),0.5)+IF(AND(LEN(T12)>2,OR(LEFT(T12,2)="N1",RIGHT(T12,2)="N1")),0.5)+IF(AND(LEN(U12)>2,OR(LEFT(U12,2)="N1",RIGHT(U12,2)="N1")),0.5)+IF(AND(LEN(V12)>2,OR(LEFT(V12,2)="N1",RIGHT(V12,2)="N1")),0.5)+IF(AND(LEN(W12)>2,OR(LEFT(W12,2)="N1",RIGHT(W12,2)="N1")),0.5)+IF(AND(LEN(X12)>2,OR(LEFT(X12,2)="N1",RIGHT(X12,2)="N1")),0.5)+IF(AND(LEN(Y12)>2,OR(LEFT(Y12,2)="N1",RIGHT(Y12,2)="N1")),0.5)+IF(AND(LEN(Z12)>2,OR(LEFT(Z12,2)="N1",RIGHT(Z12,2)="N1")),0.5)+IF(AND(LEN(AA12)>2,OR(LEFT(AA12,2)="N1",RIGHT(AA12,2)="N1")),0.5)+IF(AND(LEN(AB12)>2,OR(LEFT(AB12,2)="N1",RIGHT(AB12,2)="N1")),0.5)+IF(AND(LEN(AC12)>2,OR(LEFT(AC12,2)="N1",RIGHT(AC12,2)="N1")),0.5)+IF(AND(LEN(AD12)>2,OR(LEFT(AD12,2)="N1",RIGHT(AD12,2)="N1")),0.5)+IF(AND(LEN(AE12)>2,OR(LEFT(AE12,2)="N1",RIGHT(AE12,2)="N1")),0.5)+IF(AND(LEN(AF12)>2,OR(LEFT(AF12,2)="N1",RIGHT(AF12,2)="N1")),0.5)+IF(AND(LEN(AG12)>2,OR(LEFT(AG12,2)="N1",RIGHT(AG12,2)="N1")),0.5)+IF(AND(LEN(AH12)>2,OR(LEFT(AH12,2)="N1",RIGHT(AH12,2)="N1")),0.5)+IF(AND(LEN(AI12)>2,OR(LEFT(AI12,2)="N1",RIGHT(AI12,2)="N1")),0.5)+IF(AND(LEN(AJ12)>2,OR(LEFT(AJ12,2)="N1",RIGHT(AJ12,2)="N1")),0.5)+IF(AND(LEN(AK12)>2,OR(LEFT(AK12,2)="N1",RIGHT(AK12,2)="N1")),0.5)+IF(AND(LEN(AL12)>2,OR(LEFT(AL12,2)="N1",RIGHT(AL12,2)="N1")),0.5)) -> 0 | AO12: =COUNTIF(H12:AL12,"ON")+COUNTIF(H12:AL12,"ON/2")/2 -> 0 | AP12: =IF(F12="","",COUNTIF($H12:$AL12,AP$8))+IF(F12="","",COUNTIF($H12:$AL12,$V$5)/2) -> 0 | AQ12: 0 | AR12: =IF(G12="","",AM12+AN12+AP12+AQ12) -> 20 | AS12: =IF(F12="","",COUNTIF($H12:$AL12,AS$8))++IF(F12="","",COUNTIF($H12:$AL12,"L1")/2) -> 2 | AT12: =AU12-AR12-AS12 -> 0 | AU12: 22 | AV12: =VLOOKUP(B12,'4. Bảng phép năm 2026'!B7:T7,24,0) -> #REF!
A13: =SUBTOTAL(3,$F$11:F13) -> 3 | B13: MS07 | C13: Giáo viên | D13: Giáo viên mầm non | F13: Nguyễn Ánh Hồng | G13: Chính Thức | H13: X | I13: X | J13: X | M13: X | N13: X | O13: X | P13: X | Q13: P | T13: X | U13: X | V13: X | W13: X | X13: X | AA13: X | AB13: X | AC13: X | AD13: X | AE13: X | AH13: L | AI13: X | AJ13: X | AK13: L | AM13: =IF(F13="","",COUNTIF($H13:$AL13,AM$8)) -> 19 | AN13: =IF(OR(G13="",G13="Đã nghỉ"),0,COUNTIF($H13:$AL13,"N1")/2++IF(AND(LEN(H13)>2,OR(LEFT(H13,2)="N1",RIGHT(H13,2)="N1")),0.5)+IF(AND(LEN(I13)>2,OR(LEFT(I13,2)="N1",RIGHT(I13,2)="N1")),0.5)+IF(AND(LEN(J13)>2,OR(LEFT(J13,2)="N1",RIGHT(J13,2)="N1")),0.5)+IF(AND(LEN(K13)>2,OR(LEFT(K13,2)="N1",RIGHT(K13,2)="N1")),0.5)+IF(AND(LEN(L13)>2,OR(LEFT(L13,2)="N1",RIGHT(L13,2)="N1")),0.5)+IF(AND(LEN(M13)>2,OR(LEFT(M13,2)="N1",RIGHT(M13,2)="N1")),0.5)+IF(AND(LEN(N13)>2,OR(LEFT(N13,2)="N1",RIGHT(N13,2)="N1")),0.5)+IF(AND(LEN(O13)>2,OR(LEFT(O13,2)="N1",RIGHT(O13,2)="N1")),0.5)+IF(AND(LEN(P13)>2,OR(LEFT(P13,2)="N1",RIGHT(P13,2)="N1")),0.5)+IF(AND(LEN(Q13)>2,OR(LEFT(Q13,2)="N1",RIGHT(Q13,2)="N1")),0.5)+IF(AND(LEN(R13)>2,OR(LEFT(R13,2)="N1",RIGHT(R13,2)="N1")),0.5)+IF(AND(LEN(S13)>2,OR(LEFT(S13,2)="N1",RIGHT(S13,2)="N1")),0.5)+IF(AND(LEN(T13)>2,OR(LEFT(T13,2)="N1",RIGHT(T13,2)="N1")),0.5)+IF(AND(LEN(U13)>2,OR(LEFT(U13,2)="N1",RIGHT(U13,2)="N1")),0.5)+IF(AND(LEN(V13)>2,OR(LEFT(V13,2)="N1",RIGHT(V13,2)="N1")),0.5)+IF(AND(LEN(W13)>2,OR(LEFT(W13,2)="N1",RIGHT(W13,2)="N1")),0.5)+IF(AND(LEN(X13)>2,OR(LEFT(X13,2)="N1",RIGHT(X13,2)="N1")),0.5)+IF(AND(LEN(Y13)>2,OR(LEFT(Y13,2)="N1",RIGHT(Y13,2)="N1")),0.5)+IF(AND(LEN(Z13)>2,OR(LEFT(Z13,2)="N1",RIGHT(Z13,2)="N1")),0.5)+IF(AND(LEN(AA13)>2,OR(LEFT(AA13,2)="N1",RIGHT(AA13,2)="N1")),0.5)+IF(AND(LEN(AB13)>2,OR(LEFT(AB13,2)="N1",RIGHT(AB13,2)="N1")),0.5)+IF(AND(LEN(AC13)>2,OR(LEFT(AC13,2)="N1",RIGHT(AC13,2)="N1")),0.5)+IF(AND(LEN(AD13)>2,OR(LEFT(AD13,2)="N1",RIGHT(AD13,2)="N1")),0.5)+IF(AND(LEN(AE13)>2,OR(LEFT(AE13,2)="N1",RIGHT(AE13,2)="N1")),0.5)+IF(AND(LEN(AF13)>2,OR(LEFT(AF13,2)="N1",RIGHT(AF13,2)="N1")),0.5)+IF(AND(LEN(AG13)>2,OR(LEFT(AG13,2)="N1",RIGHT(AG13,2)="N1")),0.5)+IF(AND(LEN(AH13)>2,OR(LEFT(AH13,2)="N1",RIGHT(AH13,2)="N1")),0.5)+IF(AND(LEN(AI13)>2,OR(LEFT(AI13,2)="N1",RIGHT(AI13,2)="N1")),0.5)+IF(AND(LEN(AJ13)>2,OR(LEFT(AJ13,2)="N1",RIGHT(AJ13,2)="N1")),0.5)+IF(AND(LEN(AK13)>2,OR(LEFT(AK13,2)="N1",RIGHT(AK13,2)="N1")),0.5)+IF(AND(LEN(AL13)>2,OR(LEFT(AL13,2)="N1",RIGHT(AL13,2)="N1")),0.5)) -> 0 | AO13: =COUNTIF(H13:AL13,"ON")+COUNTIF(H13:AL13,"ON/2")/2 -> 0 | AP13: =IF(F13="","",COUNTIF($H13:$AL13,AP$8))+IF(F13="","",COUNTIF($H13:$AL13,$V$5)/2) -> 0 | AQ13: 1 | AR13: =IF(G13="","",AM13+AN13+AP13+AQ13) -> 20 | AS13: =IF(F13="","",COUNTIF($H13:$AL13,AS$8))++IF(F13="","",COUNTIF($H13:$AL13,"L1")/2) -> 2 | AT13: =AU13-AR13-AS13 -> 0 | AU13: 22
A14: =SUBTOTAL(3,$F$11:F14) -> 4 | B14: MS06 | C14: Giáo viên | D14: Giáo viên nước ngoài | F14: Eugene | G14: Chính Thức | H14: N1 | I14: N1 | J14: N1 | M14: N1 | N14: N1 | O14: N1 | P14: N1 | Q14: N1 | T14: N1 | U14: N1 | V14: K | W14: N1 | X14: N1 | AA14: N1 | AB14: K | AC14: N1 | AD14: K | AE14: N1 | AH14: L | AI14: K | AJ14: N1 | AK14: L | AM14: =IF(F14="","",COUNTIF($H14:$AL14,AM$8)) -> 0 | AN14: =IF(OR(G14="",G14="Đã nghỉ"),0,COUNTIF($H14:$AL14,"N1")/2++IF(AND(LEN(H14)>2,OR(LEFT(H14,2)="N1",RIGHT(H14,2)="N1")),0.5)+IF(AND(LEN(I14)>2,OR(LEFT(I14,2)="N1",RIGHT(I14,2)="N1")),0.5)+IF(AND(LEN(J14)>2,OR(LEFT(J14,2)="N1",RIGHT(J14,2)="N1")),0.5)+IF(AND(LEN(K14)>2,OR(LEFT(K14,2)="N1",RIGHT(K14,2)="N1")),0.5)+IF(AND(LEN(L14)>2,OR(LEFT(L14,2)="N1",RIGHT(L14,2)="N1")),0.5)+IF(AND(LEN(M14)>2,OR(LEFT(M14,2)="N1",RIGHT(M14,2)="N1")),0.5)+IF(AND(LEN(N14)>2,OR(LEFT(N14,2)="N1",RIGHT(N14,2)="N1")),0.5)+IF(AND(LEN(O14)>2,OR(LEFT(O14,2)="N1",RIGHT(O14,2)="N1")),0.5)+IF(AND(LEN(P14)>2,OR(LEFT(P14,2)="N1",RIGHT(P14,2)="N1")),0.5)+IF(AND(LEN(Q14)>2,OR(LEFT(Q14,2)="N1",RIGHT(Q14,2)="N1")),0.5)+IF(AND(LEN(R14)>2,OR(LEFT(R14,2)="N1",RIGHT(R14,2)="N1")),0.5)+IF(AND(LEN(S14)>2,OR(LEFT(S14,2)="N1",RIGHT(S14,2)="N1")),0.5)+IF(AND(LEN(T14)>2,OR(LEFT(T14,2)="N1",RIGHT(T14,2)="N1")),0.5)+IF(AND(LEN(U14)>2,OR(LEFT(U14,2)="N1",RIGHT(U14,2)="N1")),0.5)+IF(AND(LEN(V14)>2,OR(LEFT(V14,2)="N1",RIGHT(V14,2)="N1")),0.5)+IF(AND(LEN(W14)>2,OR(LEFT(W14,2)="N1",RIGHT(W14,2)="N1")),0.5)+IF(AND(LEN(X14)>2,OR(LEFT(X14,2)="N1",RIGHT(X14,2)="N1")),0.5)+IF(AND(LEN(Y14)>2,OR(LEFT(Y14,2)="N1",RIGHT(Y14,2)="N1")),0.5)+IF(AND(LEN(Z14)>2,OR(LEFT(Z14,2)="N1",RIGHT(Z14,2)="N1")),0.5)+IF(AND(LEN(AA14)>2,OR(LEFT(AA14,2)="N1",RIGHT(AA14,2)="N1")),0.5)+IF(AND(LEN(AB14)>2,OR(LEFT(AB14,2)="N1",RIGHT(AB14,2)="N1")),0.5)+IF(AND(LEN(AC14)>2,OR(LEFT(AC14,2)="N1",RIGHT(AC14,2)="N1")),0.5)+IF(AND(LEN(AD14)>2,OR(LEFT(AD14,2)="N1",RIGHT(AD14,2)="N1")),0.5)+IF(AND(LEN(AE14)>2,OR(LEFT(AE14,2)="N1",RIGHT(AE14,2)="N1")),0.5)+IF(AND(LEN(AF14)>2,OR(LEFT(AF14,2)="N1",RIGHT(AF14,2)="N1")),0.5)+IF(AND(LEN(AG14)>2,OR(LEFT(AG14,2)="N1",RIGHT(AG14,2)="N1")),0.5)+IF(AND(LEN(AH14)>2,OR(LEFT(AH14,2)="N1",RIGHT(AH14,2)="N1")),0.5)+IF(AND(LEN(AI14)>2,OR(LEFT(AI14,2)="N1",RIGHT(AI14,2)="N1")),0.5)+IF(AND(LEN(AJ14)>2,OR(LEFT(AJ14,2)="N1",RIGHT(AJ14,2)="N1")),0.5)+IF(AND(LEN(AK14)>2,OR(LEFT(AK14,2)="N1",RIGHT(AK14,2)="N1")),0.5)+IF(AND(LEN(AL14)>2,OR(LEFT(AL14,2)="N1",RIGHT(AL14,2)="N1")),0.5)) -> 8 | AO14: =COUNTIF(H14:AL14,"ON")+COUNTIF(H14:AL14,"ON/2")/2 -> 0 | AP14: =IF(F14="","",COUNTIF($H14:$AL14,AP$8))+IF(F14="","",COUNTIF($H14:$AL14,$V$5)/2) -> 0 | AQ14: 0 | AR14: =IF(G14="","",AM14+AN14+AP14+AQ14) -> 8 | AS14: =IF(F14="","",COUNTIF($H14:$AL14,AS$8))++IF(F14="","",COUNTIF($H14:$AL14,"L1")/2) -> 2 | AT14: =AU14-AR14-AS14 -> 12 | AU14: 22
A15: =SUBTOTAL(3,$F$11:F15) -> 5 | B15: MS16 | C15: Vận hành | D15: Kế toán | F15: Phạm Thị Hương Thuỷ | G15: Thử Việc | M15: X | N15: X | O15: X | P15: X | Q15: X | T15: X | U15: X | V15: X | W15: X | X15: X | AA15: X | AB15: X | AC15: X | AD15: X | AE15: X | AH15: K | AI15: X | AJ15: X | AK15: K | AM15: =IF(F15="","",COUNTIF($H15:$AL15,AM$8)) -> 17 | AN15: =IF(OR(G15="",G15="Đã nghỉ"),0,COUNTIF($H15:$AL15,"N1")/2++IF(AND(LEN(H15)>2,OR(LEFT(H15,2)="N1",RIGHT(H15,2)="N1")),0.5)+IF(AND(LEN(I15)>2,OR(LEFT(I15,2)="N1",RIGHT(I15,2)="N1")),0.5)+IF(AND(LEN(J15)>2,OR(LEFT(J15,2)="N1",RIGHT(J15,2)="N1")),0.5)+IF(AND(LEN(K15)>2,OR(LEFT(K15,2)="N1",RIGHT(K15,2)="N1")),0.5)+IF(AND(LEN(L15)>2,OR(LEFT(L15,2)="N1",RIGHT(L15,2)="N1")),0.5)+IF(AND(LEN(M15)>2,OR(LEFT(M15,2)="N1",RIGHT(M15,2)="N1")),0.5)+IF(AND(LEN(N15)>2,OR(LEFT(N15,2)="N1",RIGHT(N15,2)="N1")),0.5)+IF(AND(LEN(O15)>2,OR(LEFT(O15,2)="N1",RIGHT(O15,2)="N1")),0.5)+IF(AND(LEN(P15)>2,OR(LEFT(P15,2)="N1",RIGHT(P15,2)="N1")),0.5)+IF(AND(LEN(Q15)>2,OR(LEFT(Q15,2)="N1",RIGHT(Q15,2)="N1")),0.5)+IF(AND(LEN(R15)>2,OR(LEFT(R15,2)="N1",RIGHT(R15,2)="N1")),0.5)+IF(AND(LEN(S15)>2,OR(LEFT(S15,2)="N1",RIGHT(S15,2)="N1")),0.5)+IF(AND(LEN(T15)>2,OR(LEFT(T15,2)="N1",RIGHT(T15,2)="N1")),0.5)+IF(AND(LEN(U15)>2,OR(LEFT(U15,2)="N1",RIGHT(U15,2)="N1")),0.5)+IF(AND(LEN(V15)>2,OR(LEFT(V15,2)="N1",RIGHT(V15,2)="N1")),0.5)+IF(AND(LEN(W15)>2,OR(LEFT(W15,2)="N1",RIGHT(W15,2)="N1")),0.5)+IF(AND(LEN(X15)>2,OR(LEFT(X15,2)="N1",RIGHT(X15,2)="N1")),0.5)+IF(AND(LEN(Y15)>2,OR(LEFT(Y15,2)="N1",RIGHT(Y15,2)="N1")),0.5)+IF(AND(LEN(Z15)>2,OR(LEFT(Z15,2)="N1",RIGHT(Z15,2)="N1")),0.5)+IF(AND(LEN(AA15)>2,OR(LEFT(AA15,2)="N1",RIGHT(AA15,2)="N1")),0.5)+IF(AND(LEN(AB15)>2,OR(LEFT(AB15,2)="N1",RIGHT(AB15,2)="N1")),0.5)+IF(AND(LEN(AC15)>2,OR(LEFT(AC15,2)="N1",RIGHT(AC15,2)="N1")),0.5)+IF(AND(LEN(AD15)>2,OR(LEFT(AD15,2)="N1",RIGHT(AD15,2)="N1")),0.5)+IF(AND(LEN(AE15)>2,OR(LEFT(AE15,2)="N1",RIGHT(AE15,2)="N1")),0.5)+IF(AND(LEN(AF15)>2,OR(LEFT(AF15,2)="N1",RIGHT(AF15,2)="N1")),0.5)+IF(AND(LEN(AG15)>2,OR(LEFT(AG15,2)="N1",RIGHT(AG15,2)="N1")),0.5)+IF(AND(LEN(AH15)>2,OR(LEFT(AH15,2)="N1",RIGHT(AH15,2)="N1")),0.5)+IF(AND(LEN(AI15)>2,OR(LEFT(AI15,2)="N1",RIGHT(AI15,2)="N1")),0.5)+IF(AND(LEN(AJ15)>2,OR(LEFT(AJ15,2)="N1",RIGHT(AJ15,2)="N1")),0.5)+IF(AND(LEN(AK15)>2,OR(LEFT(AK15,2)="N1",RIGHT(AK15,2)="N1")),0.5)+IF(AND(LEN(AL15)>2,OR(LEFT(AL15,2)="N1",RIGHT(AL15,2)="N1")),0.5)) -> 0 | AO15: =COUNTIF(H15:AL15,"ON")+COUNTIF(H15:AL15,"ON/2")/2 -> 0 | AP15: =IF(F15="","",COUNTIF($H15:$AL15,AP$8))+IF(F15="","",COUNTIF($H15:$AL15,$V$5)/2) -> 0 | AQ15: 0 | AR15: =IF(G15="","",AM15+AN15+AP15+AQ15) -> 17 | AS15: =IF(F15="","",COUNTIF($H15:$AL15,AS$8))++IF(F15="","",COUNTIF($H15:$AL15,"L1")/2) -> 0 | AT15: =AU15-AR15-AS15 -> 5 | AU15: 22
A16: =SUBTOTAL(3,$F$11:F16) -> 6 | B16: MS09 | C16: BGH | D16: Quản lý chương trình TA | F16: Nguyễn Thị Thu | G16: Chính Thức | H16: X | I16: X | J16: X | M16: X | N16: X | O16: X | P16: X | Q16: X | T16: X | U16: X | V16: X | W16: X | X16: X | AA16: X | AB16: X | AC16: X | AD16: X | AE16: X | AH16: L | AI16: X | AJ16: X | AK16: L | AM16: =IF(F16="","",COUNTIF($H16:$AL16,AM$8)) -> 20 | AN16: =IF(OR(G16="",G16="Đã nghỉ"),0,COUNTIF($H16:$AL16,"N1")/2++IF(AND(LEN(H16)>2,OR(LEFT(H16,2)="N1",RIGHT(H16,2)="N1")),0.5)+IF(AND(LEN(I16)>2,OR(LEFT(I16,2)="N1",RIGHT(I16,2)="N1")),0.5)+IF(AND(LEN(J16)>2,OR(LEFT(J16,2)="N1",RIGHT(J16,2)="N1")),0.5)+IF(AND(LEN(K16)>2,OR(LEFT(K16,2)="N1",RIGHT(K16,2)="N1")),0.5)+IF(AND(LEN(L16)>2,OR(LEFT(L16,2)="N1",RIGHT(L16,2)="N1")),0.5)+IF(AND(LEN(M16)>2,OR(LEFT(M16,2)="N1",RIGHT(M16,2)="N1")),0.5)+IF(AND(LEN(N16)>2,OR(LEFT(N16,2)="N1",RIGHT(N16,2)="N1")),0.5)+IF(AND(LEN(O16)>2,OR(LEFT(O16,2)="N1",RIGHT(O16,2)="N1")),0.5)+IF(AND(LEN(P16)>2,OR(LEFT(P16,2)="N1",RIGHT(P16,2)="N1")),0.5)+IF(AND(LEN(Q16)>2,OR(LEFT(Q16,2)="N1",RIGHT(Q16,2)="N1")),0.5)+IF(AND(LEN(R16)>2,OR(LEFT(R16,2)="N1",RIGHT(R16,2)="N1")),0.5)+IF(AND(LEN(S16)>2,OR(LEFT(S16,2)="N1",RIGHT(S16,2)="N1")),0.5)+IF(AND(LEN(T16)>2,OR(LEFT(T16,2)="N1",RIGHT(T16,2)="N1")),0.5)+IF(AND(LEN(U16)>2,OR(LEFT(U16,2)="N1",RIGHT(U16,2)="N1")),0.5)+IF(AND(LEN(V16)>2,OR(LEFT(V16,2)="N1",RIGHT(V16,2)="N1")),0.5)+IF(AND(LEN(W16)>2,OR(LEFT(W16,2)="N1",RIGHT(W16,2)="N1")),0.5)+IF(AND(LEN(X16)>2,OR(LEFT(X16,2)="N1",RIGHT(X16,2)="N1")),0.5)+IF(AND(LEN(Y16)>2,OR(LEFT(Y16,2)="N1",RIGHT(Y16,2)="N1")),0.5)+IF(AND(LEN(Z16)>2,OR(LEFT(Z16,2)="N1",RIGHT(Z16,2)="N1")),0.5)+IF(AND(LEN(AA16)>2,OR(LEFT(AA16,2)="N1",RIGHT(AA16,2)="N1")),0.5)+IF(AND(LEN(AB16)>2,OR(LEFT(AB16,2)="N1",RIGHT(AB16,2)="N1")),0.5)+IF(AND(LEN(AC16)>2,OR(LEFT(AC16,2)="N1",RIGHT(AC16,2)="N1")),0.5)+IF(AND(LEN(AD16)>2,OR(LEFT(AD16,2)="N1",RIGHT(AD16,2)="N1")),0.5)+IF(AND(LEN(AE16)>2,OR(LEFT(AE16,2)="N1",RIGHT(AE16,2)="N1")),0.5)+IF(AND(LEN(AF16)>2,OR(LEFT(AF16,2)="N1",RIGHT(AF16,2)="N1")),0.5)+IF(AND(LEN(AG16)>2,OR(LEFT(AG16,2)="N1",RIGHT(AG16,2)="N1")),0.5)+IF(AND(LEN(AH16)>2,OR(LEFT(AH16,2)="N1",RIGHT(AH16,2)="N1")),0.5)+IF(AND(LEN(AI16)>2,OR(LEFT(AI16,2)="N1",RIGHT(AI16,2)="N1")),0.5)+IF(AND(LEN(AJ16)>2,OR(LEFT(AJ16,2)="N1",RIGHT(AJ16,2)="N1")),0.5)+IF(AND(LEN(AK16)>2,OR(LEFT(AK16,2)="N1",RIGHT(AK16,2)="N1")),0.5)+IF(AND(LEN(AL16)>2,OR(LEFT(AL16,2)="N1",RIGHT(AL16,2)="N1")),0.5)) -> 0 | AO16: =COUNTIF(H16:AL16,"ON")+COUNTIF(H16:AL16,"ON/2")/2 -> 0 | AP16: =IF(F16="","",COUNTIF($H16:$AL16,AP$8))+IF(F16="","",COUNTIF($H16:$AL16,$V$5)/2) -> 0 | AQ16: 0 | AR16: =IF(G16="","",AM16+AN16+AP16+AQ16) -> 20 | AS16: =IF(F16="","",COUNTIF($H16:$AL16,AS$8))++IF(F16="","",COUNTIF($H16:$AL16,"L1")/2) -> 2 | AT16: =AU16-AR16-AS16 -> 0 | AU16: 22
A17: =SUBTOTAL(3,$F$11:F17) -> 7 | B17: MS02 | C17: BGH | D17: Hiệu trưởng kiêm nhiệm | F17: Bùi Thanh Anh | G17: Chính Thức | H17: X | I17: X | J17: X | M17: X | N17: X | O17: X | P17: X | Q17: X | T17: X | U17: X | V17: X | W17: X | X17: X | AA17: X | AB17: X | AC17: X | AD17: X | AE17: X | AH17: L | AI17: X | AJ17: X | AK17: L | AM17: =IF(F17="","",COUNTIF($H17:$AL17,AM$8)) -> 20 | AN17: =IF(OR(G17="",G17="Đã nghỉ"),0,COUNTIF($H17:$AL17,"N1")/2++IF(AND(LEN(H17)>2,OR(LEFT(H17,2)="N1",RIGHT(H17,2)="N1")),0.5)+IF(AND(LEN(I17)>2,OR(LEFT(I17,2)="N1",RIGHT(I17,2)="N1")),0.5)+IF(AND(LEN(J17)>2,OR(LEFT(J17,2)="N1",RIGHT(J17,2)="N1")),0.5)+IF(AND(LEN(K17)>2,OR(LEFT(K17,2)="N1",RIGHT(K17,2)="N1")),0.5)+IF(AND(LEN(L17)>2,OR(LEFT(L17,2)="N1",RIGHT(L17,2)="N1")),0.5)+IF(AND(LEN(M17)>2,OR(LEFT(M17,2)="N1",RIGHT(M17,2)="N1")),0.5)+IF(AND(LEN(N17)>2,OR(LEFT(N17,2)="N1",RIGHT(N17,2)="N1")),0.5)+IF(AND(LEN(O17)>2,OR(LEFT(O17,2)="N1",RIGHT(O17,2)="N1")),0.5)+IF(AND(LEN(P17)>2,OR(LEFT(P17,2)="N1",RIGHT(P17,2)="N1")),0.5)+IF(AND(LEN(Q17)>2,OR(LEFT(Q17,2)="N1",RIGHT(Q17,2)="N1")),0.5)+IF(AND(LEN(R17)>2,OR(LEFT(R17,2)="N1",RIGHT(R17,2)="N1")),0.5)+IF(AND(LEN(S17)>2,OR(LEFT(S17,2)="N1",RIGHT(S17,2)="N1")),0.5)+IF(AND(LEN(T17)>2,OR(LEFT(T17,2)="N1",RIGHT(T17,2)="N1")),0.5)+IF(AND(LEN(U17)>2,OR(LEFT(U17,2)="N1",RIGHT(U17,2)="N1")),0.5)+IF(AND(LEN(V17)>2,OR(LEFT(V17,2)="N1",RIGHT(V17,2)="N1")),0.5)+IF(AND(LEN(W17)>2,OR(LEFT(W17,2)="N1",RIGHT(W17,2)="N1")),0.5)+IF(AND(LEN(X17)>2,OR(LEFT(X17,2)="N1",RIGHT(X17,2)="N1")),0.5)+IF(AND(LEN(Y17)>2,OR(LEFT(Y17,2)="N1",RIGHT(Y17,2)="N1")),0.5)+IF(AND(LEN(Z17)>2,OR(LEFT(Z17,2)="N1",RIGHT(Z17,2)="N1")),0.5)+IF(AND(LEN(AA17)>2,OR(LEFT(AA17,2)="N1",RIGHT(AA17,2)="N1")),0.5)+IF(AND(LEN(AB17)>2,OR(LEFT(AB17,2)="N1",RIGHT(AB17,2)="N1")),0.5)+IF(AND(LEN(AC17)>2,OR(LEFT(AC17,2)="N1",RIGHT(AC17,2)="N1")),0.5)+IF(AND(LEN(AD17)>2,OR(LEFT(AD17,2)="N1",RIGHT(AD17,2)="N1")),0.5)+IF(AND(LEN(AE17)>2,OR(LEFT(AE17,2)="N1",RIGHT(AE17,2)="N1")),0.5)+IF(AND(LEN(AF17)>2,OR(LEFT(AF17,2)="N1",RIGHT(AF17,2)="N1")),0.5)+IF(AND(LEN(AG17)>2,OR(LEFT(AG17,2)="N1",RIGHT(AG17,2)="N1")),0.5)+IF(AND(LEN(AH17)>2,OR(LEFT(AH17,2)="N1",RIGHT(AH17,2)="N1")),0.5)+IF(AND(LEN(AI17)>2,OR(LEFT(AI17,2)="N1",RIGHT(AI17,2)="N1")),0.5)+IF(AND(LEN(AJ17)>2,OR(LEFT(AJ17,2)="N1",RIGHT(AJ17,2)="N1")),0.5)+IF(AND(LEN(AK17)>2,OR(LEFT(AK17,2)="N1",RIGHT(AK17,2)="N1")),0.5)+IF(AND(LEN(AL17)>2,OR(LEFT(AL17,2)="N1",RIGHT(AL17,2)="N1")),0.5)) -> 0 | AO17: =COUNTIF(H17:AL17,"ON")+COUNTIF(H17:AL17,"ON/2")/2 -> 0 | AP17: =IF(F17="","",COUNTIF($H17:$AL17,AP$8))+IF(F17="","",COUNTIF($H17:$AL17,$V$5)/2) -> 0 | AQ17: 0 | AR17: =IF(G17="","",AM17+AN17+AP17+AQ17) -> 20 | AS17: =IF(F17="","",COUNTIF($H17:$AL17,AS$8))++IF(F17="","",COUNTIF($H17:$AL17,"L1")/2) -> 2 | AT17: =AU17-AR17-AS17 -> 0 | AU17: 22
A18: =SUBTOTAL(3,$F$11:F18) -> 8 | B18: MS11 | C18: Giáo viên | D18: Giáo viên mầm non | F18: Phùng Thị Lụa | G18: Chính Thức | H18: X | I18: X | J18: X | M18: X | N18: X | O18: X | P18: X | Q18: X | T18: X | U18: X | V18: X | W18: X | X18: X | AA18: X | AB18: X | AC18: X | AD18: X | AE18: X | AH18: L | AI18: X | AJ18: X | AK18: L | AM18: =IF(F18="","",COUNTIF($H18:$AL18,AM$8)) -> 20 | AN18: =IF(OR(G18="",G18="Đã nghỉ"),0,COUNTIF($H18:$AL18,"N1")/2++IF(AND(LEN(H18)>2,OR(LEFT(H18,2)="N1",RIGHT(H18,2)="N1")),0.5)+IF(AND(LEN(I18)>2,OR(LEFT(I18,2)="N1",RIGHT(I18,2)="N1")),0.5)+IF(AND(LEN(J18)>2,OR(LEFT(J18,2)="N1",RIGHT(J18,2)="N1")),0.5)+IF(AND(LEN(K18)>2,OR(LEFT(K18,2)="N1",RIGHT(K18,2)="N1")),0.5)+IF(AND(LEN(L18)>2,OR(LEFT(L18,2)="N1",RIGHT(L18,2)="N1")),0.5)+IF(AND(LEN(M18)>2,OR(LEFT(M18,2)="N1",RIGHT(M18,2)="N1")),0.5)+IF(AND(LEN(N18)>2,OR(LEFT(N18,2)="N1",RIGHT(N18,2)="N1")),0.5)+IF(AND(LEN(O18)>2,OR(LEFT(O18,2)="N1",RIGHT(O18,2)="N1")),0.5)+IF(AND(LEN(P18)>2,OR(LEFT(P18,2)="N1",RIGHT(P18,2)="N1")),0.5)+IF(AND(LEN(Q18)>2,OR(LEFT(Q18,2)="N1",RIGHT(Q18,2)="N1")),0.5)+IF(AND(LEN(R18)>2,OR(LEFT(R18,2)="N1",RIGHT(R18,2)="N1")),0.5)+IF(AND(LEN(S18)>2,OR(LEFT(S18,2)="N1",RIGHT(S18,2)="N1")),0.5)+IF(AND(LEN(T18)>2,OR(LEFT(T18,2)="N1",RIGHT(T18,2)="N1")),0.5)+IF(AND(LEN(U18)>2,OR(LEFT(U18,2)="N1",RIGHT(U18,2)="N1")),0.5)+IF(AND(LEN(V18)>2,OR(LEFT(V18,2)="N1",RIGHT(V18,2)="N1")),0.5)+IF(AND(LEN(W18)>2,OR(LEFT(W18,2)="N1",RIGHT(W18,2)="N1")),0.5)+IF(AND(LEN(X18)>2,OR(LEFT(X18,2)="N1",RIGHT(X18,2)="N1")),0.5)+IF(AND(LEN(Y18)>2,OR(LEFT(Y18,2)="N1",RIGHT(Y18,2)="N1")),0.5)+IF(AND(LEN(Z18)>2,OR(LEFT(Z18,2)="N1",RIGHT(Z18,2)="N1")),0.5)+IF(AND(LEN(AA18)>2,OR(LEFT(AA18,2)="N1",RIGHT(AA18,2)="N1")),0.5)+IF(AND(LEN(AB18)>2,OR(LEFT(AB18,2)="N1",RIGHT(AB18,2)="N1")),0.5)+IF(AND(LEN(AC18)>2,OR(LEFT(AC18,2)="N1",RIGHT(AC18,2)="N1")),0.5)+IF(AND(LEN(AD18)>2,OR(LEFT(AD18,2)="N1",RIGHT(AD18,2)="N1")),0.5)+IF(AND(LEN(AE18)>2,OR(LEFT(AE18,2)="N1",RIGHT(AE18,2)="N1")),0.5)+IF(AND(LEN(AF18)>2,OR(LEFT(AF18,2)="N1",RIGHT(AF18,2)="N1")),0.5)+IF(AND(LEN(AG18)>2,OR(LEFT(AG18,2)="N1",RIGHT(AG18,2)="N1")),0.5)+IF(AND(LEN(AH18)>2,OR(LEFT(AH18,2)="N1",RIGHT(AH18,2)="N1")),0.5)+IF(AND(LEN(AI18)>2,OR(LEFT(AI18,2)="N1",RIGHT(AI18,2)="N1")),0.5)+IF(AND(LEN(AJ18)>2,OR(LEFT(AJ18,2)="N1",RIGHT(AJ18,2)="N1")),0.5)+IF(AND(LEN(AK18)>2,OR(LEFT(AK18,2)="N1",RIGHT(AK18,2)="N1")),0.5)+IF(AND(LEN(AL18)>2,OR(LEFT(AL18,2)="N1",RIGHT(AL18,2)="N1")),0.5)) -> 0 | AO18: =COUNTIF(H18:AL18,"ON")+COUNTIF(H18:AL18,"ON/2")/2 -> 0 | AP18: =IF(F18="","",COUNTIF($H18:$AL18,AP$8))+IF(F18="","",COUNTIF($H18:$AL18,$V$5)/2) -> 0 | AQ18: 0 | AR18: =IF(G18="","",AM18+AN18+AP18+AQ18) -> 20 | AS18: =IF(F18="","",COUNTIF($H18:$AL18,AS$8))++IF(F18="","",COUNTIF($H18:$AL18,"L1")/2) -> 2 | AT18: =AU18-AR18-AS18 -> 0 | AU18: 22
A19: =SUBTOTAL(3,$F$11:F19) -> 9 | B19: MS12 | C19: Vận hành | D19: HK | F19: Đinh Thị Bích Ngọc | G19: Chính Thức | H19: X | I19: X | J19: X | M19: X | N19: X | O19: X | P19: X | Q19: X | T19: X | U19: X | V19: X | W19: X | X19: X | AA19: X | AB19: X | AC19: X | AD19: X | AE19: X | AH19: L | AI19: X | AJ19: X | AK19: L | AM19: =IF(F19="","",COUNTIF($H19:$AL19,AM$8)) -> 20 | AN19: =IF(OR(G19="",G19="Đã nghỉ"),0,COUNTIF($H19:$AL19,"N1")/2++IF(AND(LEN(H19)>2,OR(LEFT(H19,2)="N1",RIGHT(H19,2)="N1")),0.5)+IF(AND(LEN(I19)>2,OR(LEFT(I19,2)="N1",RIGHT(I19,2)="N1")),0.5)+IF(AND(LEN(J19)>2,OR(LEFT(J19,2)="N1",RIGHT(J19,2)="N1")),0.5)+IF(AND(LEN(K19)>2,OR(LEFT(K19,2)="N1",RIGHT(K19,2)="N1")),0.5)+IF(AND(LEN(L19)>2,OR(LEFT(L19,2)="N1",RIGHT(L19,2)="N1")),0.5)+IF(AND(LEN(M19)>2,OR(LEFT(M19,2)="N1",RIGHT(M19,2)="N1")),0.5)+IF(AND(LEN(N19)>2,OR(LEFT(N19,2)="N1",RIGHT(N19,2)="N1")),0.5)+IF(AND(LEN(O19)>2,OR(LEFT(O19,2)="N1",RIGHT(O19,2)="N1")),0.5)+IF(AND(LEN(P19)>2,OR(LEFT(P19,2)="N1",RIGHT(P19,2)="N1")),0.5)+IF(AND(LEN(Q19)>2,OR(LEFT(Q19,2)="N1",RIGHT(Q19,2)="N1")),0.5)+IF(AND(LEN(R19)>2,OR(LEFT(R19,2)="N1",RIGHT(R19,2)="N1")),0.5)+IF(AND(LEN(S19)>2,OR(LEFT(S19,2)="N1",RIGHT(S19,2)="N1")),0.5)+IF(AND(LEN(T19)>2,OR(LEFT(T19,2)="N1",RIGHT(T19,2)="N1")),0.5)+IF(AND(LEN(U19)>2,OR(LEFT(U19,2)="N1",RIGHT(U19,2)="N1")),0.5)+IF(AND(LEN(V19)>2,OR(LEFT(V19,2)="N1",RIGHT(V19,2)="N1")),0.5)+IF(AND(LEN(W19)>2,OR(LEFT(W19,2)="N1",RIGHT(W19,2)="N1")),0.5)+IF(AND(LEN(X19)>2,OR(LEFT(X19,2)="N1",RIGHT(X19,2)="N1")),0.5)+IF(AND(LEN(Y19)>2,OR(LEFT(Y19,2)="N1",RIGHT(Y19,2)="N1")),0.5)+IF(AND(LEN(Z19)>2,OR(LEFT(Z19,2)="N1",RIGHT(Z19,2)="N1")),0.5)+IF(AND(LEN(AA19)>2,OR(LEFT(AA19,2)="N1",RIGHT(AA19,2)="N1")),0.5)+IF(AND(LEN(AB19)>2,OR(LEFT(AB19,2)="N1",RIGHT(AB19,2)="N1")),0.5)+IF(AND(LEN(AC19)>2,OR(LEFT(AC19,2)="N1",RIGHT(AC19,2)="N1")),0.5)+IF(AND(LEN(AD19)>2,OR(LEFT(AD19,2)="N1",RIGHT(AD19,2)="N1")),0.5)+IF(AND(LEN(AE19)>2,OR(LEFT(AE19,2)="N1",RIGHT(AE19,2)="N1")),0.5)+IF(AND(LEN(AF19)>2,OR(LEFT(AF19,2)="N1",RIGHT(AF19,2)="N1")),0.5)+IF(AND(LEN(AG19)>2,OR(LEFT(AG19,2)="N1",RIGHT(AG19,2)="N1")),0.5)+IF(AND(LEN(AH19)>2,OR(LEFT(AH19,2)="N1",RIGHT(AH19,2)="N1")),0.5)+IF(AND(LEN(AI19)>2,OR(LEFT(AI19,2)="N1",RIGHT(AI19,2)="N1")),0.5)+IF(AND(LEN(AJ19)>2,OR(LEFT(AJ19,2)="N1",RIGHT(AJ19,2)="N1")),0.5)+IF(AND(LEN(AK19)>2,OR(LEFT(AK19,2)="N1",RIGHT(AK19,2)="N1")),0.5)+IF(AND(LEN(AL19)>2,OR(LEFT(AL19,2)="N1",RIGHT(AL19,2)="N1")),0.5)) -> 0 | AO19: =COUNTIF(H19:AL19,"ON")+COUNTIF(H19:AL19,"ON/2")/2 -> 0 | AP19: =IF(F19="","",COUNTIF($H19:$AL19,AP$8))+IF(F19="","",COUNTIF($H19:$AL19,$V$5)/2) -> 0 | AQ19: 0 | AR19: =IF(G19="","",AM19+AN19+AP19+AQ19) -> 20 | AS19: =IF(F19="","",COUNTIF($H19:$AL19,AS$8))++IF(F19="","",COUNTIF($H19:$AL19,"L1")/2) -> 2 | AT19: =AU19-AR19-AS19 -> 0 | AU19: 22
A20: =SUBTOTAL(3,$F$11:F20) -> 10 | B20: MS13 | C20: Vận hành | D20: Bảo vệ | F20: Lương Văn Châm | G20: Thử Việc | H20: X | I20: X | J20: X | M20: X | N20: X | O20: X | P20: X | Q20: X | AM20: =IF(F20="","",COUNTIF($H20:$AL20,AM$8)) -> 8 | AN20: =IF(OR(G20="",G20="Đã nghỉ"),0,COUNTIF($H20:$AL20,"N1")/2++IF(AND(LEN(H20)>2,OR(LEFT(H20,2)="N1",RIGHT(H20,2)="N1")),0.5)+IF(AND(LEN(I20)>2,OR(LEFT(I20,2)="N1",RIGHT(I20,2)="N1")),0.5)+IF(AND(LEN(J20)>2,OR(LEFT(J20,2)="N1",RIGHT(J20,2)="N1")),0.5)+IF(AND(LEN(K20)>2,OR(LEFT(K20,2)="N1",RIGHT(K20,2)="N1")),0.5)+IF(AND(LEN(L20)>2,OR(LEFT(L20,2)="N1",RIGHT(L20,2)="N1")),0.5)+IF(AND(LEN(M20)>2,OR(LEFT(M20,2)="N1",RIGHT(M20,2)="N1")),0.5)+IF(AND(LEN(N20)>2,OR(LEFT(N20,2)="N1",RIGHT(N20,2)="N1")),0.5)+IF(AND(LEN(O20)>2,OR(LEFT(O20,2)="N1",RIGHT(O20,2)="N1")),0.5)+IF(AND(LEN(P20)>2,OR(LEFT(P20,2)="N1",RIGHT(P20,2)="N1")),0.5)+IF(AND(LEN(Q20)>2,OR(LEFT(Q20,2)="N1",RIGHT(Q20,2)="N1")),0.5)+IF(AND(LEN(R20)>2,OR(LEFT(R20,2)="N1",RIGHT(R20,2)="N1")),0.5)+IF(AND(LEN(S20)>2,OR(LEFT(S20,2)="N1",RIGHT(S20,2)="N1")),0.5)+IF(AND(LEN(T20)>2,OR(LEFT(T20,2)="N1",RIGHT(T20,2)="N1")),0.5)+IF(AND(LEN(U20)>2,OR(LEFT(U20,2)="N1",RIGHT(U20,2)="N1")),0.5)+IF(AND(LEN(V20)>2,OR(LEFT(V20,2)="N1",RIGHT(V20,2)="N1")),0.5)+IF(AND(LEN(W20)>2,OR(LEFT(W20,2)="N1",RIGHT(W20,2)="N1")),0.5)+IF(AND(LEN(X20)>2,OR(LEFT(X20,2)="N1",RIGHT(X20,2)="N1")),0.5)+IF(AND(LEN(Y20)>2,OR(LEFT(Y20,2)="N1",RIGHT(Y20,2)="N1")),0.5)+IF(AND(LEN(Z20)>2,OR(LEFT(Z20,2)="N1",RIGHT(Z20,2)="N1")),0.5)+IF(AND(LEN(AA20)>2,OR(LEFT(AA20,2)="N1",RIGHT(AA20,2)="N1")),0.5)+IF(AND(LEN(AB20)>2,OR(LEFT(AB20,2)="N1",RIGHT(AB20,2)="N1")),0.5)+IF(AND(LEN(AC20)>2,OR(LEFT(AC20,2)="N1",RIGHT(AC20,2)="N1")),0.5)+IF(AND(LEN(AD20)>2,OR(LEFT(AD20,2)="N1",RIGHT(AD20,2)="N1")),0.5)+IF(AND(LEN(AE20)>2,OR(LEFT(AE20,2)="N1",RIGHT(AE20,2)="N1")),0.5)+IF(AND(LEN(AF20)>2,OR(LEFT(AF20,2)="N1",RIGHT(AF20,2)="N1")),0.5)+IF(AND(LEN(AG20)>2,OR(LEFT(AG20,2)="N1",RIGHT(AG20,2)="N1")),0.5)+IF(AND(LEN(AH20)>2,OR(LEFT(AH20,2)="N1",RIGHT(AH20,2)="N1")),0.5)+IF(AND(LEN(AI20)>2,OR(LEFT(AI20,2)="N1",RIGHT(AI20,2)="N1")),0.5)+IF(AND(LEN(AJ20)>2,OR(LEFT(AJ20,2)="N1",RIGHT(AJ20,2)="N1")),0.5)+IF(AND(LEN(AK20)>2,OR(LEFT(AK20,2)="N1",RIGHT(AK20,2)="N1")),0.5)+IF(AND(LEN(AL20)>2,OR(LEFT(AL20,2)="N1",RIGHT(AL20,2)="N1")),0.5)) -> 0 | AO20: =COUNTIF(H20:AL20,"ON")+COUNTIF(H20:AL20,"ON/2")/2 -> 0 | AP20: =IF(F20="","",COUNTIF($H20:$AL20,AP$8))+IF(F20="","",COUNTIF($H20:$AL20,$V$5)/2) -> 0 | AQ20: 0 | AR20: =IF(G20="","",AM20+AN20+AP20+AQ20) -> 8 | AS20: =IF(F20="","",COUNTIF($H20:$AL20,AS$8))++IF(F20="","",COUNTIF($H20:$AL20,"L1")/2) -> 0 | AT20: =AU20-AR20-AS20 -> 0 | AU20: 8
A21: 10 | B21: MS13 | C21: Vận hành | D21: Bảo vệ | F21: Lương Văn Châm | G21: Chính Thức | T21: X | U21: X | V21: X | W21: X | X21: X | AA21: X | AB21: X | AC21: X | AD21: X | AE21: X | AH21: L | AI21: X | AJ21: X | AK21: L | AM21: =IF(F21="","",COUNTIF($H21:$AL21,AM$8)) -> 12 | AN21: =IF(OR(G21="",G21="Đã nghỉ"),0,COUNTIF($H21:$AL21,"N1")/2++IF(AND(LEN(H21)>2,OR(LEFT(H21,2)="N1",RIGHT(H21,2)="N1")),0.5)+IF(AND(LEN(I21)>2,OR(LEFT(I21,2)="N1",RIGHT(I21,2)="N1")),0.5)+IF(AND(LEN(J21)>2,OR(LEFT(J21,2)="N1",RIGHT(J21,2)="N1")),0.5)+IF(AND(LEN(K21)>2,OR(LEFT(K21,2)="N1",RIGHT(K21,2)="N1")),0.5)+IF(AND(LEN(L21)>2,OR(LEFT(L21,2)="N1",RIGHT(L21,2)="N1")),0.5)+IF(AND(LEN(M21)>2,OR(LEFT(M21,2)="N1",RIGHT(M21,2)="N1")),0.5)+IF(AND(LEN(N21)>2,OR(LEFT(N21,2)="N1",RIGHT(N21,2)="N1")),0.5)+IF(AND(LEN(O21)>2,OR(LEFT(O21,2)="N1",RIGHT(O21,2)="N1")),0.5)+IF(AND(LEN(P21)>2,OR(LEFT(P21,2)="N1",RIGHT(P21,2)="N1")),0.5)+IF(AND(LEN(Q21)>2,OR(LEFT(Q21,2)="N1",RIGHT(Q21,2)="N1")),0.5)+IF(AND(LEN(R21)>2,OR(LEFT(R21,2)="N1",RIGHT(R21,2)="N1")),0.5)+IF(AND(LEN(S21)>2,OR(LEFT(S21,2)="N1",RIGHT(S21,2)="N1")),0.5)+IF(AND(LEN(T21)>2,OR(LEFT(T21,2)="N1",RIGHT(T21,2)="N1")),0.5)+IF(AND(LEN(U21)>2,OR(LEFT(U21,2)="N1",RIGHT(U21,2)="N1")),0.5)+IF(AND(LEN(V21)>2,OR(LEFT(V21,2)="N1",RIGHT(V21,2)="N1")),0.5)+IF(AND(LEN(W21)>2,OR(LEFT(W21,2)="N1",RIGHT(W21,2)="N1")),0.5)+IF(AND(LEN(X21)>2,OR(LEFT(X21,2)="N1",RIGHT(X21,2)="N1")),0.5)+IF(AND(LEN(Y21)>2,OR(LEFT(Y21,2)="N1",RIGHT(Y21,2)="N1")),0.5)+IF(AND(LEN(Z21)>2,OR(LEFT(Z21,2)="N1",RIGHT(Z21,2)="N1")),0.5)+IF(AND(LEN(AA21)>2,OR(LEFT(AA21,2)="N1",RIGHT(AA21,2)="N1")),0.5)+IF(AND(LEN(AB21)>2,OR(LEFT(AB21,2)="N1",RIGHT(AB21,2)="N1")),0.5)+IF(AND(LEN(AC21)>2,OR(LEFT(AC21,2)="N1",RIGHT(AC21,2)="N1")),0.5)+IF(AND(LEN(AD21)>2,OR(LEFT(AD21,2)="N1",RIGHT(AD21,2)="N1")),0.5)+IF(AND(LEN(AE21)>2,OR(LEFT(AE21,2)="N1",RIGHT(AE21,2)="N1")),0.5)+IF(AND(LEN(AF21)>2,OR(LEFT(AF21,2)="N1",RIGHT(AF21,2)="N1")),0.5)+IF(AND(LEN(AG21)>2,OR(LEFT(AG21,2)="N1",RIGHT(AG21,2)="N1")),0.5)+IF(AND(LEN(AH21)>2,OR(LEFT(AH21,2)="N1",RIGHT(AH21,2)="N1")),0.5)+IF(AND(LEN(AI21)>2,OR(LEFT(AI21,2)="N1",RIGHT(AI21,2)="N1")),0.5)+IF(AND(LEN(AJ21)>2,OR(LEFT(AJ21,2)="N1",RIGHT(AJ21,2)="N1")),0.5)+IF(AND(LEN(AK21)>2,OR(LEFT(AK21,2)="N1",RIGHT(AK21,2)="N1")),0.5)+IF(AND(LEN(AL21)>2,OR(LEFT(AL21,2)="N1",RIGHT(AL21,2)="N1")),0.5)) -> 0 | AO21: =COUNTIF(H21:AL21,"ON")+COUNTIF(H21:AL21,"ON/2")/2 -> 0 | AP21: =IF(F21="","",COUNTIF($H21:$AL21,AP$8))+IF(F21="","",COUNTIF($H21:$AL21,$V$5)/2) -> 0 | AQ21: 0 | AR21: =IF(G21="","",AM21+AN21+AP21+AQ21) -> 12 | AS21: =IF(F21="","",COUNTIF($H21:$AL21,AS$8))++IF(F21="","",COUNTIF($H21:$AL21,"L1")/2) -> 2 | AT21: =AU21-AR21-AS21 -> 0 | AU21: 14
A22: 11 | B22: MS14 | C22: Vận hành | D22: Y tế | F22: Nguyễn Thị Phúc | G22: Chính Thức | H22: X | I22: X | J22: X | M22: X | N22: X | O22: X | P22: X | Q22: X | T22: X | U22: X | V22: X | W22: X | X22: X | AA22: X | AB22: X | AC22: X | AD22: X | AE22: X | AH22: L | AI22: X | AJ22: X | AK22: L | AM22: =IF(F22="","",COUNTIF($H22:$AL22,AM$8)) -> 20 | AN22: =IF(OR(G22="",G22="Đã nghỉ"),0,COUNTIF($H22:$AL22,"N1")/2++IF(AND(LEN(H22)>2,OR(LEFT(H22,2)="N1",RIGHT(H22,2)="N1")),0.5)+IF(AND(LEN(I22)>2,OR(LEFT(I22,2)="N1",RIGHT(I22,2)="N1")),0.5)+IF(AND(LEN(J22)>2,OR(LEFT(J22,2)="N1",RIGHT(J22,2)="N1")),0.5)+IF(AND(LEN(K22)>2,OR(LEFT(K22,2)="N1",RIGHT(K22,2)="N1")),0.5)+IF(AND(LEN(L22)>2,OR(LEFT(L22,2)="N1",RIGHT(L22,2)="N1")),0.5)+IF(AND(LEN(M22)>2,OR(LEFT(M22,2)="N1",RIGHT(M22,2)="N1")),0.5)+IF(AND(LEN(N22)>2,OR(LEFT(N22,2)="N1",RIGHT(N22,2)="N1")),0.5)+IF(AND(LEN(O22)>2,OR(LEFT(O22,2)="N1",RIGHT(O22,2)="N1")),0.5)+IF(AND(LEN(P22)>2,OR(LEFT(P22,2)="N1",RIGHT(P22,2)="N1")),0.5)+IF(AND(LEN(Q22)>2,OR(LEFT(Q22,2)="N1",RIGHT(Q22,2)="N1")),0.5)+IF(AND(LEN(R22)>2,OR(LEFT(R22,2)="N1",RIGHT(R22,2)="N1")),0.5)+IF(AND(LEN(S22)>2,OR(LEFT(S22,2)="N1",RIGHT(S22,2)="N1")),0.5)+IF(AND(LEN(T22)>2,OR(LEFT(T22,2)="N1",RIGHT(T22,2)="N1")),0.5)+IF(AND(LEN(U22)>2,OR(LEFT(U22,2)="N1",RIGHT(U22,2)="N1")),0.5)+IF(AND(LEN(V22)>2,OR(LEFT(V22,2)="N1",RIGHT(V22,2)="N1")),0.5)+IF(AND(LEN(W22)>2,OR(LEFT(W22,2)="N1",RIGHT(W22,2)="N1")),0.5)+IF(AND(LEN(X22)>2,OR(LEFT(X22,2)="N1",RIGHT(X22,2)="N1")),0.5)+IF(AND(LEN(Y22)>2,OR(LEFT(Y22,2)="N1",RIGHT(Y22,2)="N1")),0.5)+IF(AND(LEN(Z22)>2,OR(LEFT(Z22,2)="N1",RIGHT(Z22,2)="N1")),0.5)+IF(AND(LEN(AA22)>2,OR(LEFT(AA22,2)="N1",RIGHT(AA22,2)="N1")),0.5)+IF(AND(LEN(AB22)>2,OR(LEFT(AB22,2)="N1",RIGHT(AB22,2)="N1")),0.5)+IF(AND(LEN(AC22)>2,OR(LEFT(AC22,2)="N1",RIGHT(AC22,2)="N1")),0.5)+IF(AND(LEN(AD22)>2,OR(LEFT(AD22,2)="N1",RIGHT(AD22,2)="N1")),0.5)+IF(AND(LEN(AE22)>2,OR(LEFT(AE22,2)="N1",RIGHT(AE22,2)="N1")),0.5)+IF(AND(LEN(AF22)>2,OR(LEFT(AF22,2)="N1",RIGHT(AF22,2)="N1")),0.5)+IF(AND(LEN(AG22)>2,OR(LEFT(AG22,2)="N1",RIGHT(AG22,2)="N1")),0.5)+IF(AND(LEN(AH22)>2,OR(LEFT(AH22,2)="N1",RIGHT(AH22,2)="N1")),0.5)+IF(AND(LEN(AI22)>2,OR(LEFT(AI22,2)="N1",RIGHT(AI22,2)="N1")),0.5)+IF(AND(LEN(AJ22)>2,OR(LEFT(AJ22,2)="N1",RIGHT(AJ22,2)="N1")),0.5)+IF(AND(LEN(AK22)>2,OR(LEFT(AK22,2)="N1",RIGHT(AK22,2)="N1")),0.5)+IF(AND(LEN(AL22)>2,OR(LEFT(AL22,2)="N1",RIGHT(AL22,2)="N1")),0.5)) -> 0 | AO22: =COUNTIF(H22:AL22,"ON")+COUNTIF(H22:AL22,"ON/2")/2 -> 0 | AP22: =IF(F22="","",COUNTIF($H22:$AL22,AP$8))+IF(F22="","",COUNTIF($H22:$AL22,$V$5)/2) -> 0 | AQ22: 0 | AR22: =IF(G22="","",AM22+AN22+AP22+AQ22) -> 20 | AS22: =IF(F22="","",COUNTIF($H22:$AL22,AS$8))++IF(F22="","",COUNTIF($H22:$AL22,"L1")/2) -> 2 | AT22: =AU22-AR22-AS22 -> 0 | AU22: 22
A23: 12 | B23: MS15 | C23: Vận hành | D23: Vận hành | F23: Nguyễn Thị Thuỳ Trang | G23: Thử Việc | H23: X | I23: X | J23: X | M23: X | N23: X | O23: X | T23: X | U23: X | V23: X | W23: X | X23: X | AA23: X | AB23: X | AC23: X | AD23: X | AE23: X | AM23: =IF(F23="","",COUNTIF($H23:$AL23,AM$8)) -> 16 | AN23: =IF(OR(G23="",G23="Đã nghỉ"),0,COUNTIF($H23:$AL23,"N1")/2++IF(AND(LEN(H23)>2,OR(LEFT(H23,2)="N1",RIGHT(H23,2)="N1")),0.5)+IF(AND(LEN(I23)>2,OR(LEFT(I23,2)="N1",RIGHT(I23,2)="N1")),0.5)+IF(AND(LEN(J23)>2,OR(LEFT(J23,2)="N1",RIGHT(J23,2)="N1")),0.5)+IF(AND(LEN(K23)>2,OR(LEFT(K23,2)="N1",RIGHT(K23,2)="N1")),0.5)+IF(AND(LEN(L23)>2,OR(LEFT(L23,2)="N1",RIGHT(L23,2)="N1")),0.5)+IF(AND(LEN(M23)>2,OR(LEFT(M23,2)="N1",RIGHT(M23,2)="N1")),0.5)+IF(AND(LEN(N23)>2,OR(LEFT(N23,2)="N1",RIGHT(N23,2)="N1")),0.5)+IF(AND(LEN(O23)>2,OR(LEFT(O23,2)="N1",RIGHT(O23,2)="N1")),0.5)+IF(AND(LEN(P23)>2,OR(LEFT(P23,2)="N1",RIGHT(P23,2)="N1")),0.5)+IF(AND(LEN(Q23)>2,OR(LEFT(Q23,2)="N1",RIGHT(Q23,2)="N1")),0.5)+IF(AND(LEN(R23)>2,OR(LEFT(R23,2)="N1",RIGHT(R23,2)="N1")),0.5)+IF(AND(LEN(S23)>2,OR(LEFT(S23,2)="N1",RIGHT(S23,2)="N1")),0.5)+IF(AND(LEN(T23)>2,OR(LEFT(T23,2)="N1",RIGHT(T23,2)="N1")),0.5)+IF(AND(LEN(U23)>2,OR(LEFT(U23,2)="N1",RIGHT(U23,2)="N1")),0.5)+IF(AND(LEN(V23)>2,OR(LEFT(V23,2)="N1",RIGHT(V23,2)="N1")),0.5)+IF(AND(LEN(W23)>2,OR(LEFT(W23,2)="N1",RIGHT(W23,2)="N1")),0.5)+IF(AND(LEN(X23)>2,OR(LEFT(X23,2)="N1",RIGHT(X23,2)="N1")),0.5)+IF(AND(LEN(Y23)>2,OR(LEFT(Y23,2)="N1",RIGHT(Y23,2)="N1")),0.5)+IF(AND(LEN(Z23)>2,OR(LEFT(Z23,2)="N1",RIGHT(Z23,2)="N1")),0.5)+IF(AND(LEN(AA23)>2,OR(LEFT(AA23,2)="N1",RIGHT(AA23,2)="N1")),0.5)+IF(AND(LEN(AB23)>2,OR(LEFT(AB23,2)="N1",RIGHT(AB23,2)="N1")),0.5)+IF(AND(LEN(AC23)>2,OR(LEFT(AC23,2)="N1",RIGHT(AC23,2)="N1")),0.5)+IF(AND(LEN(AD23)>2,OR(LEFT(AD23,2)="N1",RIGHT(AD23,2)="N1")),0.5)+IF(AND(LEN(AE23)>2,OR(LEFT(AE23,2)="N1",RIGHT(AE23,2)="N1")),0.5)+IF(AND(LEN(AF23)>2,OR(LEFT(AF23,2)="N1",RIGHT(AF23,2)="N1")),0.5)+IF(AND(LEN(AG23)>2,OR(LEFT(AG23,2)="N1",RIGHT(AG23,2)="N1")),0.5)+IF(AND(LEN(AH23)>2,OR(LEFT(AH23,2)="N1",RIGHT(AH23,2)="N1")),0.5)+IF(AND(LEN(AI23)>2,OR(LEFT(AI23,2)="N1",RIGHT(AI23,2)="N1")),0.5)+IF(AND(LEN(AJ23)>2,OR(LEFT(AJ23,2)="N1",RIGHT(AJ23,2)="N1")),0.5)+IF(AND(LEN(AK23)>2,OR(LEFT(AK23,2)="N1",RIGHT(AK23,2)="N1")),0.5)+IF(AND(LEN(AL23)>2,OR(LEFT(AL23,2)="N1",RIGHT(AL23,2)="N1")),0.5)) -> 0 | AO23: =COUNTIF(H23:AL23,"ON")+COUNTIF(H23:AL23,"ON/2")/2 -> 0 | AP23: =IF(F23="","",COUNTIF($H23:$AL23,AP$8))+IF(F23="","",COUNTIF($H23:$AL23,$V$5)/2) -> 0 | AQ23: 0 | AR23: =IF(G23="","",AM23+AN23+AP23+AQ23) -> 16 | AS23: =IF(F23="","",COUNTIF($H23:$AL23,AS$8))++IF(F23="","",COUNTIF($H23:$AL23,"L1")/2) -> 0 | AT23: =AU23-AR23-AS23 -> 6 | AU23: 22
A24: 13 | B24: MS17 | C24: Giáo viên | D24: Giáo viên mầm non | F24: Lê Thị Bích Hường | G24: Thử Việc | M24: X | N24: X | O24: X | P24: X | Q24: X | T24: X | U24: X | V24: X | W24: X | X24: X | AA24: X | AB24: X | AC24: X | AD24: X | AE24: X | AH24: K | AI24: X | AJ24: X | AK24: K | AM24: =IF(F24="","",COUNTIF($H24:$AL24,AM$8)) -> 17 | AN24: =IF(OR(G24="",G24="Đã nghỉ"),0,COUNTIF($H24:$AL24,"N1")/2++IF(AND(LEN(H24)>2,OR(LEFT(H24,2)="N1",RIGHT(H24,2)="N1")),0.5)+IF(AND(LEN(I24)>2,OR(LEFT(I24,2)="N1",RIGHT(I24,2)="N1")),0.5)+IF(AND(LEN(J24)>2,OR(LEFT(J24,2)="N1",RIGHT(J24,2)="N1")),0.5)+IF(AND(LEN(K24)>2,OR(LEFT(K24,2)="N1",RIGHT(K24,2)="N1")),0.5)+IF(AND(LEN(L24)>2,OR(LEFT(L24,2)="N1",RIGHT(L24,2)="N1")),0.5)+IF(AND(LEN(M24)>2,OR(LEFT(M24,2)="N1",RIGHT(M24,2)="N1")),0.5)+IF(AND(LEN(N24)>2,OR(LEFT(N24,2)="N1",RIGHT(N24,2)="N1")),0.5)+IF(AND(LEN(O24)>2,OR(LEFT(O24,2)="N1",RIGHT(O24,2)="N1")),0.5)+IF(AND(LEN(P24)>2,OR(LEFT(P24,2)="N1",RIGHT(P24,2)="N1")),0.5)+IF(AND(LEN(Q24)>2,OR(LEFT(Q24,2)="N1",RIGHT(Q24,2)="N1")),0.5)+IF(AND(LEN(R24)>2,OR(LEFT(R24,2)="N1",RIGHT(R24,2)="N1")),0.5)+IF(AND(LEN(S24)>2,OR(LEFT(S24,2)="N1",RIGHT(S24,2)="N1")),0.5)+IF(AND(LEN(T24)>2,OR(LEFT(T24,2)="N1",RIGHT(T24,2)="N1")),0.5)+IF(AND(LEN(U24)>2,OR(LEFT(U24,2)="N1",RIGHT(U24,2)="N1")),0.5)+IF(AND(LEN(V24)>2,OR(LEFT(V24,2)="N1",RIGHT(V24,2)="N1")),0.5)+IF(AND(LEN(W24)>2,OR(LEFT(W24,2)="N1",RIGHT(W24,2)="N1")),0.5)+IF(AND(LEN(X24)>2,OR(LEFT(X24,2)="N1",RIGHT(X24,2)="N1")),0.5)+IF(AND(LEN(Y24)>2,OR(LEFT(Y24,2)="N1",RIGHT(Y24,2)="N1")),0.5)+IF(AND(LEN(Z24)>2,OR(LEFT(Z24,2)="N1",RIGHT(Z24,2)="N1")),0.5)+IF(AND(LEN(AA24)>2,OR(LEFT(AA24,2)="N1",RIGHT(AA24,2)="N1")),0.5)+IF(AND(LEN(AB24)>2,OR(LEFT(AB24,2)="N1",RIGHT(AB24,2)="N1")),0.5)+IF(AND(LEN(AC24)>2,OR(LEFT(AC24,2)="N1",RIGHT(AC24,2)="N1")),0.5)+IF(AND(LEN(AD24)>2,OR(LEFT(AD24,2)="N1",RIGHT(AD24,2)="N1")),0.5)+IF(AND(LEN(AE24)>2,OR(LEFT(AE24,2)="N1",RIGHT(AE24,2)="N1")),0.5)+IF(AND(LEN(AF24)>2,OR(LEFT(AF24,2)="N1",RIGHT(AF24,2)="N1")),0.5)+IF(AND(LEN(AG24)>2,OR(LEFT(AG24,2)="N1",RIGHT(AG24,2)="N1")),0.5)+IF(AND(LEN(AH24)>2,OR(LEFT(AH24,2)="N1",RIGHT(AH24,2)="N1")),0.5)+IF(AND(LEN(AI24)>2,OR(LEFT(AI24,2)="N1",RIGHT(AI24,2)="N1")),0.5)+IF(AND(LEN(AJ24)>2,OR(LEFT(AJ24,2)="N1",RIGHT(AJ24,2)="N1")),0.5)+IF(AND(LEN(AK24)>2,OR(LEFT(AK24,2)="N1",RIGHT(AK24,2)="N1")),0.5)+IF(AND(LEN(AL24)>2,OR(LEFT(AL24,2)="N1",RIGHT(AL24,2)="N1")),0.5)) -> 0 | AO24: =COUNTIF(H24:AL24,"ON")+COUNTIF(H24:AL24,"ON/2")/2 -> 0 | AP24: =IF(F24="","",COUNTIF($H24:$AL24,AP$8))+IF(F24="","",COUNTIF($H24:$AL24,$V$5)/2) -> 0 | AQ24: 0 | AR24: =IF(G24="","",AM24+AN24+AP24+AQ24) -> 17 | AS24: =IF(F24="","",COUNTIF($H24:$AL24,AS$8))++IF(F24="","",COUNTIF($H24:$AL24,"L1")/2) -> 0 | AT24: =AU24-AR24-AS24 -> 5 | AU24: 22
A25: 14 | B25: MS18 | C25: Giáo viên | D25: Giáo viên mầm non | F25: Nguyễn Hương Thảo | G25: Thử Việc | N25: X | O25: X | P25: X | Q25: X | T25: X | U25: X | V25: X | W25: X | X25: X | AA25: X | AB25: X | AC25: X | AD25: X | AE25: X | AH25: K | AI25: X | AJ25: X | AK25: K | AM25: =IF(F25="","",COUNTIF($H25:$AL25,AM$8)) -> 16 | AN25: =IF(OR(G25="",G25="Đã nghỉ"),0,COUNTIF($H25:$AL25,"N1")/2++IF(AND(LEN(H25)>2,OR(LEFT(H25,2)="N1",RIGHT(H25,2)="N1")),0.5)+IF(AND(LEN(I25)>2,OR(LEFT(I25,2)="N1",RIGHT(I25,2)="N1")),0.5)+IF(AND(LEN(J25)>2,OR(LEFT(J25,2)="N1",RIGHT(J25,2)="N1")),0.5)+IF(AND(LEN(K25)>2,OR(LEFT(K25,2)="N1",RIGHT(K25,2)="N1")),0.5)+IF(AND(LEN(L25)>2,OR(LEFT(L25,2)="N1",RIGHT(L25,2)="N1")),0.5)+IF(AND(LEN(M25)>2,OR(LEFT(M25,2)="N1",RIGHT(M25,2)="N1")),0.5)+IF(AND(LEN(N25)>2,OR(LEFT(N25,2)="N1",RIGHT(N25,2)="N1")),0.5)+IF(AND(LEN(O25)>2,OR(LEFT(O25,2)="N1",RIGHT(O25,2)="N1")),0.5)+IF(AND(LEN(P25)>2,OR(LEFT(P25,2)="N1",RIGHT(P25,2)="N1")),0.5)+IF(AND(LEN(Q25)>2,OR(LEFT(Q25,2)="N1",RIGHT(Q25,2)="N1")),0.5)+IF(AND(LEN(R25)>2,OR(LEFT(R25,2)="N1",RIGHT(R25,2)="N1")),0.5)+IF(AND(LEN(S25)>2,OR(LEFT(S25,2)="N1",RIGHT(S25,2)="N1")),0.5)+IF(AND(LEN(T25)>2,OR(LEFT(T25,2)="N1",RIGHT(T25,2)="N1")),0.5)+IF(AND(LEN(U25)>2,OR(LEFT(U25,2)="N1",RIGHT(U25,2)="N1")),0.5)+IF(AND(LEN(V25)>2,OR(LEFT(V25,2)="N1",RIGHT(V25,2)="N1")),0.5)+IF(AND(LEN(W25)>2,OR(LEFT(W25,2)="N1",RIGHT(W25,2)="N1")),0.5)+IF(AND(LEN(X25)>2,OR(LEFT(X25,2)="N1",RIGHT(X25,2)="N1")),0.5)+IF(AND(LEN(Y25)>2,OR(LEFT(Y25,2)="N1",RIGHT(Y25,2)="N1")),0.5)+IF(AND(LEN(Z25)>2,OR(LEFT(Z25,2)="N1",RIGHT(Z25,2)="N1")),0.5)+IF(AND(LEN(AA25)>2,OR(LEFT(AA25,2)="N1",RIGHT(AA25,2)="N1")),0.5)+IF(AND(LEN(AB25)>2,OR(LEFT(AB25,2)="N1",RIGHT(AB25,2)="N1")),0.5)+IF(AND(LEN(AC25)>2,OR(LEFT(AC25,2)="N1",RIGHT(AC25,2)="N1")),0.5)+IF(AND(LEN(AD25)>2,OR(LEFT(AD25,2)="N1",RIGHT(AD25,2)="N1")),0.5)+IF(AND(LEN(AE25)>2,OR(LEFT(AE25,2)="N1",RIGHT(AE25,2)="N1")),0.5)+IF(AND(LEN(AF25)>2,OR(LEFT(AF25,2)="N1",RIGHT(AF25,2)="N1")),0.5)+IF(AND(LEN(AG25)>2,OR(LEFT(AG25,2)="N1",RIGHT(AG25,2)="N1")),0.5)+IF(AND(LEN(AH25)>2,OR(LEFT(AH25,2)="N1",RIGHT(AH25,2)="N1")),0.5)+IF(AND(LEN(AI25)>2,OR(LEFT(AI25,2)="N1",RIGHT(AI25,2)="N1")),0.5)+IF(AND(LEN(AJ25)>2,OR(LEFT(AJ25,2)="N1",RIGHT(AJ25,2)="N1")),0.5)+IF(AND(LEN(AK25)>2,OR(LEFT(AK25,2)="N1",RIGHT(AK25,2)="N1")),0.5)+IF(AND(LEN(AL25)>2,OR(LEFT(AL25,2)="N1",RIGHT(AL25,2)="N1")),0.5)) -> 0 | AO25: =COUNTIF(H25:AL25,"ON")+COUNTIF(H25:AL25,"ON/2")/2 -> 0 | AP25: =IF(F25="","",COUNTIF($H25:$AL25,AP$8))+IF(F25="","",COUNTIF($H25:$AL25,$V$5)/2) -> 0 | AQ25: 0 | AR25: =IF(G25="","",AM25+AN25+AP25+AQ25) -> 16 | AS25: =IF(F25="","",COUNTIF($H25:$AL25,AS$8))++IF(F25="","",COUNTIF($H25:$AL25,"L1")/2) -> 0 | AT25: =AU25-AR25-AS25 -> 6 | AU25: 22
A26: 15 | B26: MS19 | C26: Vận hành | D26: Nhân viên bếp | F26: Bác Hạnh | G26: Part Time | H26: X | I26: X | J26: X | M26: X | N26: X | O26: X | P26: X | Q26: X | T26: X | U26: X | V26: X | W26: X | X26: X | AA26: X | AB26: X | AD26: X | AE26: X | AJ26: X | AM26: =IF(F26="","",COUNTIF($H26:$AL26,AM$8)) -> 18 | AN26: =IF(OR(G26="",G26="Đã nghỉ"),0,COUNTIF($H26:$AL26,"N1")/2++IF(AND(LEN(H26)>2,OR(LEFT(H26,2)="N1",RIGHT(H26,2)="N1")),0.5)+IF(AND(LEN(I26)>2,OR(LEFT(I26,2)="N1",RIGHT(I26,2)="N1")),0.5)+IF(AND(LEN(J26)>2,OR(LEFT(J26,2)="N1",RIGHT(J26,2)="N1")),0.5)+IF(AND(LEN(K26)>2,OR(LEFT(K26,2)="N1",RIGHT(K26,2)="N1")),0.5)+IF(AND(LEN(L26)>2,OR(LEFT(L26,2)="N1",RIGHT(L26,2)="N1")),0.5)+IF(AND(LEN(M26)>2,OR(LEFT(M26,2)="N1",RIGHT(M26,2)="N1")),0.5)+IF(AND(LEN(N26)>2,OR(LEFT(N26,2)="N1",RIGHT(N26,2)="N1")),0.5)+IF(AND(LEN(O26)>2,OR(LEFT(O26,2)="N1",RIGHT(O26,2)="N1")),0.5)+IF(AND(LEN(P26)>2,OR(LEFT(P26,2)="N1",RIGHT(P26,2)="N1")),0.5)+IF(AND(LEN(Q26)>2,OR(LEFT(Q26,2)="N1",RIGHT(Q26,2)="N1")),0.5)+IF(AND(LEN(R26)>2,OR(LEFT(R26,2)="N1",RIGHT(R26,2)="N1")),0.5)+IF(AND(LEN(S26)>2,OR(LEFT(S26,2)="N1",RIGHT(S26,2)="N1")),0.5)+IF(AND(LEN(T26)>2,OR(LEFT(T26,2)="N1",RIGHT(T26,2)="N1")),0.5)+IF(AND(LEN(U26)>2,OR(LEFT(U26,2)="N1",RIGHT(U26,2)="N1")),0.5)+IF(AND(LEN(V26)>2,OR(LEFT(V26,2)="N1",RIGHT(V26,2)="N1")),0.5)+IF(AND(LEN(W26)>2,OR(LEFT(W26,2)="N1",RIGHT(W26,2)="N1")),0.5)+IF(AND(LEN(X26)>2,OR(LEFT(X26,2)="N1",RIGHT(X26,2)="N1")),0.5)+IF(AND(LEN(Y26)>2,OR(LEFT(Y26,2)="N1",RIGHT(Y26,2)="N1")),0.5)+IF(AND(LEN(Z26)>2,OR(LEFT(Z26,2)="N1",RIGHT(Z26,2)="N1")),0.5)+IF(AND(LEN(AA26)>2,OR(LEFT(AA26,2)="N1",RIGHT(AA26,2)="N1")),0.5)+IF(AND(LEN(AB26)>2,OR(LEFT(AB26,2)="N1",RIGHT(AB26,2)="N1")),0.5)+IF(AND(LEN(AC26)>2,OR(LEFT(AC26,2)="N1",RIGHT(AC26,2)="N1")),0.5)+IF(AND(LEN(AD26)>2,OR(LEFT(AD26,2)="N1",RIGHT(AD26,2)="N1")),0.5)+IF(AND(LEN(AE26)>2,OR(LEFT(AE26,2)="N1",RIGHT(AE26,2)="N1")),0.5)+IF(AND(LEN(AF26)>2,OR(LEFT(AF26,2)="N1",RIGHT(AF26,2)="N1")),0.5)+IF(AND(LEN(AG26)>2,OR(LEFT(AG26,2)="N1",RIGHT(AG26,2)="N1")),0.5)+IF(AND(LEN(AH26)>2,OR(LEFT(AH26,2)="N1",RIGHT(AH26,2)="N1")),0.5)+IF(AND(LEN(AI26)>2,OR(LEFT(AI26,2)="N1",RIGHT(AI26,2)="N1")),0.5)+IF(AND(LEN(AJ26)>2,OR(LEFT(AJ26,2)="N1",RIGHT(AJ26,2)="N1")),0.5)+IF(AND(LEN(AK26)>2,OR(LEFT(AK26,2)="N1",RIGHT(AK26,2)="N1")),0.5)+IF(AND(LEN(AL26)>2,OR(LEFT(AL26,2)="N1",RIGHT(AL26,2)="N1")),0.5)) -> 0 | AO26: =COUNTIF(H26:AL26,"ON")+COUNTIF(H26:AL26,"ON/2")/2 -> 0 | AP26: =IF(F26="","",COUNTIF($H26:$AL26,AP$8))+IF(F26="","",COUNTIF($H26:$AL26,$V$5)/2) -> 0 | AQ26: 0 | AR26: =IF(G26="","",AM26+AN26+AP26+AQ26) -> 18 | AS26: =IF(F26="","",COUNTIF($H26:$AL26,AS$8))++IF(F26="","",COUNTIF($H26:$AL26,"L1")/2) -> 0 | AT26: =AU26-AR26-AS26 -> 4 | AU26: 22
A27: 16 | B27: MS20 | C27: Vận hành | D27: Nhân viên bếp | F27: Nguyễn Thị Thu Hiền | G27: Thử Việc | AI27: X | AJ27: X | AM27: =IF(F27="","",COUNTIF($H27:$AL27,AM$8)) -> 2 | AN27: =IF(OR(G27="",G27="Đã nghỉ"),0,COUNTIF($H27:$AL27,"N1")/2++IF(AND(LEN(H27)>2,OR(LEFT(H27,2)="N1",RIGHT(H27,2)="N1")),0.5)+IF(AND(LEN(I27)>2,OR(LEFT(I27,2)="N1",RIGHT(I27,2)="N1")),0.5)+IF(AND(LEN(J27)>2,OR(LEFT(J27,2)="N1",RIGHT(J27,2)="N1")),0.5)+IF(AND(LEN(K27)>2,OR(LEFT(K27,2)="N1",RIGHT(K27,2)="N1")),0.5)+IF(AND(LEN(L27)>2,OR(LEFT(L27,2)="N1",RIGHT(L27,2)="N1")),0.5)+IF(AND(LEN(M27)>2,OR(LEFT(M27,2)="N1",RIGHT(M27,2)="N1")),0.5)+IF(AND(LEN(N27)>2,OR(LEFT(N27,2)="N1",RIGHT(N27,2)="N1")),0.5)+IF(AND(LEN(O27)>2,OR(LEFT(O27,2)="N1",RIGHT(O27,2)="N1")),0.5)+IF(AND(LEN(P27)>2,OR(LEFT(P27,2)="N1",RIGHT(P27,2)="N1")),0.5)+IF(AND(LEN(Q27)>2,OR(LEFT(Q27,2)="N1",RIGHT(Q27,2)="N1")),0.5)+IF(AND(LEN(R27)>2,OR(LEFT(R27,2)="N1",RIGHT(R27,2)="N1")),0.5)+IF(AND(LEN(S27)>2,OR(LEFT(S27,2)="N1",RIGHT(S27,2)="N1")),0.5)+IF(AND(LEN(T27)>2,OR(LEFT(T27,2)="N1",RIGHT(T27,2)="N1")),0.5)+IF(AND(LEN(U27)>2,OR(LEFT(U27,2)="N1",RIGHT(U27,2)="N1")),0.5)+IF(AND(LEN(V27)>2,OR(LEFT(V27,2)="N1",RIGHT(V27,2)="N1")),0.5)+IF(AND(LEN(W27)>2,OR(LEFT(W27,2)="N1",RIGHT(W27,2)="N1")),0.5)+IF(AND(LEN(X27)>2,OR(LEFT(X27,2)="N1",RIGHT(X27,2)="N1")),0.5)+IF(AND(LEN(Y27)>2,OR(LEFT(Y27,2)="N1",RIGHT(Y27,2)="N1")),0.5)+IF(AND(LEN(Z27)>2,OR(LEFT(Z27,2)="N1",RIGHT(Z27,2)="N1")),0.5)+IF(AND(LEN(AA27)>2,OR(LEFT(AA27,2)="N1",RIGHT(AA27,2)="N1")),0.5)+IF(AND(LEN(AB27)>2,OR(LEFT(AB27,2)="N1",RIGHT(AB27,2)="N1")),0.5)+IF(AND(LEN(AC27)>2,OR(LEFT(AC27,2)="N1",RIGHT(AC27,2)="N1")),0.5)+IF(AND(LEN(AD27)>2,OR(LEFT(AD27,2)="N1",RIGHT(AD27,2)="N1")),0.5)+IF(AND(LEN(AE27)>2,OR(LEFT(AE27,2)="N1",RIGHT(AE27,2)="N1")),0.5)+IF(AND(LEN(AF27)>2,OR(LEFT(AF27,2)="N1",RIGHT(AF27,2)="N1")),0.5)+IF(AND(LEN(AG27)>2,OR(LEFT(AG27,2)="N1",RIGHT(AG27,2)="N1")),0.5)+IF(AND(LEN(AH27)>2,OR(LEFT(AH27,2)="N1",RIGHT(AH27,2)="N1")),0.5)+IF(AND(LEN(AI27)>2,OR(LEFT(AI27,2)="N1",RIGHT(AI27,2)="N1")),0.5)+IF(AND(LEN(AJ27)>2,OR(LEFT(AJ27,2)="N1",RIGHT(AJ27,2)="N1")),0.5)+IF(AND(LEN(AK27)>2,OR(LEFT(AK27,2)="N1",RIGHT(AK27,2)="N1")),0.5)+IF(AND(LEN(AL27)>2,OR(LEFT(AL27,2)="N1",RIGHT(AL27,2)="N1")),0.5)) -> 0 | AO27: =COUNTIF(H27:AL27,"ON")+COUNTIF(H27:AL27,"ON/2")/2 -> 0 | AP27: =IF(F27="","",COUNTIF($H27:$AL27,AP$8))+IF(F27="","",COUNTIF($H27:$AL27,$V$5)/2) -> 0 | AQ27: 0 | AR27: =IF(G27="","",AM27+AN27+AP27+AQ27) -> 2 | AS27: =IF(F27="","",COUNTIF($H27:$AL27,AS$8))++IF(F27="","",COUNTIF($H27:$AL27,"L1")/2) -> 0 | AT27: =AU27-AR27-AS27 -> 20 | AU27: 22
A28: Tổng | AM28: =SUBTOTAL(9,AM11:AM12) -> 27 | AN28: =SUBTOTAL(9,AN11:AN23) -> 8 | AO28: =SUBTOTAL(9,AO11:AO23) -> 10 | AP28: =SUBTOTAL(9,AP11:AP23) -> 0 | AQ28: =SUBTOTAL(9,AQ11:AQ12) -> 0 | AR28: =SUBTOTAL(9,AR11:AR23) -> 208 | AS28: =SUBTOTAL(9,AS11:AS23) -> 23 | AT28: =SUBTOTAL(9,AT11:AT23) -> 28 | AU28: =SUBTOTAL(9,AU11:AU23) -> 264
B29: 1 | C29: =B29+1 -> 2 | D29: =C29+1 -> 3 | E29: =D29+1 -> 4 | F29: =E29+1 -> 5 | G29: =F29+1 -> 6 | H29: =G29+1 -> 7 | I29: =H29+1 -> 8 | J29: =I29+1 -> 9 | ... AV29: =AU29+1 -> 47
AM30: Hà Nội, ngày ..... tháng ..... năm 2026
D31: Tổng giám đốc | M31: Phòng Tài chính - Kế toán | Z31: Phòng Hành chính - Nhân sự | AM31: Người lập

Sheet 4. Bảng phép năm 2026
A1: CVG - BẢNG THEO DÕI PHÉP NĂM 2026
A2: STT | B2: Mã NV | C2: Phòng | D2: Họ & Tên | E2: Số phép đã nghỉ (phép năm 2026) | R2: Tổng phép đã nghỉ năm 2026 | S2: Số ngày phép năm 2025 | T2: Phép tồn | U2: Ghi chú
E3: Thời gian bắt đầu tính phép Đvt: tháng | F3: T1 | G3: T2 | H3: T3 | I3: T4 | J3: T5 | K3: T6 | L3: T7 | M3: T8 | N3: T9 | O3: T10 | P3: T11 | Q3: T12
B4: 1 | C4: =B4+1 -> 2 | D4: =C4+1 -> 3 | E4: =#REF!+1 -> #REF! | F4: =E4+1 -> #REF! | G4: =F4+1 -> #REF! | H4: =G4+1 -> #REF! | I4: =H4+1 -> #REF! | J4: =I4+1 -> #REF! | K4: =J4+1 -> #REF! | L4: =K4+1 -> #REF! | M4: =L4+1 -> #REF! | ... U4: =T4+1 -> #REF!
F5: =SUM(F6:F8) -> 0 | G5: =SUM(G6:G8) -> 0 | H5: =SUM(H6:H8) -> 0 | I5: =SUM(I6:I8) -> 0 | J5: =SUM(J6:J8) -> 0 | K5: =SUM(K6:K8) -> 0 | L5: =SUM(L6:L8) -> 0 | M5: =SUM(M6:M8) -> 0 | ... R5: =SUM(R6:R8) -> 0 | S5: 2 | T5: =SUM(T6:T8) -> 2
A6: =SUBTOTAL(3,$B$5:B6) -> 1 | B6: MS04 | D6: =VLOOKUP(B6,' 5. Thông số TL'!$D$12:$E$16,2,0) -> Nguyễn Thị Thu Hảo | F6: =VLOOKUP(B6,'3. BẢNG CHẤM CÔNG'!$B$11:$AU$12,42,0) -> 0 | G6: 0 | H6: 0 | I6: 0 | J6: 0 | K6: 0 | L6: 0 | M6: 0 | N6: 0 | O6: 0 | P6: 0 | Q6: 0 | R6: =SUM(F6:Q6) -> 0 | S6: 2 | T6: 2
A7: =SUBTOTAL(3,$B$5:B7) -> 2 | B7: MS03 | D7: =VLOOKUP(B7,' 5. Thông số TL'!$D$12:$E$16,2,0) -> Lê Thị Kim Liên | F7: 0 | G7: 0 | H7: 0 | I7: 0 | J7: 0 | K7: 0 | L7: 0 | M7: 0 | N7: 0 | O7: 0 | P7: 0 | Q7: 0 | R7: =SUM(F7:Q7) -> 0 | S7: 0 | T7: 0
A8: 3 | B8: MS02 | D8: =VLOOKUP(B8,' 5. Thông số TL'!$D$12:$E$16,2,0) -> Bùi Thanh Anh | F8: 0 | G8: 0 | H8: 0 | I8: 0 | J8: 0 | K8: 0 | L8: 0 | M8: 0 | N8: 0 | O8: 0 | P8: 0 | Q8: 0 | R8: =SUM(F8:Q8) -> 0 | S8: =SUM(G8:R8) -> 0 | T8: =SUM(H8:S8) -> 0
A9: 5 | B9: MS06 | D9: =VLOOKUP(B9,' 5. Thông số TL'!$D$12:$E$16,2,0) -> Eugene | F9: 0 | G9: 0 | H9: 0 | I9: 0 | J9: 0 | K9: 0 | L9: 0 | M9: 0 | N9: 0 | O9: 0 | P9: 0 | Q9: 0 | R9: =SUM(F9:Q9) -> 0 | S9: =SUM(G9:R9) -> 0 | T9: =SUM(H9:S9) -> 0

Sheet  5. Thông số TL
A3: BẢNG THÔNG SỐ TÍNH LƯƠNG VỊ TRÍ
A5: I. Mục tiêu
A8: II. Bảng thông số
A9: STT | B9: Phòng/Ban | C9: Chức danh | D9: Mã nhân viên | E9: Họ và tên | F9: Tầng NS | G9: Lương BHXH | H9: Thưởng Hiệu quả công việc | I9: Các khoản phụ cấp | O9: Tổng ̣Gross | P9: Thưởng Hiệu quả kinh doanh/Dự án | T9: Tổng thu nhập trước thuế
I10: PC miễn thuế | L10: PC đóng thuế | N10: Tổng phụ cấp | P10: Tên thông số | Q10: Hck | R10: Doanh thu
I11: Ăn trưa | J11: Trang phục | K11: Điện thoại | L11: Kiêm nhiệm | M11: Gửi xe
A12: =SUBTOTAL(3,$C$12:C12) -> 1 | B12: Vận hành | C12: Trưởng phòng vận hành | D12: MS04 | E12: Nguyễn Thị Thu Hảo | G12: 7500000 | H12: 4880000 | I12: 720000 | J12: 400000 | K12: 2500000 | N12: =SUM(I12:M12) -> 3620000 | O12: =G12+H12+N12 -> 16000000 | T12: =O12+R12 -> 16000000
A13: =SUBTOTAL(3,$C$12:C13) -> 2 | B13: Ban giám hiệu | C13: Hiệu phó cơ sở | D13: MS03 | E13: Lê Thị Kim Liên | G13: 7500000 | H13: 7480000 | I13: 720000 | J13: 400000 | K13: 900000 | N13: =SUM(I13:M13) -> 2020000 | O13: =G13+H13+N13 -> 17000000 | T13: =O13+R13 -> 17000000
A14: =SUBTOTAL(3,$C$12:C14) -> 3 | B14: Ban giám hiệu | C14: Hiệu trưởng ̣(kiêm nhiệm) | D14: MS02 | E14: Bùi Thanh Anh | H14: 13046667 | I14: 720000 | J14: 400000 | K14: 2500000 | N14: =SUM(I14:M14) -> 3620000 | O14: =G14+H14+N14 -> 16666667 | T14: =O14+R14 -> 16666667
A15: =SUBTOTAL(3,$C$12:C15) -> 4 | B15: Ban giám hiệu | C15: Hiệu phó cơ sở | D15: MS05 | E15: Hoàng Thị Hoa | G15: 8000000 | H15: 10180000 | I15: 720000 | J15: 400000 | K15: 1924000 | N15: =SUM(I15:M15) -> 3044000 | O15: =G15+H15+N15 -> 21224000 | T15: =O15+R15 -> 21224000
A16: =SUBTOTAL(3,$C$12:C16) -> 5 | B16: Giáo viên | C16: Giáo viên nước ngoài | D16: MS06 | E16: Eugene | G16: 5500000 | H16: 42306650 | I16: 720000 | J16: 400000 | K16: 900000 | N16: =SUM(I16:M16) -> 2020000 | O16: =G16+H16+N16 -> 49826650 | T16: =O16+R16 -> 49826650
A17: =SUBTOTAL(3,$C$12:C17) -> 6 | B17: Giáo viên | C17: Giáo viên mầm non | D17: MS07 | E17: Nguyễn Ánh Hồng | G17: 5500000 | H17: 1880000 | I17: 720000 | J17: 400000 | K17: 500000 | N17: =SUM(I17:M17) -> 1620000 | O17: =G17+H17+N17 -> 9000000 | T17: =O17+R17 -> 9000000
A18: =SUBTOTAL(3,$C$12:C18) -> 7 | B18: Giáo viên | C18: Giáo viên mầm non | D18: MS08 | E18: Hoàng Thị Hương Li | G18: 5500000 | H18: 1880000 | I18: 720000 | J18: 400000 | K18: 500000 | N18: =SUM(I18:M18) -> 1620000 | O18: =G18+H18+N18 -> 9000000 | T18: =O18+R18 -> 9000000
A19: =SUBTOTAL(3,$C$12:C19) -> 8 | B19: Ban giám hiệu | C19: Quản lý chương trình TA | D19: MS09 | E19: Nguyễn Thị Thu | H19: 5768889 | I19: 720000 | J19: 400000 | K19: 2000000 | N19: =SUM(I19:M19) -> 3120000 | O19: =G19+H19+N19 -> 8888889 | T19: =O19+R19 -> 8888889
A20: =SUBTOTAL(3,$C$12:C20) -> 9 | B20: Giáo viên | C20: Giáo viên TA VN | D20: MS10 | E20: Bùi Thị Thương | G20: 5500000 | H20: 5880000 | I20: 720000 | J20: 400000 | K20: 500000 | N20: =SUM(I20:M20) -> 1620000 | O20: =G20+H20+N20 -> 13000000 | T20: =O20+R20 -> 13000000
A21: =SUBTOTAL(3,$C$12:C21) -> 10 | B21: Giáo viên | C21: Giáo viên mầm non | D21: MS11 | E21: Phùng Thị Lụa | G21: 5500000 | H21: 2457500 | I21: 720000 | J21: 400000 | K21: 500000 | N21: =SUM(I21:M21) -> 1620000 | O21: =G21+H21+N21 -> 9577500 | T21: =O21+R21 -> 9577500
A22: =SUBTOTAL(3,$C$12:C22) -> 11 | B22: Vận hành | C22: HK | D22: MS12 | E22: Đinh Thị Bích Ngọc | G22: 4960000 | H22: 1040800 | I22: 720000 | J22: 400000 | K22: 400000 | N22: =SUM(I22:M22) -> 1520000 | O22: =G22+H22+N22 -> 7520800 | T22: =O22+R22 -> 7520800
A23: =SUBTOTAL(3,$C$12:C23) -> 12 | B23: Vận hành | C23: Bảo vệ | D23: MS13 | E23: Lương Văn Châm | G23: 4960000 | H23: 4040800 | I23: 720000 | J23: 400000 | K23: 400000 | N23: =SUM(I23:M23) -> 1520000 | O23: =G23+H23+N23 -> 10520800 | T23: =O23+R23 -> 10520800
A24: =SUBTOTAL(3,$C$12:C24) -> 13 | B24: Vận hành | C24: Y tế | D24: MS14 | E24: Nguyễn Thị Phúc | G24: 5500000 | H24: 3457500 | I24: 720000 | J24: 400000 | K24: 500000 | N24: =SUM(I24:M24) -> 1620000 | O24: =G24+H24+N24 -> 10577500 | T24: =O24+R24 -> 10577500
A25: =SUBTOTAL(3,$C$12:C25) -> 14 | B25: Vận hành | C25: Vận hành | D25: MS15 | E25: Nguyễn Thị Thuỳ Trang | G25: 5500000 | H25: 2457500 | I25: 720000 | J25: 400000 | K25: 500000 | N25: =SUM(I25:M25) -> 1620000 | O25: =G25+H25+N25 -> 9577500 | T25: =O25+R25 -> 9577500
A26: =SUBTOTAL(3,$C$12:C26) -> 15 | B26: Vận hành | C26: Kế toán | D26: MS16 | E26: Phạm Thị Hương Thuỷ | G26: 5500000 | H26: 5880000 | I26: 720000 | J26: 400000 | K26: 500000 | N26: =SUM(I26:M26) -> 1620000 | O26: =G26+H26+N26 -> 13000000 | T26: =O26+R26 -> 13000000
A27: =SUBTOTAL(3,$C$12:C27) -> 16 | B27: Giáo viên | C27: Giáo viên mầm non | D27: MS17 | E27: Lê Thị Bích Hường | G27: 5500000 | H27: 1957500 | I27: 720000 | J27: 400000 | K27: 500000 | N27: =SUM(I27:M27) -> 1620000 | O27: =G27+H27+N27 -> 9077500 | T27: =O27+R27 -> 9077500
A28: =SUBTOTAL(3,$C$12:C28) -> 17 | B28: Giáo viên | C28: Giáo viên mầm non | D28: MS18 | E28: Nguyễn Hương Thảo | G28: 5500000 | H28: 2457500 | I28: 720000 | J28: 400000 | K28: 500000 | N28: =SUM(I28:M28) -> 1620000 | O28: =G28+H28+N28 -> 9577500 | T28: =O28+R28 -> 9577500
A29: 18 | B29: Vận hành | C29: Vận hành | D29: MS20 | E29: Nguyễn Thị Thu Hiền | G29: 5300000 | H29: 2757500 | I29: 720000 | J29: 400000 | K29: 400000 | N29: =SUM(I29:M29) -> 1520000 | O29: =G29+H29+N29 -> 9577500 | T29: =O29+R29 -> 9577500
A30: Tổng | G30: =SUM(G12:G17) -> 34000000 | H30: =SUM(H12:H17) -> 79773317 | I30: =SUM(I12:I16) -> 3600000 | J30: =SUM(J12:J16) -> 2000000 | K30: =SUM(K12:K17) -> 9224000 | L30: =SUM(L12:L13) -> 0 | M30: =SUM(M12:M13) -> 0 | N30: =SUM(N12:N17) -> 15944000 | O30: =SUM(O12:O16) -> 120717317 | P30: =SUM(P12:P13) -> 0 | Q30: =SUM(Q12:Q13) -> 0 | R30: =SUM(R12:R13) -> 0 | T30: =SUM(T12:T16) -> 120717317
D31: 1 | E31: =1+D31 -> 2 | F31: =1+E31 -> 3 | G31: =1+F31 -> 4 | H31: =1+G31 -> 5 | I31: =1+H31 -> 6 | J31: =1+I31 -> 7 | K31: =1+J31 -> 8 | L31: =1+K31 -> 9 | M31: =1+L31 -> 10 | Q31: =+#REF!/R31 -> #REF! | R31: 2500000000
A32: III. Tổ chức thực hiện | Q32: A | R32: B
A33: - Giám đốc Trung tâm Dịch vụ quản trị phê duyệt quy định này;
A34: - Ban Nhân sự - Trung tâm Dịch vụ quản trị thực hiện việc phối hợp, giám sát, đảm bảo công tác tính lương và bảo hiểm xã hội của cán bộ nhân viên trung tâm;
A35: - Phòng Tổng hợp, Phòng kế toán CVG tiếp nhận và thực hiện tính lương, tham gia Bảo hiểm xã hội cho cán bộ nhân viên thuộc Trung tâm dịch vụ quản trị;
A36: - Văn bản có hiệu lực kể từ ngày 01/10/2025.
A38: Nơi nhận: | G38: Hà Nội, ngày tháng năm 2025
A39: - GĐ TTDVQT (để chủ trì t/c t/h); | G39: Người lập
A40: - Ban NS (để p/h, g/s);
A41: - P.TH, P.KT (để t/n, t/h);
A42: - Lưu P.TH, TTDVQT.

Sheet 5.1 Cộng tác viên
A2: BẢNG THÔNG SỐ TÍNH LƯƠNG VỊ TRÍ
A4: STT | B4: Phòng/Ban | C4: Chức danh | D4: Mã nhân viên | E4: Họ và tên | F4: Tầng NS | G4: Thù lao thực nhận | H4: Thuế TNCN khấu trừ | I4: Thù lao thực nhận
A7: =SUBTOTAL(3,$C$7:C7) -> 1 | B7: Marketing | C7: CTV Content | D7: CTV002 | E7: Nông Thị Thu Hiền | G7: =I7/90% -> 3333333.3 | H7: =G7*10% -> 333333.33 | I7: 3000000
A8: =SUBTOTAL(3,$C$7:C8) -> 2 | B8: Marketing | C8: CTV Content | D8: CTV003 | E8: Phan Thị Minh Thu | G8: 13333333 | H8: =G8*10% -> 1333333.3 | I8: 12000000
A9: Tổng | G9: =SUM(G7) -> 3333333.3 | H9: =SUM(H7) -> 333333.33 | I9: =SUM(I7) -> 3000000
P10: =+#REF!/Q10 -> #REF! | Q10: 2500000000
G12: Hà Nội, ngày tháng năm 2024
G13: Người lập
E14: =G8*90% -> 12000000
G18: Nguyễn Thị Mai Hằng

Sheet 6.Bảng lương  
C1: TÊN ĐƠN VỊ: CÔNG TY CỔ PHẦN MS14 ĐỊA CHỈ: Clubhouse 3 đường Phong Lan 1, khu đô thị Vinhomes Riverside, phường Phúc Lợi, thành phố Hà Nội MST: 0111258406 | L1: BẢNG TÍNH THU NHẬP THÁNG 04/2026
A4: Ngày công tiêu chuẩn của CBNV | G4: ='3. BẢNG CHẤM CÔNG'!$AU$11 -> 22
A5: TT | B5: Mã nhân viên | C5: Họ và tên | D5: Phòng/Ban | E5: Chức danh/ Chức vụ | F5: Tình trạng | G5: Thu nhập đóng BHXH/ lương lễ tết phép (tổng thu nhập tháng trước thuế) | M5: (B) Thưởng YTCLCV (HQCV) | P5: (C) Thưởng hiệu quả kinh doanh | T5: (D) Các khoản mang tính chất lương khác | W5: (E) Các khoản hỗ trợ | AE5: Tổng thu nhập trước thuế | AF5: Tổng thu nhập chịu thuế | AG5: (VII) BHXH VÀ CÔNG ĐOÀN | AO5: Các khoản giảm trừ (bản thân và người phụ thuộc) | AS5: Tổng thu nhập tính thuế (I) | AT5: Thuế TNCN | AU5: Các khoản tạm ứng khác | AV5: Tổng thu nhập thực lĩnh | AW5: Tỷ trọng quỹ lương
G6: Ngày công | J6: Lương cơ bản/đóng BHXH/Lễ tết phép | K6: Lương cơ bản theo ngày công | L6: Tổng (A) | M6: Định mức thưởng | N6: Nghiệm thu YTCLCV (HQCV) | O6: TỔNG (B) | T6: Thưởng lương tháng 13 | U6: Phúc lợi | V6: Tổng ( D) | W6: Các khoản hỗ trợ miễn thuế TNCN | AA6: Các khoản hỗ trợ đóng thuế TNCN | AD6: Tổng (E) | AG6: Công ty đóng | AK6: Người lao động đóng
G7: Ngày công đi làm, nghỉ phép năm | H7: Ngày công lễ, Tết | I7: Ngày công làm online | P7: Doanh thu | Q7: Hck | R7: Thưởng doanh thu | S7: Tổng (C) | W7: Ăn trưa | X7: Trang phục | Y7: Điện thoại | Z7: Tổng ( E.1 ) | AA7: Gửi xe | AB7: Hỗ trợ kiêm nhiệm vị trí | AC7: Tổng (E.2) | AG7: BHXH (17,5%) | AH7: BHYT (3%) | AI7: BHTN (1%) | AJ7: Tổng (G) | AK7: BHXH (8%) | AL7: BHYT (1,5%) | AM7: BHTN (1%) | AN7: Tổng ( H ) | AO7: Bản thân | AP7: Người phụ thuộc | AR7: Tổng giảm trừ
AG8: 0.175 | AH8: 0.03 | AI8: 0.01 | AK8: 0.08 | AL8: 0.015 | AM8: 0.01 | AP8: Số người | AQ8: Số giảm
G9: 6 | H9: =G9+1 -> 7 | I9: =H9+1 -> 8 | J9: =I9+1 -> 9 | K9: =J9+1 -> 10 | L9: =K9+1 -> 11 | M9: =L9+1 -> 12 | N9: =M9+1 -> 13 | O9: =N9+1 -> 14 | ... AA9: =Z9+1 -> 26 | AC9: =AA9+1 -> 27 | AD9: =AC9+1 -> 28 | AE9: =AD9+1 -> 29 | AF9: =AE9+1 -> 30 | AG9: =AF9+1 -> 31 | AH9: =AG9+1 -> 32 | AI9: =AH9+1 -> 33 | AJ9: =AI9+1 -> 34 | AK9: =AJ9+1 -> 35 | ... AW9: =AV9+1 -> 47
AO10: 15500000 | AQ10: 6200000
B11: Ban Giám hiệu | J11: =SUBTOTAL(9,J12:J14) -> 7500000 | K11: =SUBTOTAL(9,K12:K14) -> 7500000 | L11: =SUBTOTAL(9,L12:L14) -> 7500000 | M11: =SUBTOTAL(9,M12:M14) -> 26295556 | N11: =SUBTOTAL(9,N12:N14) -> 3 | O11: =SUBTOTAL(9,O12:O14) -> 26295556 | P11: =SUBTOTAL(9,P12:P14) -> 0 | Q11: =SUBTOTAL(9,Q12:Q14) -> 0 | ... AT11: =SUBTOTAL(9,AT12:AT14) -> 2555555.6 | AV11: =AV12+AV13+AV14 -> 39212500
A12: 1 | B12: MS02 | C12: Bùi Thanh Anh | D12: BGH | E12: Hiệu trưởng | F12: =IFERROR(VLOOKUP($B12,'3. BẢNG CHẤM CÔNG'!$B$11:$AV$28,6,0),0) -> Chính Thức | G12: =IFERROR(VLOOKUP($B12, '3. BẢNG CHẤM CÔNG'!$B$10:$AV32,43,0),0) -> 20 | H12: =IFERROR(VLOOKUP($B12, '3. BẢNG CHẤM CÔNG'!$B$10:$AV32,44,0),0) -> 2 | J12: =IFERROR(VLOOKUP($B12,' 5. Thông số TL'!$D$12:$T$30,4,0),0) -> 0 | K12: =IFERROR(IF($F12="Chính Thức",$J12/$G$4*($G12+$H12),IF($F12="Thử Việc",$J12/$G$4*($G12+$H12)*85%,"")),0) -> 0 | L12: =SUM(K12) -> 0 | M12: =IFERROR(VLOOKUP($B12,' 5. Thông số TL'!$D$12:$T$30,5,0),0) -> 13046667 | N12: 1 | O12: =IFERROR(IF($F12="Chính Thức",$M12/$G$4*($G12+$H12)*N12,IF($F12="Thử Việc",$M12/$G$4*N12*($G12+$H12)*85%)),0) -> 13046667 | V12: =SUM(T12:U12) -> 0 | W12: =IFERROR(IF($F12="Chính Thức",VLOOKUP($B12,' 5. Thông số TL'!$D$12:$T$30,6,0)/$G$4*($G12+$H12),IF($F12="Thử Việc",VLOOKUP($B12,' 5. Thông số TL'!$D$12:$T$30,6,0)/$G$4*($G12+$H12)*85%,"")),0) -> 720000 | X12: =IFERROR(IF($F12="Chính Thức",VLOOKUP($B12,' 5. Thông số TL'!$D$12:$T$30,7,0)/$G$4*($G12+$H12),IF($F12="Thử Việc",VLOOKUP($B12,' 5. Thông số TL'!$D$12:$T$30,7,0)/$G$4*($G12+$H12)*85%,"")),0) -> 400000 | Y12: =IFERROR(IF($F12="Chính Thức",VLOOKUP($B12,' 5. Thông số TL'!$D$12:$T$30,8,0)/$G$4*($G12+$H12),IF($F12="Thử Việc",VLOOKUP($B12,' 5. Thông số TL'!$D$12:$T$30,8,0)/$G$4*($G12+$H12)*85%,"")),0) -> 2500000 | Z12: =SUM(W12:Y12) -> 3620000 | AA12: =IFERROR(IF($F12="Chính Thức",VLOOKUP($B12,' 5. Thông số TL'!$D$12:$T$30,10,0)/$G$4*($G12+$H12),IF($F12="Thử Việc",VLOOKUP($B12,' 5. Thông số TL'!$D$12:$T$30,10,0)/$G$4*($G12+$H12)*85%,"")),0) -> 0 | AC12: =SUM(AA12:AB12) -> 0 | AD12: =Z12+AC12 -> 3620000 | AE12: =L12+O12+S12+V12+AD12 -> 16666667 | AF12: =IF(F12="Chính Thức",AE12,IF(F12="Thử Việc",AE12-W12-X12,IF(F12="CTV",AE12,0))) -> 16666667 | AG12: =IFERROR(IF(AND($F12="Chính Thức",($G12+$H12)>=11),$J12*AG$8,IF(AND($F12="Chính Thức",($G12+$H12)<11,0),IF($F12="Thử Việc",0),"")),0) -> 0 | AH12: =IFERROR(IF(AND($F12="Chính Thức",($G12+$H12)>=11),$J12*AH$8,IF(AND($F12="Chính Thức",($G12+$H12)<11,0),IF($F12="Thử Việc",0),"")),0) -> 0 | AI12: =IFERROR(IF(AND($F12="Chính Thức",($G12+$H12)>=11),$J12*AI$8,IF(AND($F12="Chính Thức",($G12+$H12)<11,0),IF($F12="Thử Việc",0),"")),0) -> 0 | AJ12: =ROUND(SUM(AG12:AI12),0) -> 0 | AK12: =IFERROR(IF(AND($F12="Chính Thức",($G12+$H12)>=11),$J12*AK$8,IF(AND($F12="Chính Thức",($G12+$H12)<11,0),IF($F12="Thử Việc",0),"")),0) -> 0 | AL12: =IFERROR(IF(AND($F12="Chính Thức",($G12+$H12)>=11),$J12*AL$8,IF(AND($F12="Chính Thức",($G12+$H12)<11,0),IF($F12="Thử Việc",0),"")),0) -> 0 | AM12: =IFERROR(IF(AND($F12="Chính Thức",($G12+$H12)>=11),$J12*AM$8,IF(AND($F12="Chính Thức",($G12+$H12)<11,0),IF($F12="Thử Việc",0),"")),0) -> 0 | AN12: =ROUND(SUM(AK12:AM12),-1) -> 0 | AO12: 0 | AQ12: =AP12*$AQ$10 -> 0 | AR12: =+AO12+AQ12 -> 0 | AS12: =MAX(AF12,0) -> 16666667 | AT12: =AS12*10% -> 1666666.7 | AV12: =ROUND(AE12-AN12-AT12+AU12,-2) -> 15000000
A13: 2 | B13: MS03 | C13: Lê Thị Kim Liên | D13: BGH | E13: Hiệu phó cơ sở | F13: Chính thức | G13: =IFERROR(VLOOKUP($B13, '3. BẢNG CHẤM CÔNG'!$B$10:$AV33,43,0),0) -> 20 | H13: =IFERROR(VLOOKUP($B13, '3. BẢNG CHẤM CÔNG'!$B$10:$AV33,44,0),0) -> 2 | J13: =IFERROR(VLOOKUP($B13,' 5. Thông số TL'!$D$12:$T$30,4,0),0) -> 7500000 | K13: =IFERROR(IF($F13="Chính Thức",$J13/$G$4*($G13+$H13),IF($F13="Thử Việc",$J13/$G$4*($G13+$H13)*85%,"")),0) -> 7500000 | L13: =SUM(K13) -> 7500000 | M13: =IFERROR(VLOOKUP($B13,' 5. Thông số TL'!$D$12:$T$30,5,0),0) -> 7480000 | N13: 1 | O13: =IFERROR(IF($F13="Chính Thức",$M13/$G$4*($G13+$H13)*N13,IF($F13="Thử Việc",$M13/$G$4*N13*($G13+$H13)*85%)),0) -> 7480000 | V13: =SUM(T13:U13) -> 0 | W13: =IFERROR(IF($F13="Chính Thức",VLOOKUP($B13,' 5. Thông số TL'!$D$12:$T$30,6,0)/$G$4*($G13+$H13),IF($F13="Thử Việc",VLOOKUP($B13,' 5. Thông số TL'!$D$12:$T$30,6,0)/$G$4*($G13+$H13)*85%,"")),0) -> 720000 | X13: =IFERROR(IF($F13="Chính Thức",VLOOKUP($B13,' 5. Thông số TL'!$D$12:$T$30,7,0)/$G$4*($G13+$H13),IF($F13="Thử Việc",VLOOKUP($B13,' 5. Thông số TL'!$D$12:$T$30,7,0)/$G$4*($G13+$H13)*85%,"")),0) -> 400000 | Y13: =IFERROR(IF($F13="Chính Thức",VLOOKUP($B13,' 5. Thông số TL'!$D$12:$T$30,8,0)/$G$4*($G13+$H13),IF($F13="Thử Việc",VLOOKUP($B13,' 5. Thông số TL'!$D$12:$T$30,8,0)/$G$4*($G13+$H13)*85%,"")),0) -> 900000 | Z13: =SUM(W13:Y13) -> 2020000 | AA13: =IFERROR(IF($F13="Chính Thức",VLOOKUP($B13,' 5. Thông số TL'!$D$12:$T$30,10,0)/$G$4*($G13+$H13),IF($F13="Thử Việc",VLOOKUP($B13,' 5. Thông số TL'!$D$12:$T$30,10,0)/$G$4*($G13+$H13)*85%,"")),0) -> 0 | AC13: =SUM(AA13:AB13) -> 0 | AD13: =Z13+AC13 -> 2020000 | AE13: =L13+O13+S13+V13+AD13 -> 17000000 | AF13: =IF(F13="Chính Thức",AE13-Z13,IF(F13="Thử Việc",AE13-W13-X13,IF(F13="CTV",AE13,0))) -> 14980000 | AG13: =IFERROR(IF(AND($F13="Chính Thức",($G13+$H13)>=11),$J13*AG$8,IF(AND($F13="Chính Thức",($G13+$H13)<11,0),IF($F13="Thử Việc",0),"")),0) -> 1312500 | AH13: =IFERROR(IF(AND($F13="Chính Thức",($G13+$H13)>=11),$J13*AH$8,IF(AND($F13="Chính Thức",($G13+$H13)<11,0),IF($F13="Thử Việc",0),"")),0) -> 225000 | AI13: =IFERROR(IF(AND($F13="Chính Thức",($G13+$H13)>=11),$J13*AI$8,IF(AND($F13="Chính Thức",($G13+$H13)<11,0),IF($F13="Thử Việc",0),"")),0) -> 75000 | AJ13: =ROUND(SUM(AG13:AI13),0) -> 1612500 | AK13: =IFERROR(IF(AND($F13="Chính Thức",($G13+$H13)>=11),$J13*AK$8,IF(AND($F13="Chính Thức",($G13+$H13)<11,0),IF($F13="Thử Việc",0),"")),0) -> 600000 | AL13: =IFERROR(IF(AND($F13="Chính Thức",($G13+$H13)>=11),$J13*AL$8,IF(AND($F13="Chính Thức",($G13+$H13)<11,0),IF($F13="Thử Việc",0),"")),0) -> 112500 | AM13: =IFERROR(IF(AND($F13="Chính Thức",($G13+$H13)>=11),$J13*AM$8,IF(AND($F13="Chính Thức",($G13+$H13)<11,0),IF($F13="Thử Việc",0),"")),0) -> 75000 | AN13: =ROUND(SUM(AK13:AM13),-1) -> 787500 | AO13: =IF(F13="Chính Thức",$AO$10,0) -> 15500000 | AQ13: =AP13*$AQ$10 -> 0 | AR13: =+AO13+AQ13 -> 15500000 | AS13: =MAX(AF13-AR13-AN13,0) -> 0 | AT13: =IF(F13="Chính Thức",IF(AS13<=0,,IF(AND(AS13>0,AS13<=5000000),5%*AS13,IF(AND(AS13>5000000,AS13<=10000000),10%*AS13-250000,IF(AND(AS13>10000000,AS13<=18000000),15%*AS13-750000,IF(AND(AS13>18000000,AS13<=32000000),20%*AS13-1650000,IF(AND(AS13>32000000,AS13<=52000000),25%*AS13-3250000,IF(AND(AS13>52000000,AS13<=80000000),30%*AS13-5850000,IF(AS13>80000000,35%*AS13-9850000)))))))),IF(AND(F13="Thử Việc",AS13>=2000000),AS13*10%,IF(F13="CTV",AS13*10%))) -> 0 | AV13: =ROUND(AE13-AN13-AT13+AU13,-2) -> 16212500
A14: 3 | B14: MS09 | C14: Nguyễn Thị Thu | D14: BGH | E14: Quản lý chương trình TA | F14: =IFERROR(VLOOKUP($B14,'3. BẢNG CHẤM CÔNG'!$B$11:$AV$28,6,0),0) -> Chính Thức | G14: =IFERROR(VLOOKUP($B14, '3. BẢNG CHẤM CÔNG'!$B$10:$AV33,43,0),0) -> 20 | H14: =IFERROR(VLOOKUP($B14, '3. BẢNG CHẤM CÔNG'!$B$10:$AV33,44,0),0) -> 2 | J14: =IFERROR(VLOOKUP($B14,' 5. Thông số TL'!$D$12:$T$30,4,0),0) -> 0 | K14: =IFERROR(IF($F14="Chính Thức",$J14/$G$4*($G14+$H14),IF($F14="Thử Việc",$J14/$G$4*($G14+$H14)*85%,"")),0) -> 0 | L14: =SUM(K14) -> 0 | M14: =IFERROR(VLOOKUP($B14,' 5. Thông số TL'!$D$12:$T$30,5,0),0) -> 5768889 | N14: 1 | O14: =IFERROR(IF($F14="Chính Thức",$M14/$G$4*($G14+$H14)*N14,IF($F14="Thử Việc",$M14/$G$4*N14*($G14+$H14)*85%)),0) -> 5768889 | V14: =SUM(T14:U14) -> 0 | W14: =IFERROR(IF($F14="Chính Thức",VLOOKUP($B14,' 5. Thông số TL'!$D$12:$T$30,6,0)/$G$4*($G14+$H14),IF($F14="Thử Việc",VLOOKUP($B14,' 5. Thông số TL'!$D$12:$T$30,6,0)/$G$4*($G14+$H14)*85%,"")),0) -> 720000 | X14: =IFERROR(IF($F14="Chính Thức",VLOOKUP($B14,' 5. Thông số TL'!$D$12:$T$30,7,0)/$G$4*($G14+$H14),IF($F14="Thử Việc",VLOOKUP($B14,' 5. Thông số TL'!$D$12:$T$30,7,0)/$G$4*($G14+$H14)*85%,"")),0) -> 400000 | Y14: =IFERROR(IF($F14="Chính Thức",VLOOKUP($B14,' 5. Thông số TL'!$D$12:$T$30,8,0)/$G$4*($G14+$H14),IF($F14="Thử Việc",VLOOKUP($B14,' 5. Thông số TL'!$D$12:$T$30,8,0)/$G$4*($G14+$H14)*85%,"")),0) -> 2000000 | Z14: =SUM(W14:Y14) -> 3120000 | AA14: =IFERROR(IF($F14="Chính Thức",VLOOKUP($B14,' 5. Thông số TL'!$D$12:$T$30,10,0)/$G$4*($G14+$H14),IF($F14="Thử Việc",VLOOKUP($B14,' 5. Thông số TL'!$D$12:$T$30,10,0)/$G$4*($G14+$H14)*85%,"")),0) -> 0 | AC14: =SUM(AA14:AB14) -> 0 | AD14: =Z14+AC14 -> 3120000 | AE14: =L14+O14+S14+V14+AD14 -> 8888889 | AF14: =IF(F14="Chính Thức",AE14,IF(F14="Thử Việc",AE14-W14-X14,IF(F14="CTV",AE14,0))) -> 8888889 | AG14: =IFERROR(IF(AND($F14="Chính Thức",($G14+$H14)>=11),$J14*AG$8,IF(AND($F14="Chính Thức",($G14+$H14)<11,0),IF($F14="Thử Việc",0),"")),0) -> 0 | AH14: =IFERROR(IF(AND($F14="Chính Thức",($G14+$H14)>=11),$J14*AH$8,IF(AND($F14="Chính Thức",($G14+$H14)<11,0),IF($F14="Thử Việc",0),"")),0) -> 0 | AI14: =IFERROR(IF(AND($F14="Chính Thức",($G14+$H14)>=11),$J14*AI$8,IF(AND($F14="Chính Thức",($G14+$H14)<11,0),IF($F14="Thử Việc",0),"")),0) -> 0 | AJ14: =ROUND(SUM(AG14:AI14),0) -> 0 | AK14: =IFERROR(IF(AND($F14="Chính Thức",($G14+$H14)>=11),$J14*AK$8,IF(AND($F14="Chính Thức",($G14+$H14)<11,0),IF($F14="Thử Việc",0),"")),0) -> 0 | AL14: =IFERROR(IF(AND($F14="Chính Thức",($G14+$H14)>=11),$J14*AL$8,IF(AND($F14="Chính Thức",($G14+$H14)<11,0),IF($F14="Thử Việc",0),"")),0) -> 0 | AM14: =IFERROR(IF(AND($F14="Chính Thức",($G14+$H14)>=11),$J14*AM$8,IF(AND($F14="Chính Thức",($G14+$H14)<11,0),IF($F14="Thử Việc",0),"")),0) -> 0 | AN14: =ROUND(SUM(AK14:AM14),-1) -> 0 | AO14: 0 | AQ14: =AP14*$AQ$10 -> 0 | AR14: =+AO14+AQ14 -> 0 | AS14: =MAX(AF14,0) -> 8888889 | AT14: =AS14*10% -> 888888.9 | AV14: =ROUND(AE14-AN14-AT14+AU14,-2) -> 8000000
B15: Vận hành | J15: =SUBTOTAL(9,J16:J24) -> 58180000 | K15: =SUBTOTAL(9,K16:K24) -> 35093636 | L15: =SUBTOTAL(9,L16:L24) -> 35093636 | M15: =SUBTOTAL(9,M16:M24) -> 31121400 | N15: =SUBTOTAL(9,N16:N24) -> 8 | O15: =SUBTOTAL(9,O16:O24) -> 17854627 | P15: =SUBTOTAL(9,P16:P24) -> 0 | Q15: =SUBTOTAL(9,Q16:Q24) -> 0 | ... AU15: =SUBTOTAL(9,AU16:AU24) -> 0 | AV15: =AV16+AV21+AV22+AV23+AV24+AV25+AV26+AV27 -> 60230900
A16: 4 | B16: MS04 | C16: Nguyễn Thị Thu Hảo | D16: Vận hành | E16: Trưởng phòng vận hành | F16: =IFERROR(VLOOKUP($B16,'3. BẢNG CHẤM CÔNG'!$B$11:$AV$28,6,0),0) -> Chính Thức | G16: 10 | H16: =IFERROR(VLOOKUP($B16, '3. BẢNG CHẤM CÔNG'!$B$10:$AV34,44,0),0) -> 5 | J16: =IFERROR(VLOOKUP($B16,' 5. Thông số TL'!$D$12:$T$30,4,0),0) -> 7500000 | K16: =IFERROR(IF($F16="Chính Thức",$J16/$G$4*($G16+$H16),IF($F16="Thử Việc",$J16/$G$4*($G16+$H16)*85%,"")),0) -> 5113636.4 | L16: =SUM(K16) -> 5113636.4 | M16: =IFERROR(VLOOKUP($B16,' 5. Thông số TL'!$D$12:$T$30,5,0),0) -> 4880000 | N16: 1 | O16: =IFERROR(IF($F16="Chính Thức",$M16/$G$4*($G16+$H16)*N16,IF($F16="Thử Việc",$M16/$G$4*N16*($G16+$H16)*85%)),0) -> 3327272.7 | V16: =SUM(T16:U16) -> 0 | W16: =IFERROR(IF($F16="Chính Thức",VLOOKUP($B16,' 5. Thông số TL'!$D$12:$T$30,6,0)/$G$4*($G16+$H16),IF($F16="Thử Việc",VLOOKUP($B16,' 5. Thông số TL'!$D$12:$T$30,6,0)/$G$4*($G16+$H16)*85%,"")),0) -> 490909.09 | X16: =IFERROR(IF($F16="Chính Thức",VLOOKUP($B16,' 5. Thông số TL'!$D$12:$T$30,7,0)/$G$4*($G16+$H16),IF($F16="Thử Việc",VLOOKUP($B16,' 5. Thông số TL'!$D$12:$T$30,7,0)/$G$4*($G16+$H16)*85%,"")),0) -> 272727.27 | Y16: =IFERROR(IF($F16="Chính Thức",VLOOKUP($B16,' 5. Thông số TL'!$D$12:$T$30,8,0)/$G$4*($G16+$H16),IF($F16="Thử Việc",VLOOKUP($B16,' 5. Thông số TL'!$D$12:$T$30,8,0)/$G$4*($G16+$H16)*85%,"")),0) -> 1704545.5 | Z16: =SUM(W16:Y16) -> 2468181.8 | AA16: =IFERROR(IF($F16="Chính Thức",VLOOKUP($B16,' 5. Thông số TL'!$D$12:$T$30,10,0)/$G$4*($G16+$H16),IF($F16="Thử Việc",VLOOKUP($B16,' 5. Thông số TL'!$D$12:$T$30,10,0)/$G$4*($G16+$H16)*85%,"")),0) -> 0 | AC16: =SUM(AA16:AB16) -> 0 | AD16: =Z16+AC16 -> 2468181.8 | AE16: =L16+O16+S16+V16+AD16 -> 10909091 | AF16: =IF(F16="Chính Thức",AE16-Z16,IF(F16="Thử Việc",AE16-W16-X16,IF(F16="CTV",AE16,0))) -> 8440909.1 | AG16: =IFERROR(IF(AND($F16="Chính Thức",($G16+$H16)>=11),$J16*AG$8,IF(AND($F16="Chính Thức",($G16+$H16)<11,0),IF($F16="Thử Việc",0),"")),0) -> 1312500 | AH16: =IFERROR(IF(AND($F16="Chính Thức",($G16+$H16)>=11),$J16*AH$8,IF(AND($F16="Chính Thức",($G16+$H16)<11,0),IF($F16="Thử Việc",0),"")),0) -> 225000 | AI16: =IFERROR(IF(AND($F16="Chính Thức",($G16+$H16)>=11),$J16*AI$8,IF(AND($F16="Chính Thức",($G16+$H16)<11,0),IF($F16="Thử Việc",0),"")),0) -> 75000 | AJ16: =ROUND(SUM(AG16:AI16),0) -> 1612500 | AK16: =IFERROR(IF(AND($F16="Chính Thức",($G16+$H16)>=11),$J16*AK$8,IF(AND($F16="Chính Thức",($G16+$H16)<11,0),IF($F16="Thử Việc",0),"")),0) -> 600000 | AL16: =IFERROR(IF(AND($F16="Chính Thức",($G16+$H16)>=11),$J16*AL$8,IF(AND($F16="Chính Thức",($G16+$H16)<11,0),IF($F16="Thử Việc",0),"")),0) -> 112500 | AM16: =IFERROR(IF(AND($F16="Chính Thức",($G16+$H16)>=11),$J16*AM$8,IF(AND($F16="Chính Thức",($G16+$H16)<11,0),IF($F16="Thử Việc",0),"")),0) -> 75000 | AN16: =ROUND(SUM(AK16:AM16),-1) -> 787500 | AO16: =IF(F16="Chính Thức",$AO$10,0) -> 15500000 | AQ16: =AP16*$AQ$10 -> 0 | AR16: =+AO16+AQ16 -> 15500000 | AS16: =MAX(AF16-AR16-AN16,0) -> 0 | AT16: =IF(F16="Chính Thức",IF(AS16<=0,,IF(AND(AS16>0,AS16<=5000000),5%*AS16,IF(AND(AS16>5000000,AS16<=10000000),10%*AS16-250000,IF(AND(AS16>10000000,AS16<=18000000),15%*AS16-750000,IF(AND(AS16>18000000,AS16<=32000000),20%*AS16-1650000,IF(AND(AS16>32000000,AS16<=52000000),25%*AS16-3250000,IF(AND(AS16>52000000,AS16<=80000000),30%*AS16-5850000,IF(AS16>80000000,35%*AS16-9850000)))))))),IF(AND(F16="Thử Việc",AS16>=2000000),AS16*10%,IF(F16="CTV",AS16*10%))) -> 0 | AV16: =ROUND(AE16-AN16-AT16+AU16,-2) -> 10121600
B17: MS12 | C17: =VLOOKUP(B17,' 5. Thông số TL'!$D$12:$E$25,2,0) -> Đinh Thị Bích Ngọc | D17: Vận hành | E17: HK | F17: =IFERROR(VLOOKUP($B17,'3. BẢNG CHẤM CÔNG'!$B$11:$AV$28,6,0),0) -> Chính Thức | G17: =IFERROR(VLOOKUP($B17, '3. BẢNG CHẤM CÔNG'!$B$10:$AV35,43,0),0) -> 20 | H17: =IFERROR(VLOOKUP($B17, '3. BẢNG CHẤM CÔNG'!$B$10:$AV35,44,0),0) -> 2 | J17: =IFERROR(VLOOKUP($B17,' 5. Thông số TL'!$D$12:$T$30,4,0),0) -> 4960000 | K17: =IFERROR(IF($F17="Chính Thức",$J17/$G$4*($G17+$H17),IF($F17="Thử Việc",$J17/$G$4*($G17+$H17)*85%,"")),0) -> 4960000 | L17: =SUM(K17) -> 4960000 | M17: =IFERROR(VLOOKUP($B17,' 5. Thông số TL'!$D$12:$T$30,5,0),0) -> 1040800 | N17: 1 | O17: =IFERROR(IF($F17="Chính Thức",$M17/$G$4*($G17+$H17)*N17,IF($F17="Thử Việc",$M17/$G$4*N17*($G17+$H17)*85%)),0) -> 1040800 | V17: =SUM(T17:U17) -> 0 | W17: =IFERROR(IF($F17="Chính Thức",VLOOKUP($B17,' 5. Thông số TL'!$D$12:$T$30,6,0)/$G$4*($G17+$H17),IF($F17="Thử Việc",VLOOKUP($B17,' 5. Thông số TL'!$D$12:$T$30,6,0)/$G$4*($G17+$H17)*85%,"")),0) -> 720000 | X17: =IFERROR(IF($F17="Chính Thức",VLOOKUP($B17,' 5. Thông số TL'!$D$12:$T$30,7,0)/$G$4*($G17+$H17),IF($F17="Thử Việc",VLOOKUP($B17,' 5. Thông số TL'!$D$12:$T$30,7,0)/$G$4*($G17+$H17)*85%,"")),0) -> 400000 | Y17: =IFERROR(IF($F17="Chính Thức",VLOOKUP($B17,' 5. Thông số TL'!$D$12:$T$30,8,0)/$G$4*($G17+$H17),IF($F17="Thử Việc",VLOOKUP($B17,' 5. Thông số TL'!$D$12:$T$30,8,0)/$G$4*($G17+$H17)*85%,"")),0) -> 400000 | Z17: =SUM(W17:Y17) -> 1520000 | AA17: =IFERROR(IF($F17="Chính Thức",VLOOKUP($B17,' 5. Thông số TL'!$D$12:$T$30,10,0)/$G$4*($G17+$H17),IF($F17="Thử Việc",VLOOKUP($B17,' 5. Thông số TL'!$D$12:$T$30,10,0)/$G$4*($G17+$H17)*85%,"")),0) -> 0 | AC17: =SUM(AA17:AB17) -> 0 | AD17: =Z17+AC17 -> 1520000 | AE17: =L17+O17+S17+V17+AD17 -> 7520800 | AF17: =IF(F17="Chính Thức",AE17-Z17,IF(F17="Thử Việc",AE17-W17-X17,IF(F17="CTV",AE17,0))) -> 6000800 | AG17: =IFERROR(IF(AND($F17="Chính Thức",($G17+$H17)>=11),$J17*AG$8,IF(AND($F17="Chính Thức",($G17+$H17)<11,0),IF($F17="Thử Việc",0),"")),0) -> 868000 | AH17: =IFERROR(IF(AND($F17="Chính Thức",($G17+$H17)>=11),$J17*AH$8,IF(AND($F17="Chính Thức",($G17+$H17)<11,0),IF($F17="Thử Việc",0),"")),0) -> 148800 | AI17: =IFERROR(IF(AND($F17="Chính Thức",($G17+$H17)>=11),$J17*AI$8,IF(AND($F17="Chính Thức",($G17+$H17)<11,0),IF($F17="Thử Việc",0),"")),0) -> 49600 | AJ17: =ROUND(SUM(AG17:AI17),0) -> 1066400 | AK17: =IFERROR(IF(AND($F17="Chính Thức",($G17+$H17)>=11),$J17*AK$8,IF(AND($F17="Chính Thức",($G17+$H17)<11,0),IF($F17="Thử Việc",0),"")),0) -> 396800 | AL17: =IFERROR(IF(AND($F17="Chính Thức",($G17+$H17)>=11),$J17*AL$8,IF(AND($F17="Chính Thức",($G17+$H17)<11,0),IF($F17="Thử Việc",0),"")),0) -> 74400 | AM17: =IFERROR(IF(AND($F17="Chính Thức",($G17+$H17)>=11),$J17*AM$8,IF(AND($F17="Chính Thức",($G17+$H17)<11,0),IF($F17="Thử Việc",0),"")),0) -> 49600 | AN17: =ROUND(SUM(AK17:AM17),-1) -> 520800 | AO17: =IF(F17="Chính Thức",$AO$10,0) -> 15500000 | AQ17: =AP17*$AQ$10 -> 0 | AR17: =+AO17+AQ17 -> 15500000 | AS17: =MAX(AF17-AR17-AN17,0) -> 0 | AT17: =IF(F17="Chính Thức",IF(AS17<=0,,IF(AND(AS17>0,AS17<=5000000),5%*AS17,IF(AND(AS17>5000000,AS17<=10000000),10%*AS17-250000,IF(AND(AS17>10000000,AS17<=18000000),15%*AS17-750000,IF(AND(AS17>18000000,AS17<=32000000),20%*AS17-1650000,IF(AND(AS17>32000000,AS17<=52000000),25%*AS17-3250000,IF(AND(AS17>52000000,AS17<=80000000),30%*AS17-5850000,IF(AS17>80000000,35%*AS17-9850000)))))))),IF(AND(F17="Thử Việc",AS17>=2000000),AS17*10%,IF(F17="CTV",AS17*10%))) -> 0 | AV17: =ROUND(AE17-AN17-AT17+AU17,-2) -> 7000000
B18: MS13 | C18: =VLOOKUP(B18,' 5. Thông số TL'!$D$12:$E$25,2,0) -> Lương Văn Châm | D18: Vận hành | E18: Bảo vệ | F18: =IFERROR(VLOOKUP($B18,'3. BẢNG CHẤM CÔNG'!$B$11:$AV$28,6,0),0) -> Thử Việc | G18: =IFERROR(VLOOKUP($B18, '3. BẢNG CHẤM CÔNG'!$B$10:$AV36,43,0),0) -> 8 | H18: =IFERROR(VLOOKUP($B18, '3. BẢNG CHẤM CÔNG'!$B$10:$AV36,44,0),0) -> 0 | J18: =IFERROR(VLOOKUP($B18,' 5. Thông số TL'!$D$12:$T$30,4,0),0) -> 4960000 | K18: =IFERROR(IF($F18="Chính Thức",$J18/$G$4*($G18+$H18),IF($F18="Thử Việc",$J18/$G$4*($G18+$H18)*85%,"")),0) -> 1533090.9 | L18: =SUM(K18) -> 1533090.9 | M18: =IFERROR(VLOOKUP($B18,' 5. Thông số TL'!$D$12:$T$30,5,0),0) -> 4040800 | N18: 1 | O18: =IFERROR(IF($F18="Chính Thức",$M18/$G$4*($G18+$H18)*N18,IF($F18="Thử Việc",$M18/$G$4*N18*($G18+$H18)*85%)),0) -> 1248974.5 | V18: =SUM(T18:U18) -> 0 | W18: =IFERROR(IF($F18="Chính Thức",VLOOKUP($B18,' 5. Thông số TL'!$D$12:$T$30,6,0)/$G$4*($G18+$H18),IF($F18="Thử Việc",VLOOKUP($B18,' 5. Thông số TL'!$D$12:$T$30,6,0)/$G$4*($G18+$H18)*85%,"")),0) -> 222545.45 | X18: =IFERROR(IF($F18="Chính Thức",VLOOKUP($B18,' 5. Thông số TL'!$D$12:$T$30,7,0)/$G$4*($G18+$H18),IF($F18="Thử Việc",VLOOKUP($B18,' 5. Thông số TL'!$D$12:$T$30,7,0)/$G$4*($G18+$H18)*85%,"")),0) -> 123636.36 | Y18: =IFERROR(IF($F18="Chính Thức",VLOOKUP($B18,' 5. Thông số TL'!$D$12:$T$30,8,0)/$G$4*($G18+$H18),IF($F18="Thử Việc",VLOOKUP($B18,' 5. Thông số TL'!$D$12:$T$30,8,0)/$G$4*($G18+$H18)*85%,"")),0) -> 123636.36 | Z18: =SUM(W18:Y18) -> 469818.18 | AA18: =IFERROR(IF($F18="Chính Thức",VLOOKUP($B18,' 5. Thông số TL'!$D$12:$T$30,10,0)/$G$4*($G18+$H18),IF($F18="Thử Việc",VLOOKUP($B18,' 5. Thông số TL'!$D$12:$T$30,10,0)/$G$4*($G18+$H18)*85%,"")),0) -> 0 | AC18: =SUM(AA18:AB18) -> 0 | AD18: =Z18+AC18 -> 469818.18 | AE18: =L18+O18+S18+V18+AD18 -> 3251883.6 | AF18: =IF(F18="Chính Thức",AE18-Z18,IF(F18="Thử Việc",AE18-W18-X18,IF(F18="CTV",AE18,0))) -> 2905701.8 | AG18: =IFERROR(IF(AND($F18="Chính Thức",($G18+$H18)>=11),$J18*AG$8,IF(AND($F18="Chính Thức",($G18+$H18)<11,0),IF($F18="Thử Việc",0),"")),0) | AH18: =IFERROR(IF(AND($F18="Chính Thức",($G18+$H18)>=11),$J18*AH$8,IF(AND($F18="Chính Thức",($G18+$H18)<11,0),IF($F18="Thử Việc",0),"")),0) | AI18: =IFERROR(IF(AND($F18="Chính Thức",($G18+$H18)>=11),$J18*AI$8,IF(AND($F18="Chính Thức",($G18+$H18)<11,0),IF($F18="Thử Việc",0),"")),0) | AJ18: =ROUND(SUM(AG18:AI18),0) -> 0 | AK18: =IFERROR(IF(AND($F18="Chính Thức",($G18+$H18)>=11),$J18*AK$8,IF(AND($F18="Chính Thức",($G18+$H18)<11,0),IF($F18="Thử Việc",0),"")),0) | AL18: =IFERROR(IF(AND($F18="Chính Thức",($G18+$H18)>=11),$J18*AL$8,IF(AND($F18="Chính Thức",($G18+$H18)<11,0),IF($F18="Thử Việc",0),"")),0) | AM18: =IFERROR(IF(AND($F18="Chính Thức",($G18+$H18)>=11),$J18*AM$8,IF(AND($F18="Chính Thức",($G18+$H18)<11,0),IF($F18="Thử Việc",0),"")),0) | AN18: =ROUND(SUM(AK18:AM18),-1) -> 0 | AO18: =IF(F18="Chính Thức",$AO$10,0) -> 0 | AQ18: =AP18*$AQ$10 -> 0 | AR18: =+AO18+AQ18 -> 0 | AS18: =MAX(AF18-AR18-AN18,0) -> 2905701.8 | AT18: =IF(F18="Chính Thức",IF(AS18<=0,,IF(AND(AS18>0,AS18<=5000000),5%*AS18,IF(AND(AS18>5000000,AS18<=10000000),10%*AS18-250000,IF(AND(AS18>10000000,AS18<=18000000),15%*AS18-750000,IF(AND(AS18>18000000,AS18<=32000000),20%*AS18-1650000,IF(AND(AS18>32000000,AS18<=52000000),25%*AS18-3250000,IF(AND(AS18>52000000,AS18<=80000000),30%*AS18-5850000,IF(AS18>80000000,35%*AS18-9850000)))))))),IF(AND(F18="Thử Việc",AS18>=2000000),AS18*10%,IF(F18="CTV",AS18*10%))) -> 290570.18 | AV18: =ROUND(AE18-AN18-AT18+AU18,-2) -> 2961300
B19: MS13 | C19: =VLOOKUP(B19,' 5. Thông số TL'!$D$12:$E$25,2,0) -> Lương Văn Châm | D19: Vận hành | E19: Bảo vệ | F19: Chính thức | G19: 10 | H19: 2 | J19: =IFERROR(VLOOKUP($B19,' 5. Thông số TL'!$D$12:$T$30,4,0),0) -> 4960000 | K19: =IFERROR(IF($F19="Chính Thức",$J19/$G$4*($G19+$H19),IF($F19="Thử Việc",$J19/$G$4*($G19+$H19)*85%,"")),0) -> 2705454.5 | L19: =SUM(K19) -> 2705454.5 | M19: =IFERROR(VLOOKUP($B19,' 5. Thông số TL'!$D$12:$T$30,5,0),0) -> 4040800 | N19: 1 | O19: =IFERROR(IF($F19="Chính Thức",$M19/$G$4*($G19+$H19)*N19,IF($F19="Thử Việc",$M19/$G$4*N19*($G19+$H19)*85%)),0) -> 2204072.7 | V19: =SUM(T19:U19) -> 0 | W19: =IFERROR(IF($F19="Chính Thức",VLOOKUP($B19,' 5. Thông số TL'!$D$12:$T$30,6,0)/$G$4*($G19+$H19),IF($F19="Thử Việc",VLOOKUP($B19,' 5. Thông số TL'!$D$12:$T$30,6,0)/$G$4*($G19+$H19)*85%,"")),0) -> 392727.27 | X19: =IFERROR(IF($F19="Chính Thức",VLOOKUP($B19,' 5. Thông số TL'!$D$12:$T$30,7,0)/$G$4*($G19+$H19),IF($F19="Thử Việc",VLOOKUP($B19,' 5. Thông số TL'!$D$12:$T$30,7,0)/$G$4*($G19+$H19)*85%,"")),0) -> 218181.82 | Y19: =IFERROR(IF($F19="Chính Thức",VLOOKUP($B19,' 5. Thông số TL'!$D$12:$T$30,8,0)/$G$4*($G19+$H19),IF($F19="Thử Việc",VLOOKUP($B19,' 5. Thông số TL'!$D$12:$T$30,8,0)/$G$4*($G19+$H19)*85%,"")),0) -> 218181.82 | Z19: =SUM(W19:Y19) -> 829090.91 | AA19: =IFERROR(IF($F19="Chính Thức",VLOOKUP($B19,' 5. Thông số TL'!$D$12:$T$30,10,0)/$G$4*($G19+$H19),IF($F19="Thử Việc",VLOOKUP($B19,' 5. Thông số TL'!$D$12:$T$30,10,0)/$G$4*($G19+$H19)*85%,"")),0) -> 0 | AC19: =SUM(AA19:AB19) -> 0 | AD19: =Z19+AC19 -> 829090.91 | AE19: =L19+O19+S19+V19+AD19 -> 5738618.2 | AF19: =IF(F19="Chính Thức",AE19-Z19,IF(F19="Thử Việc",AE19-W19-X19,IF(F19="CTV",AE19,0))) -> 4909527.3 | AG19: =IFERROR(IF(AND($F19="Chính Thức",($G19+$H19)>=11),$J19*AG$8,IF(AND($F19="Chính Thức",($G19+$H19)<11,0),IF($F19="Thử Việc",0),"")),0) -> 868000 | AH19: =IFERROR(IF(AND($F19="Chính Thức",($G19+$H19)>=11),$J19*AH$8,IF(AND($F19="Chính Thức",($G19+$H19)<11,0),IF($F19="Thử Việc",0),"")),0) -> 148800 | AI19: =IFERROR(IF(AND($F19="Chính Thức",($G19+$H19)>=11),$J19*AI$8,IF(AND($F19="Chính Thức",($G19+$H19)<11,0),IF($F19="Thử Việc",0),"")),0) -> 49600 | AJ19: =ROUND(SUM(AG19:AI19),0) -> 1066400 | AK19: =IFERROR(IF(AND($F19="Chính Thức",($G19+$H19)>=11),$J19*AK$8,IF(AND($F19="Chính Thức",($G19+$H19)<11,0),IF($F19="Thử Việc",0),"")),0) -> 396800 | AL19: =IFERROR(IF(AND($F19="Chính Thức",($G19+$H19)>=11),$J19*AL$8,IF(AND($F19="Chính Thức",($G19+$H19)<11,0),IF($F19="Thử Việc",0),"")),0) -> 74400 | AM19: =IFERROR(IF(AND($F19="Chính Thức",($G19+$H19)>=11),$J19*AM$8,IF(AND($F19="Chính Thức",($G19+$H19)<11,0),IF($F19="Thử Việc",0),"")),0) -> 49600 | AN19: =ROUND(SUM(AK19:AM19),-1) -> 520800 | AO19: =IF(F19="Chính Thức",$AO$10,0) -> 15500000 | AQ19: =AP19*$AQ$10 -> 0 | AR19: =+AO19+AQ19 -> 15500000 | AS19: =MAX(AF19-AR19-AN19,0) -> 0 | AT19: =IF(F19="Chính Thức",IF(AS19<=0,,IF(AND(AS19>0,AS19<=5000000),5%*AS19,IF(AND(AS19>5000000,AS19<=10000000),10%*AS19-250000,IF(AND(AS19>10000000,AS19<=18000000),15%*AS19-750000,IF(AND(AS19>18000000,AS19<=32000000),20%*AS19-1650000,IF(AND(AS19>32000000,AS19<=52000000),25%*AS19-3250000,IF(AND(AS19>52000000,AS19<=80000000),30%*AS19-5850000,IF(AS19>80000000,35%*AS19-9850000)))))))),IF(AND(F19="Thử Việc",AS19>=2000000),AS19*10%,IF(F19="CTV",AS19*10%))) -> 0 | AV19: =ROUND(AE19-AN19-AT19+AU19,-2) -> 5217800
B20: MS12 | C20: =VLOOKUP(B20,' 5. Thông số TL'!$D$12:$E$25,2,0) -> Đinh Thị Bích Ngọc | D20: Vận hành | E20: HK | F20: Thử việc | G20: 7 | H20: 0 | J20: =IFERROR(VLOOKUP($B20,' 5. Thông số TL'!$D$12:$T$30,4,0),0) -> 4960000 | K20: =IFERROR(IF($F20="Chính Thức",$J20/$G$4*($G20+$H20),IF($F20="Thử Việc",$J20/$G$4*($G20+$H20)*85%,"")),0) -> 1341454.5 | L20: =SUM(K20) -> 1341454.5 | M20: =IFERROR(VLOOKUP($B20,' 5. Thông số TL'!$D$12:$T$30,5,0),0) -> 1040800 | N20: 1 | O20: =IFERROR(IF($F20="Chính Thức",$M20/$G$4*($G20+$H20)*N20,IF($F20="Thử Việc",$M20/$G$4*N20*($G20+$H20)*85%)),0) -> 281489.09 | V20: =SUM(T20:U20) -> 0 | W20: =IFERROR(IF($F20="Chính Thức",VLOOKUP($B20,' 5. Thông số TL'!$D$12:$T$30,6,0)/$G$4*($G20+$H20),IF($F20="Thử Việc",VLOOKUP($B20,' 5. Thông số TL'!$D$12:$T$30,6,0)/$G$4*($G20+$H20)*85%,"")),0) -> 194727.27 | X20: =IFERROR(IF($F20="Chính Thức",VLOOKUP($B20,' 5. Thông số TL'!$D$12:$T$30,7,0)/$G$4*($G20+$H20),IF($F20="Thử Việc",VLOOKUP($B20,' 5. Thông số TL'!$D$12:$T$30,7,0)/$G$4*($G20+$H20)*85%,"")),0) -> 108181.82 | Y20: =IFERROR(IF($F20="Chính Thức",VLOOKUP($B20,' 5. Thông số TL'!$D$12:$T$30,8,0)/$G$4*($G20+$H20),IF($F20="Thử Việc",VLOOKUP($B20,' 5. Thông số TL'!$D$12:$T$30,8,0)/$G$4*($G20+$H20)*85%,"")),0) -> 108181.82 | Z20: =SUM(W20:Y20) -> 411090.91 | AA20: =IFERROR(IF($F20="Chính Thức",VLOOKUP($B20,' 5. Thông số TL'!$D$12:$T$30,10,0)/$G$4*($G20+$H20),IF($F20="Thử Việc",VLOOKUP($B20,' 5. Thông số TL'!$D$12:$T$30,10,0)/$G$4*($G20+$H20)*85%,"")),0) -> 0 | AC20: =SUM(AA20:AB20) -> 0 | AD20: =Z20+AC20 -> 411090.91 | AE20: =L20+O20+S20+V20+AD20 -> 2034034.5 | AF20: =IF(F20="Chính Thức",AE20-Z20,IF(F20="Thử Việc",AE20-W20-X20,IF(F20="CTV",AE20,0))) -> 1731125.5 | AG20: =IFERROR(IF(AND($F20="Chính Thức",($G20+$H20)>=11),$J20*AG$8,IF(AND($F20="Chính Thức",($G20+$H20)<11,0),IF($F20="Thử Việc",0),"")),0) | AH20: =IFERROR(IF(AND($F20="Chính Thức",($G20+$H20)>=11),$J20*AH$8,IF(AND($F20="Chính Thức",($G20+$H20)<11,0),IF($F20="Thử Việc",0),"")),0) | AI20: =IFERROR(IF(AND($F20="Chính Thức",($G20+$H20)>=11),$J20*AI$8,IF(AND($F20="Chính Thức",($G20+$H20)<11,0),IF($F20="Thử Việc",0),"")),0) | AJ20: =ROUND(SUM(AG20:AI20),0) -> 0 | AK20: =IFERROR(IF(AND($F20="Chính Thức",($G20+$H20)>=11),$J20*AK$8,IF(AND($F20="Chính Thức",($G20+$H20)<11,0),IF($F20="Thử Việc",0),"")),0) | AL20: =IFERROR(IF(AND($F20="Chính Thức",($G20+$H20)>=11),$J20*AL$8,IF(AND($F20="Chính Thức",($G20+$H20)<11,0),IF($F20="Thử Việc",0),"")),0) | AM20: =IFERROR(IF(AND($F20="Chính Thức",($G20+$H20)>=11),$J20*AM$8,IF(AND($F20="Chính Thức",($G20+$H20)<11,0),IF($F20="Thử Việc",0),"")),0) | AN20: =ROUND(SUM(AK20:AM20),-1) -> 0 | AO20: =IF(F20="Chính Thức",$AO$10,0) -> 0 | AQ20: =AP20*$AQ$10 -> 0 | AR20: =+AO20+AQ20 -> 0 | AS20: =MAX(AF20-AR20-AN20,0) -> 1731125.5 | AT20: =IF(F20="Chính Thức",IF(AS20<=0,,IF(AND(AS20>0,AS20<=5000000),5%*AS20,IF(AND(AS20>5000000,AS20<=10000000),10%*AS20-250000,IF(AND(AS20>10000000,AS20<=18000000),15%*AS20-750000,IF(AND(AS20>18000000,AS20<=32000000),20%*AS20-1650000,IF(AND(AS20>32000000,AS20<=52000000),25%*AS20-3250000,IF(AND(AS20>52000000,AS20<=80000000),30%*AS20-5850000,IF(AS20>80000000,35%*AS20-9850000)))))))),IF(AND(F20="Thử Việc",AS20>=2000000),AS20*10%,IF(F20="CTV",AS20*10%))) -> FALSE | AV20: =ROUND(AE20-AN20-AT20+AU20,-2) -> 2034000
B21: MS12 | C21: =VLOOKUP(B21,' 5. Thông số TL'!$D$12:$E$25,2,0) -> Đinh Thị Bích Ngọc | D21: Vận hành | E21: HK | F21: =IFERROR(VLOOKUP($B21,'3. BẢNG CHẤM CÔNG'!$B$11:$AV$28,6,0),0) -> Chính Thức | G21: =G20+G17 -> 27 | H21: =H20+H17 -> 2 | I21: =I20+I17 -> 0 | J21: =J20+J17 -> 9920000 | K21: =K20+K17 -> 6301454.5 | L21: =L20+L17 -> 6301454.5 | M21: =M20+M17 -> 2081600 | O21: =O20+O17 -> 1322289.1 | P21: =P20+P17 -> 0 | Q21: =Q20+Q17 -> 0 | R21: =R20+R17 -> 0 | S21: =S20+S17 -> 0 | T21: =T20+T17 -> 0 | U21: =U20+U17 -> 0 | V21: =V20+V17 -> 0 | ... AF21: =AF20+AF17 -> 7731925.5 | AG21: =AG17 -> 868000 | AH21: =AH17 -> 148800 | AI21: =AI17 -> 49600 | AJ21: =AJ20+AJ17 -> 1066400 | AK21: =AK17 -> 396800 | AL21: =AL17 -> 74400 | AM21: =AM17 -> 49600 | AN21: =AN20+AN17 -> 520800 | AO21: =AO20+AO17 -> 15500000 | AP21: =AP20+AP17 -> 0 | AQ21: =AQ20+AQ17 -> 0 | AR21: =AR20+AR17 -> 15500000 | AS21: =AS20+AS17 -> 1731125.5 | AT21: =AT20+AT17 -> 0 | AU21: =AU20+AU17 -> 0 | AV21: =AV20+AV17 -> 9034000
B22: MS13 | C22: Lương Văn Châm | D22: Vận hành | E22: Bảo vệ | G22: =G19+G18 -> 18 | H22: =H19+H18 -> 2 | I22: =I19+I18 -> 0 | J22: =J19+J18 -> 9920000 | K22: =K19+K18 -> 4238545.5 | L22: =L19+L18 -> 4238545.5 | M22: =M19+M18 -> 8081600 | N22: 1 | O22: =O19+O18 -> 3453047.3 | P22: =P19+P18 -> 0 | Q22: =Q19+Q18 -> 0 | R22: =R19+R18 -> 0 | S22: =S19+S18 -> 0 | T22: =T19+T18 -> 0 | U22: =U19+U18 -> 0 | V22: =V19+V18 -> 0 | ... AF22: =AF19+AF18 -> 7815229.1 | AG22: =AG19 -> 868000 | AH22: =AH19 -> 148800 | AI22: =AI19 -> 49600 | AJ22: =AJ19+AJ18 -> 1066400 | AK22: =AK19 -> 396800 | AL22: =AL19 -> 74400 | AM22: =AM19 -> 49600 | AN22: =AN19+AN18 -> 520800 | AO22: =AO19+AO18 -> 15500000 | AP22: =AP19+AP18 -> 0 | AQ22: =AQ19+AQ18 -> 0 | AR22: =AR19+AR18 -> 15500000 | AS22: =AS19+AS18 -> 2905701.8 | AT22: =AT19+AT18 -> 290570.18 | AU22: =AU19+AU18 -> 0 | AV22: =AV19+AV18 -> 8179100
B23: MS14 | C23: =VLOOKUP(B23,' 5. Thông số TL'!$D$12:$E$25,2,0) -> Nguyễn Thị Phúc | D23: Vận hành | E23: Y tế | F23: =IFERROR(VLOOKUP($B23,'3. BẢNG CHẤM CÔNG'!$B$11:$AV$28,6,0),0) -> Chính Thức | G23: =IFERROR(VLOOKUP($B23, '3. BẢNG CHẤM CÔNG'!$B$10:$AV37,43,0),0) -> 20 | H23: =IFERROR(VLOOKUP($B23, '3. BẢNG CHẤM CÔNG'!$B$10:$AV37,44,0),0) -> 2 | J23: =IFERROR(VLOOKUP($B23,' 5. Thông số TL'!$D$12:$T$30,4,0),0) -> 5500000 | K23: =IFERROR(IF($F23="Chính Thức",$J23/$G$4*($G23+$H23),IF($F23="Thử Việc",$J23/$G$4*($G23+$H23)*85%,"")),0) -> 5500000 | L23: =SUM(K23) -> 5500000 | M23: =IFERROR(VLOOKUP($B23,' 5. Thông số TL'!$D$12:$T$30,5,0),0) -> 3457500 | N23: 1 | O23: =IFERROR(IF($F23="Chính Thức",$M23/$G$4*($G23+$H23)*N23,IF($F23="Thử Việc",$M23/$G$4*N23*($G23+$H23)*85%)),0) -> 3457500 | V23: =SUM(T23:U23) -> 0 | W23: =IFERROR(IF($F23="Chính Thức",VLOOKUP($B23,' 5. Thông số TL'!$D$12:$T$30,6,0)/$G$4*($G23+$H23),IF($F23="Thử Việc",VLOOKUP($B23,' 5. Thông số TL'!$D$12:$T$30,6,0)/$G$4*($G23+$H23)*85%,"")),0) -> 720000 | X23: =IFERROR(IF($F23="Chính Thức",VLOOKUP($B23,' 5. Thông số TL'!$D$12:$T$30,7,0)/$G$4*($G23+$H23),IF($F23="Thử Việc",VLOOKUP($B23,' 5. Thông số TL'!$D$12:$T$30,7,0)/$G$4*($G23+$H23)*85%,"")),0) -> 400000 | Y23: =IFERROR(IF($F23="Chính Thức",VLOOKUP($B23,' 5. Thông số TL'!$D$12:$T$30,8,0)/$G$4*($G23+$H23),IF($F23="Thử Việc",VLOOKUP($B23,' 5. Thông số TL'!$D$12:$T$30,8,0)/$G$4*($G23+$H23)*85%,"")),0) -> 500000 | Z23: =SUM(W23:Y23) -> 1620000 | AA23: =IFERROR(IF($F23="Chính Thức",VLOOKUP($B23,' 5. Thông số TL'!$D$12:$T$30,10,0)/$G$4*($G23+$H23),IF($F23="Thử Việc",VLOOKUP($B23,' 5. Thông số TL'!$D$12:$T$30,10,0)/$G$4*($G23+$H23)*85%,"")),0) -> 0 | AC23: =SUM(AA23:AB23) -> 0 | AD23: =Z23+AC23 -> 1620000 | AE23: =L23+O23+S23+V23+AD23 -> 10577500 | AF23: =IF(F23="Chính Thức",AE23-Z23,IF(F23="Thử Việc",AE23-W23-X23,IF(F23="CTV",AE23,0))) -> 8957500 | AG23: =IFERROR(IF(AND($F23="Chính Thức",($G23+$H23)>=11),$J23*AG$8,IF(AND($F23="Chính Thức",($G23+$H23)<11,0),IF($F23="Thử Việc",0),"")),0) -> 962500 | AH23: =IFERROR(IF(AND($F23="Chính Thức",($G23+$H23)>=11),$J23*AH$8,IF(AND($F23="Chính Thức",($G23+$H23)<11,0),IF($F23="Thử Việc",0),"")),0) -> 165000 | AI23: =IFERROR(IF(AND($F23="Chính Thức",($G23+$H23)>=11),$J23*AI$8,IF(AND($F23="Chính Thức",($G23+$H23)<11,0),IF($F23="Thử Việc",0),"")),0) -> 55000 | AJ23: =ROUND(SUM(AG23:AI23),0) -> 1182500 | AK23: =IFERROR(IF(AND($F23="Chính Thức",($G23+$H23)>=11),$J23*AK$8,IF(AND($F23="Chính Thức",($G23+$H23)<11,0),IF($F23="Thử Việc",0),"")),0) -> 440000 | AL23: =IFERROR(IF(AND($F23="Chính Thức",($G23+$H23)>=11),$J23*AL$8,IF(AND($F23="Chính Thức",($G23+$H23)<11,0),IF($F23="Thử Việc",0),"")),0) -> 82500 | AM23: =IFERROR(IF(AND($F23="Chính Thức",($G23+$H23)>=11),$J23*AM$8,IF(AND($F23="Chính Thức",($G23+$H23)<11,0),IF($F23="Thử Việc",0),"")),0) -> 55000 | AN23: =ROUND(SUM(AK23:AM23),-1) -> 577500 | AO23: =IF(F23="Chính Thức",$AO$10,0) -> 15500000 | AQ23: =AP23*$AQ$10 -> 0 | AR23: =+AO23+AQ23 -> 15500000 | AS23: =MAX(AF23-AR23-AN23,0) -> 0 | AT23: =IF(F23="Chính Thức",IF(AS23<=0,,IF(AND(AS23>0,AS23<=5000000),5%*AS23,IF(AND(AS23>5000000,AS23<=10000000),10%*AS23-250000,IF(AND(AS23>10000000,AS23<=18000000),15%*AS23-750000,IF(AND(AS23>18000000,AS23<=32000000),20%*AS23-1650000,IF(AND(AS23>32000000,AS23<=52000000),25%*AS23-3250000,IF(AND(AS23>52000000,AS23<=80000000),30%*AS23-5850000,IF(AS23>80000000,35%*AS23-9850000)))))))),IF(AND(F23="Thử Việc",AS23>=2000000),AS23*10%,IF(F23="CTV",AS23*10%))) -> 0 | AV23: =ROUND(AE23-AN23-AT23+AU23,-2) -> 10000000
B24: MS15 | C24: =VLOOKUP(B24,' 5. Thông số TL'!$D$12:$E$25,2,0) -> Nguyễn Thị Thuỳ Trang | D24: Vận hành | E24: Vận hành | F24: =IFERROR(VLOOKUP($B24,'3. BẢNG CHẤM CÔNG'!$B$11:$AV$28,6,0),0) -> Thử Việc | G24: =IFERROR(VLOOKUP($B24, '3. BẢNG CHẤM CÔNG'!$B$10:$AV38,43,0),0) -> 16 | H24: =IFERROR(VLOOKUP($B24, '3. BẢNG CHẤM CÔNG'!$B$10:$AV38,44,0),0) -> 0 | J24: =IFERROR(VLOOKUP($B24,' 5. Thông số TL'!$D$12:$T$30,4,0),0) -> 5500000 | K24: =IFERROR(IF($F24="Chính Thức",$J24/$G$4*($G24+$H24),IF($F24="Thử Việc",$J24/$G$4*($G24+$H24)*85%,"")),0) -> 3400000 | L24: =SUM(K24) -> 3400000 | M24: =IFERROR(VLOOKUP($B24,' 5. Thông số TL'!$D$12:$T$30,5,0),0) -> 2457500 | N24: 1 | O24: =IFERROR(IF($F24="Chính Thức",$M24/$G$4*($G24+$H24)*N24,IF($F24="Thử Việc",$M24/$G$4*N24*($G24+$H24)*85%)),0) -> 1519181.8 | V24: =SUM(T24:U24) -> 0 | W24: =IFERROR(IF($F24="Chính Thức",VLOOKUP($B24,' 5. Thông số TL'!$D$12:$T$30,6,0)/$G$4*($G24+$H24),IF($F24="Thử Việc",VLOOKUP($B24,' 5. Thông số TL'!$D$12:$T$30,6,0)/$G$4*($G24+$H24)*85%,"")),0) -> 445090.91 | X24: =IFERROR(IF($F24="Chính Thức",VLOOKUP($B24,' 5. Thông số TL'!$D$12:$T$30,7,0)/$G$4*($G24+$H24),IF($F24="Thử Việc",VLOOKUP($B24,' 5. Thông số TL'!$D$12:$T$30,7,0)/$G$4*($G24+$H24)*85%,"")),0) -> 247272.73 | Y24: =IFERROR(IF($F24="Chính Thức",VLOOKUP($B24,' 5. Thông số TL'!$D$12:$T$30,8,0)/$G$4*($G24+$H24),IF($F24="Thử Việc",VLOOKUP($B24,' 5. Thông số TL'!$D$12:$T$30,8,0)/$G$4*($G24+$H24)*85%,"")),0) -> 309090.91 | Z24: =SUM(W24:Y24) -> 1001454.5 | AA24: =IFERROR(IF($F24="Chính Thức",VLOOKUP($B24,' 5. Thông số TL'!$D$12:$T$30,10,0)/$G$4*($G24+$H24),IF($F24="Thử Việc",VLOOKUP($B24,' 5. Thông số TL'!$D$12:$T$30,10,0)/$G$4*($G24+$H24)*85%,"")),0) -> 0 | AC24: =SUM(AA24:AB24) -> 0 | AD24: =Z24+AC24 -> 1001454.5 | AE24: =L24+O24+S24+V24+AD24 -> 5920636.4 | AF24: =IF(F24="Chính Thức",AE24-Z24,IF(F24="Thử Việc",AE24-W24-X24,IF(F24="CTV",AE24,0))) -> 5228272.7 | AG24: =IFERROR(IF(AND($F24="Chính Thức",($G24+$H24)>=11),$J24*AG$8,IF(AND($F24="Chính Thức",($G24+$H24)<11,0),IF($F24="Thử Việc",0),"")),0) | AH24: =IFERROR(IF(AND($F24="Chính Thức",($G24+$H24)>=11),$J24*AH$8,IF(AND($F24="Chính Thức",($G24+$H24)<11,0),IF($F24="Thử Việc",0),"")),0) | AI24: =IFERROR(IF(AND($F24="Chính Thức",($G24+$H24)>=11),$J24*AI$8,IF(AND($F24="Chính Thức",($G24+$H24)<11,0),IF($F24="Thử Việc",0),"")),0) | AJ24: =ROUND(SUM(AG24:AI24),0) -> 0 | AK24: =IFERROR(IF(AND($F24="Chính Thức",($G24+$H24)>=11),$J24*AK$8,IF(AND($F24="Chính Thức",($G24+$H24)<11,0),IF($F24="Thử Việc",0),"")),0) | AL24: =IFERROR(IF(AND($F24="Chính Thức",($G24+$H24)>=11),$J24*AL$8,IF(AND($F24="Chính Thức",($G24+$H24)<11,0),IF($F24="Thử Việc",0),"")),0) | AM24: =IFERROR(IF(AND($F24="Chính Thức",($G24+$H24)>=11),$J24*AM$8,IF(AND($F24="Chính Thức",($G24+$H24)<11,0),IF($F24="Thử Việc",0),"")),0) | AN24: =ROUND(SUM(AK24:AM24),-1) -> 0 | AO24: =IF(F24="Chính Thức",$AO$10,0) -> 0 | AQ24: =AP24*$AQ$10 -> 0 | AR24: =+AO24+AQ24 -> 0 | AS24: =MAX(AF24-AR24-AN24,0) -> 5228272.7 | AT24: =IF(F24="Chính Thức",IF(AS24<=0,,IF(AND(AS24>0,AS24<=5000000),5%*AS24,IF(AND(AS24>5000000,AS24<=10000000),10%*AS24-250000,IF(AND(AS24>10000000,AS24<=18000000),15%*AS24-750000,IF(AND(AS24>18000000,AS24<=32000000),20%*AS24-1650000,IF(AND(AS24>32000000,AS24<=52000000),25%*AS24-3250000,IF(AND(AS24>52000000,AS24<=80000000),30%*AS24-5850000,IF(AS24>80000000,35%*AS24-9850000)))))))),IF(AND(F24="Thử Việc",AS24>=2000000),AS24*10%,IF(F24="CTV",AS24*10%))) -> 522827.27 | AV24: =ROUND(AE24-AN24-AT24+AU24,-2) -> 5397800
B25: MS16 | C25: Phạm Thị Hương Thuỷ | D25: Vận hành | E25: Kế toán | F25: =IFERROR(VLOOKUP($B25,'3. BẢNG CHẤM CÔNG'!$B$11:$AV$28,6,0),0) -> Thử Việc | G25: =IFERROR(VLOOKUP($B25, '3. BẢNG CHẤM CÔNG'!$B$10:$AV39,43,0),0) -> 17 | H25: =IFERROR(VLOOKUP($B25, '3. BẢNG CHẤM CÔNG'!$B$10:$AV39,44,0),0) -> 0 | J25: =IFERROR(VLOOKUP($B25,' 5. Thông số TL'!$D$12:$T$30,4,0),0) -> 5500000 | K25: =IFERROR(IF($F25="Chính Thức",$J25/$G$4*($G25+$H25),IF($F25="Thử Việc",$J25/$G$4*($G25+$H25)*85%,"")),0) -> 3612500 | L25: =SUM(K25) -> 3612500 | M25: =IFERROR(VLOOKUP($B25,' 5. Thông số TL'!$D$12:$T$30,5,0),0) -> 5880000 | N25: 1 | O25: =IFERROR(IF($F25="Chính Thức",$M25/$G$4*($G25+$H25)*N25,IF($F25="Thử Việc",$M25/$G$4*N25*($G25+$H25)*85%)),0) -> 3862090.9 | V25: =SUM(T25:U25) -> 0 | W25: =IFERROR(IF($F25="Chính Thức",VLOOKUP($B25,' 5. Thông số TL'!$D$12:$T$30,6,0)/$G$4*($G25+$H25),IF($F25="Thử Việc",VLOOKUP($B25,' 5. Thông số TL'!$D$12:$T$30,6,0)/$G$4*($G25+$H25)*85%,"")),0) -> 472909.09 | X25: =IFERROR(IF($F25="Chính Thức",VLOOKUP($B25,' 5. Thông số TL'!$D$12:$T$30,7,0)/$G$4*($G25+$H25),IF($F25="Thử Việc",VLOOKUP($B25,' 5. Thông số TL'!$D$12:$T$30,7,0)/$G$4*($G25+$H25)*85%,"")),0) -> 262727.27 | Y25: =IFERROR(IF($F25="Chính Thức",VLOOKUP($B25,' 5. Thông số TL'!$D$12:$T$30,8,0)/$G$4*($G25+$H25),IF($F25="Thử Việc",VLOOKUP($B25,' 5. Thông số TL'!$D$12:$T$30,8,0)/$G$4*($G25+$H25)*85%,"")),0) -> 328409.09 | Z25: =SUM(W25:Y25) -> 1064045.5 | AA25: =IFERROR(IF($F25="Chính Thức",VLOOKUP($B25,' 5. Thông số TL'!$D$12:$T$30,10,0)/$G$4*($G25+$H25),IF($F25="Thử Việc",VLOOKUP($B25,' 5. Thông số TL'!$D$12:$T$30,10,0)/$G$4*($G25+$H25)*85%,"")),0) -> 0 | AC25: =SUM(AA25:AB25) -> 0 | AD25: =Z25+AC25 -> 1064045.5 | AE25: =L25+O25+S25+V25+AD25 -> 8538636.4 | AF25: =IF(F25="Chính Thức",AE25-Z25,IF(F25="Thử Việc",AE25-W25-X25,IF(F25="CTV",AE25,0))) -> 7803000 | AG25: =IFERROR(IF(AND($F25="Chính Thức",($G25+$H25)>=11),$J25*AG$8,IF(AND($F25="Chính Thức",($G25+$H25)<11,0),IF($F25="Thử Việc",0),"")),0) | AH25: =IFERROR(IF(AND($F25="Chính Thức",($G25+$H25)>=11),$J25*AH$8,IF(AND($F25="Chính Thức",($G25+$H25)<11,0),IF($F25="Thử Việc",0),"")),0) | AI25: =IFERROR(IF(AND($F25="Chính Thức",($G25+$H25)>=11),$J25*AI$8,IF(AND($F25="Chính Thức",($G25+$H25)<11,0),IF($F25="Thử Việc",0),"")),0) | AJ25: =ROUND(SUM(AG25:AI25),0) -> 0 | AK25: =IFERROR(IF(AND($F25="Chính Thức",($G25+$H25)>=11),$J25*AK$8,IF(AND($F25="Chính Thức",($G25+$H25)<11,0),IF($F25="Thử Việc",0),"")),0) | AL25: =IFERROR(IF(AND($F25="Chính Thức",($G25+$H25)>=11),$J25*AL$8,IF(AND($F25="Chính Thức",($G25+$H25)<11,0),IF($F25="Thử Việc",0),"")),0) | AM25: =IFERROR(IF(AND($F25="Chính Thức",($G25+$H25)>=11),$J25*AM$8,IF(AND($F25="Chính Thức",($G25+$H25)<11,0),IF($F25="Thử Việc",0),"")),0) | AN25: =ROUND(SUM(AK25:AM25),-1) -> 0 | AO25: =IF(F25="Chính Thức",$AO$10,0) -> 0 | AQ25: =AP25*$AQ$10 -> 0 | AR25: =+AO25+AQ25 -> 0 | AS25: =MAX(AF25-AR25-AN25,0) -> 7803000 | AT25: =IF(F25="Chính Thức",IF(AS25<=0,,IF(AND(AS25>0,AS25<=5000000),5%*AS25,IF(AND(AS25>5000000,AS25<=10000000),10%*AS25-250000,IF(AND(AS25>10000000,AS25<=18000000),15%*AS25-750000,IF(AND(AS25>18000000,AS25<=32000000),20%*AS25-1650000,IF(AND(AS25>32000000,AS25<=52000000),25%*AS25-3250000,IF(AND(AS25>52000000,AS25<=80000000),30%*AS25-5850000,IF(AS25>80000000,35%*AS25-9850000)))))))),IF(AND(F25="Thử Việc",AS25>=2000000),AS25*10%,IF(F25="CTV",AS25*10%))) -> 780300 | AV25: =ROUND(AE25-AN25-AT25+AU25,-2) -> 7758300
B26: MS19 | C26: Bác Hạnh | D26: Vận hành | E26: NV Bếp | F26: =IFERROR(VLOOKUP($B26,'3. BẢNG CHẤM CÔNG'!$B$11:$AV$28,6,0),0) -> Part Time | G26: =IFERROR(VLOOKUP($B26, '3. BẢNG CHẤM CÔNG'!$B$10:$AV40,43,0),0) -> 18 | H26: =IFERROR(VLOOKUP($B26, '3. BẢNG CHẤM CÔNG'!$B$10:$AV40,44,0),0) -> 0 | J26: =IFERROR(VLOOKUP($B26,' 5. Thông số TL'!$D$12:$T$30,4,0),0) -> 0 | K26: =IFERROR(IF($F26="Chính Thức",$J26/$G$4*($G26+$H26),IF($F26="Thử Việc",$J26/$G$4*($G26+$H26)*85%,"")),0) | L26: =SUM(K26) -> 0 | M26: =IFERROR(VLOOKUP($B26,' 5. Thông số TL'!$D$12:$T$30,5,0),0) -> 0 | N26: 1 | O26: =IFERROR(IF($F26="Chính Thức",$M26/$G$4*($G26+$H26)*N26,IF($F26="Thử Việc",$M26/$G$4*N26*($G26+$H26)*85%)),0) -> FALSE | V26: =SUM(T26:U26) -> 0 | W26: =IFERROR(IF($F26="Chính Thức",VLOOKUP($B26,' 5. Thông số TL'!$D$12:$T$30,6,0)/$G$4*($G26+$H26),IF($F26="Thử Việc",VLOOKUP($B26,' 5. Thông số TL'!$D$12:$T$30,6,0)/$G$4*($G26+$H26)*85%,"")),0) | X26: =IFERROR(IF($F26="Chính Thức",VLOOKUP($B26,' 5. Thông số TL'!$D$12:$T$30,7,0)/$G$4*($G26+$H26),IF($F26="Thử Việc",VLOOKUP($B26,' 5. Thông số TL'!$D$12:$T$30,7,0)/$G$4*($G26+$H26)*85%,"")),0) | Y26: =IFERROR(IF($F26="Chính Thức",VLOOKUP($B26,' 5. Thông số TL'!$D$12:$T$30,8,0)/$G$4*($G26+$H26),IF($F26="Thử Việc",VLOOKUP($B26,' 5. Thông số TL'!$D$12:$T$30,8,0)/$G$4*($G26+$H26)*85%,"")),0) | Z26: =SUM(W26:Y26) -> 0 | AA26: =IFERROR(IF($F26="Chính Thức",VLOOKUP($B26,' 5. Thông số TL'!$D$12:$T$30,10,0)/$G$4*($G26+$H26),IF($F26="Thử Việc",VLOOKUP($B26,' 5. Thông số TL'!$D$12:$T$30,10,0)/$G$4*($G26+$H26)*85%,"")),0) | AC26: =SUM(AA26:AB26) -> 0 | AD26: =Z26+AC26 -> 0 | AE26: =500000*18 -> 9000000 | AF26: =AE26 -> 9000000 | AG26: =IFERROR(IF(AND($F26="Chính Thức",($G26+$H26)>=11),$J26*AG$8,IF(AND($F26="Chính Thức",($G26+$H26)<11,0),IF($F26="Thử Việc",0),"")),0) | AH26: =IFERROR(IF(AND($F26="Chính Thức",($G26+$H26)>=11),$J26*AH$8,IF(AND($F26="Chính Thức",($G26+$H26)<11,0),IF($F26="Thử Việc",0),"")),0) | AI26: =IFERROR(IF(AND($F26="Chính Thức",($G26+$H26)>=11),$J26*AI$8,IF(AND($F26="Chính Thức",($G26+$H26)<11,0),IF($F26="Thử Việc",0),"")),0) | AJ26: =ROUND(SUM(AG26:AI26),0) -> 0 | AK26: =IFERROR(IF(AND($F26="Chính Thức",($G26+$H26)>=11),$J26*AK$8,IF(AND($F26="Chính Thức",($G26+$H26)<11,0),IF($F26="Thử Việc",0),"")),0) | AL26: =IFERROR(IF(AND($F26="Chính Thức",($G26+$H26)>=11),$J26*AL$8,IF(AND($F26="Chính Thức",($G26+$H26)<11,0),IF($F26="Thử Việc",0),"")),0) | AM26: =IFERROR(IF(AND($F26="Chính Thức",($G26+$H26)>=11),$J26*AM$8,IF(AND($F26="Chính Thức",($G26+$H26)<11,0),IF($F26="Thử Việc",0),"")),0) | AN26: =ROUND(SUM(AK26:AM26),-1) -> 0 | AO26: =IF(F26="Chính Thức",$AO$10,0) -> 0 | AQ26: =AP26*$AQ$10 -> 0 | AR26: =+AO26+AQ26 -> 0 | AS26: =MAX(AF26-AR26-AN26,0) -> 9000000 | AT26: =IF(F26="Chính Thức",IF(AS26<=0,,IF(AND(AS26>0,AS26<=5000000),5%*AS26,IF(AND(AS26>5000000,AS26<=10000000),10%*AS26-250000,IF(AND(AS26>10000000,AS26<=18000000),15%*AS26-750000,IF(AND(AS26>18000000,AS26<=32000000),20%*AS26-1650000,IF(AND(AS26>32000000,AS26<=52000000),25%*AS26-3250000,IF(AND(AS26>52000000,AS26<=80000000),30%*AS26-5850000,IF(AS26>80000000,35%*AS26-9850000)))))))),IF(AND(F26="Thử Việc",AS26>=2000000),AS26*10%,IF(F26="CTV",AS26*10%))) -> FALSE | AV26: =ROUND(AE26-AN26-AT26+AU26,-2) -> 9000000
B27: MS20 | C27: Nguyễn Thị Thu Hiền | D27: Vận hành | E27: NV Bếp | F27: =IFERROR(VLOOKUP($B27,'3. BẢNG CHẤM CÔNG'!$B$11:$AV$28,6,0),0) -> Thử Việc | G27: =IFERROR(VLOOKUP($B27, '3. BẢNG CHẤM CÔNG'!$B$10:$AV41,43,0),0) -> 2 | H27: =IFERROR(VLOOKUP($B27, '3. BẢNG CHẤM CÔNG'!$B$10:$AV41,44,0),0) -> 0 | J27: =IFERROR(VLOOKUP($B27,' 5. Thông số TL'!$D$12:$T$30,4,0),0) -> 5300000 | K27: =IFERROR(IF($F27="Chính Thức",$J27/$G$4*($G27+$H27),IF($F27="Thử Việc",$J27/$G$4*($G27+$H27)*85%,"")),0) -> 409545.45 | L27: =SUM(K27) -> 409545.45 | M27: =IFERROR(VLOOKUP($B27,' 5. Thông số TL'!$D$12:$T$30,5,0),0) -> 2757500 | N27: 1 | O27: =IFERROR(IF($F27="Chính Thức",$M27/$G$4*($G27+$H27)*N27,IF($F27="Thử Việc",$M27/$G$4*N27*($G27+$H27)*85%)),0) -> 213079.55 | V27: =SUM(T27:U27) -> 0 | W27: =IFERROR(IF($F27="Chính Thức",VLOOKUP($B27,' 5. Thông số TL'!$D$12:$T$30,6,0)/$G$4*($G27+$H27),IF($F27="Thử Việc",VLOOKUP($B27,' 5. Thông số TL'!$D$12:$T$30,6,0)/$G$4*($G27+$H27)*85%,"")),0) -> 55636.364 | X27: =IFERROR(IF($F27="Chính Thức",VLOOKUP($B27,' 5. Thông số TL'!$D$12:$T$30,7,0)/$G$4*($G27+$H27),IF($F27="Thử Việc",VLOOKUP($B27,' 5. Thông số TL'!$D$12:$T$30,7,0)/$G$4*($G27+$H27)*85%,"")),0) -> 30909.091 | Y27: =IFERROR(IF($F27="Chính Thức",VLOOKUP($B27,' 5. Thông số TL'!$D$12:$T$30,8,0)/$G$4*($G27+$H27),IF($F27="Thử Việc",VLOOKUP($B27,' 5. Thông số TL'!$D$12:$T$30,8,0)/$G$4*($G27+$H27)*85%,"")),0) -> 30909.091 | Z27: =SUM(W27:Y27) -> 117454.55 | AA27: =IFERROR(IF($F27="Chính Thức",VLOOKUP($B27,' 5. Thông số TL'!$D$12:$T$30,10,0)/$G$4*($G27+$H27),IF($F27="Thử Việc",VLOOKUP($B27,' 5. Thông số TL'!$D$12:$T$30,10,0)/$G$4*($G27+$H27)*85%,"")),0) -> 0 | AC27: =SUM(AA27:AB27) -> 0 | AD27: =Z27+AC27 -> 117454.55 | AE27: =L27+O27+S27+V27+AD27 -> 740079.55 | AF27: =IF(F27="Chính Thức",AE27-Z27,IF(F27="Thử Việc",AE27-W27-X27,IF(F27="CTV",AE27,0))) -> 653534.09 | AG27: =IFERROR(IF(AND($F27="Chính Thức",($G27+$H27)>=11),$J27*AG$8,IF(AND($F27="Chính Thức",($G27+$H27)<11,0),IF($F27="Thử Việc",0),"")),0) | AH27: =IFERROR(IF(AND($F27="Chính Thức",($G27+$H27)>=11),$J27*AH$8,IF(AND($F27="Chính Thức",($G27+$H27)<11,0),IF($F27="Thử Việc",0),"")),0) | AI27: =IFERROR(IF(AND($F27="Chính Thức",($G27+$H27)>=11),$J27*AI$8,IF(AND($F27="Chính Thức",($G27+$H27)<11,0),IF($F27="Thử Việc",0),"")),0) | AJ27: =ROUND(SUM(AG27:AI27),0) -> 0 | AK27: =IFERROR(IF(AND($F27="Chính Thức",($G27+$H27)>=11),$J27*AK$8,IF(AND($F27="Chính Thức",($G27+$H27)<11,0),IF($F27="Thử Việc",0),"")),0) | AL27: =IFERROR(IF(AND($F27="Chính Thức",($G27+$H27)>=11),$J27*AL$8,IF(AND($F27="Chính Thức",($G27+$H27)<11,0),IF($F27="Thử Việc",0),"")),0) | AM27: =IFERROR(IF(AND($F27="Chính Thức",($G27+$H27)>=11),$J27*AM$8,IF(AND($F27="Chính Thức",($G27+$H27)<11,0),IF($F27="Thử Việc",0),"")),0) | AN27: =ROUND(SUM(AK27:AM27),-1) -> 0 | AO27: =IF(F27="Chính Thức",$AO$10,0) -> 0 | AQ27: =AP27*$AQ$10 -> 0 | AR27: =+AO27+AQ27 -> 0 | AS27: =MAX(AF27-AR27-AN27,0) -> 653534.09 | AT27: =IF(F27="Chính Thức",IF(AS27<=0,,IF(AND(AS27>0,AS27<=5000000),5%*AS27,IF(AND(AS27>5000000,AS27<=10000000),10%*AS27-250000,IF(AND(AS27>10000000,AS27<=18000000),15%*AS27-750000,IF(AND(AS27>18000000,AS27<=32000000),20%*AS27-1650000,IF(AND(AS27>32000000,AS27<=52000000),25%*AS27-3250000,IF(AND(AS27>52000000,AS27<=80000000),30%*AS27-5850000,IF(AS27>80000000,35%*AS27-9850000)))))))),IF(AND(F27="Thử Việc",AS27>=2000000),AS27*10%,IF(F27="CTV",AS27*10%))) -> FALSE | AV27: =ROUND(AE27-AN27-AT27+AU27,-2) -> 740100
B28: Giáo viên | J28: =J29+J30+J31+J32 -> 22000000 | K28: =K29+K30+K31+K32 -> 17112500 | L28: =L29+L30+L31+L32 -> 17112500 | M28: =M29+M30+M31+M32 -> 48601650 | N28: =N29+N30+N31+N32 -> 4 | O28: =O29+O30+O31+O32 -> 24853517 | P28: =P29+P30+P31+P32 -> 0 | Q28: =Q29+Q30+Q31+Q32 -> 0 | ... Z28: =Z29+Z30+Z31+Z32 -> 5222227.3 | AA28: =SUBTOTAL(9,AA29:AA32) -> 0 | AB28: =SUBTOTAL(9,AB29:AB32) -> 0 | AC28: =SUBTOTAL(9,AC29:AC32) -> 0 | AD28: =AD29+AD30+AD31+AD32 -> 5222227.3 | AE28: =AE29+AE30+AE31+AE32 -> 47188244 | AF28: =AF29+AF30+AF31+AF32 -> 42294426 | AG28: =SUBTOTAL(9,AG29:AG32) -> 1925000 | AH28: =SUBTOTAL(9,AH29:AH32) -> 330000 | AI28: =SUBTOTAL(9,AI29:AI32) -> 110000 | AJ28: =SUBTOTAL(9,AJ29:AJ32) -> 2365000 | AK28: =SUBTOTAL(9,AK29:AK32) -> 880000 | AL28: =SUBTOTAL(9,AL29:AL32) -> 165000 | AM28: =SUBTOTAL(9,AM29:AM32) -> 110000 | AN28: =SUBTOTAL(9,AN29:AN32) -> 1155000 | AO28: =AO29+AO30+AO31+AO32 -> 46500000 | AP28: =AP29+AP30+AP31+AP32 -> 0 | AQ28: =AQ29+AQ30+AQ31+AQ32 -> 0 | AR28: =AR29+AR30+AR31+AR32 -> 46500000 | AS28: =AS29+AS30+AS31+AS32 -> 11456926 | AT28: =AT29+AT30+AT31+AT32 -> 895692.61 | AU28: =AU29+AU30+AU31+AU32 -> 0 | AV28: =AV29+AV30+AV31+AV34+AV35 -> 52316300
A29: 5 | B29: MS06 | C29: Eugene | D29: Giáo viên | E29: Giáo viên nước ngoài | F29: =IFERROR(VLOOKUP($B29,'3. BẢNG CHẤM CÔNG'!$B$11:$AV$28,6,0),0) -> Chính Thức | G29: =IFERROR(VLOOKUP($B29, '3. BẢNG CHẤM CÔNG'!$B$10:$AV36,43,0),0) -> 8 | H29: =IFERROR(VLOOKUP($B29, '3. BẢNG CHẤM CÔNG'!$B$10:$AV36,44,0),0) -> 2 | J29: =IFERROR(VLOOKUP($B29,' 5. Thông số TL'!$D$12:$T$30,4,0),0) -> 5500000 | K29: =IFERROR(IF($F29="Chính Thức",$J29/$G$4*($G29+$H29),IF($F29="Thử Việc",$J29/$G$4*($G29+$H29)*85%,"")),0) -> 2500000 | L29: =SUM(K29) -> 2500000 | M29: =IFERROR(VLOOKUP($B29,' 5. Thông số TL'!$D$12:$T$30,5,0),0) -> 42306650 | N29: 1 | O29: =IFERROR(IF($F29="Chính Thức",$M29/$G$4*($G29+$H29)*N29,IF($F29="Thử Việc",$M29/$G$4*N29*($G29+$H29)*85%)),0) -> 19230295 | V29: =SUM(T29:U29) -> 0 | W29: =IFERROR(IF($F29="Chính Thức",VLOOKUP($B29,' 5. Thông số TL'!$D$12:$T$30,6,0)/$G$4*($G29+$H29),IF($F29="Thử Việc",VLOOKUP($B29,' 5. Thông số TL'!$D$12:$T$30,6,0)/$G$4*($G29+$H29)*85%,"")),0) -> 327272.73 | X29: =IFERROR(IF($F29="Chính Thức",VLOOKUP($B29,' 5. Thông số TL'!$D$12:$T$30,7,0)/$G$4*($G29+$H29),IF($F29="Thử Việc",VLOOKUP($B29,' 5. Thông số TL'!$D$12:$T$30,7,0)/$G$4*($G29+$H29)*85%,"")),0) -> 181818.18 | Y29: =IFERROR(IF($F29="Chính Thức",VLOOKUP($B29,' 5. Thông số TL'!$D$12:$T$30,8,0)/$G$4*($G29+$H29),IF($F29="Thử Việc",VLOOKUP($B29,' 5. Thông số TL'!$D$12:$T$30,8,0)/$G$4*($G29+$H29)*85%,"")),0) -> 409090.91 | Z29: =SUM(W29:Y29) -> 918181.82 | AA29: =IFERROR(IF($F29="Chính Thức",VLOOKUP($B29,' 5. Thông số TL'!$D$12:$T$30,10,0)/$G$4*($G29+$H29),IF($F29="Thử Việc",VLOOKUP($B29,' 5. Thông số TL'!$D$12:$T$30,10,0)/$G$4*($G29+$H29)*85%,"")),0) -> 0 | AC29: =SUM(AA29:AB29) -> 0 | AD29: =Z29+AC29 -> 918181.82 | AE29: =L29+O29+S29+V29+AD29 -> 22648477 | AF29: =IF(F29="Chính Thức",AE29-Z29,IF(F29="Thử Việc",AE29,IF(F29="CTV",AE29,0))) -> 21730295 | AG29: 0 | AH29: 0 | AI29: 0 | AJ29: 0 | AK29: 0 | AL29: 0 | AM29: 0 | AN29: 0 | AO29: =IF(F29="Chính Thức",$AO$10,0) -> 15500000 | AQ29: =AP29*$AQ$10 -> 0 | AR29: =+AO29+AQ29 -> 15500000 | AS29: =MAX(AF29-AR29-AN29,0) -> 6230295.5 | AT29: =IF(F29="Chính Thức",IF(AS29<=0,,IF(AND(AS29>0,AS29<=5000000),5%*AS29,IF(AND(AS29>5000000,AS29<=10000000),10%*AS29-250000,IF(AND(AS29>10000000,AS29<=18000000),15%*AS29-750000,IF(AND(AS29>18000000,AS29<=32000000),20%*AS29-1650000,IF(AND(AS29>32000000,AS29<=52000000),25%*AS29-3250000,IF(AND(AS29>52000000,AS29<=80000000),30%*AS29-5850000,IF(AS29>80000000,35%*AS29-9850000)))))))),IF(AND(F29="Thử Việc",AS29>=2000000),AS29*20%,IF(F29="CTV",AS29*10%))) -> 373029.55 | AV29: =ROUND(AE29-AN29-AT29+AU29,-2) -> 22275400
A30: 6 | B30: MS07 | C30: Nguyễn Ánh Hồng | D30: Giáo viên | E30: Giáo viên mầm non | F30: =IFERROR(VLOOKUP($B30,'3. BẢNG CHẤM CÔNG'!$B$11:$AV$28,6,0),0) -> Chính Thức | G30: =IFERROR(VLOOKUP($B30, '3. BẢNG CHẤM CÔNG'!$B$10:$AV50,43,0),0) -> 20 | H30: =IFERROR(VLOOKUP($B30, '3. BẢNG CHẤM CÔNG'!$B$10:$AV50,44,0),0) -> 2 | J30: =IFERROR(VLOOKUP($B30,' 5. Thông số TL'!$D$12:$T$30,4,0),0) -> 5500000 | K30: =IFERROR(IF($F30="Chính Thức",$J30/$G$4*($G30+$H30),IF($F30="Thử Việc",$J30/$G$4*($G30+$H30)*85%,"")),0) -> 5500000 | L30: =SUM(K30) -> 5500000 | M30: =IFERROR(VLOOKUP($B30,' 5. Thông số TL'!$D$12:$T$30,5,0),0) -> 1880000 | N30: 1 | O30: =IFERROR(IF($F30="Chính Thức",$M30/$G$4*($G30+$H30)*N30,IF($F30="Thử Việc",$M30/$G$4*N30*($G30+$H30)*85%)),0) -> 1880000 | V30: =SUM(T30:U30) -> 0 | W30: =IFERROR(IF($F30="Chính Thức",VLOOKUP($B30,' 5. Thông số TL'!$D$12:$T$30,6,0)/$G$4*($G30+$H30),IF($F30="Thử Việc",VLOOKUP($B30,' 5. Thông số TL'!$D$12:$T$30,6,0)/$G$4*($G30+$H30)*85%,"")),0) -> 720000 | X30: =IFERROR(IF($F30="Chính Thức",VLOOKUP($B30,' 5. Thông số TL'!$D$12:$T$30,7,0)/$G$4*($G30+$H30),IF($F30="Thử Việc",VLOOKUP($B30,' 5. Thông số TL'!$D$12:$T$30,7,0)/$G$4*($G30+$H30)*85%,"")),0) -> 400000 | Y30: =IFERROR(IF($F30="Chính Thức",VLOOKUP($B30,' 5. Thông số TL'!$D$12:$T$30,8,0)/$G$4*($G30+$H30),IF($F30="Thử Việc",VLOOKUP($B30,' 5. Thông số TL'!$D$12:$T$30,8,0)/$G$4*($G30+$H30)*85%,"")),0) -> 500000 | Z30: =SUM(W30:Y30) -> 1620000 | AA30: =IFERROR(IF($F30="Chính Thức",VLOOKUP($B30,' 5. Thông số TL'!$D$12:$T$30,10,0)/$G$4*($G30+$H30),IF($F30="Thử Việc",VLOOKUP($B30,' 5. Thông số TL'!$D$12:$T$30,10,0)/$G$4*($G30+$H30)*85%,"")),0) -> 0 | AC30: =SUM(AA30:AB30) -> 0 | AD30: =Z30+AC30 -> 1620000 | AE30: =L30+O30+S30+V30+AD30 -> 9000000 | AF30: =IF(F30="Chính Thức",AE30-Z30,IF(F30="Thử Việc",AE30-W30-X30,IF(F30="CTV",AE30,0))) -> 7380000 | AG30: =IFERROR(IF(AND($F30="Chính Thức",($G30+$H30)>=11),$J30*AG$8,IF(AND($F30="Chính Thức",($G30+$H30)<11,0),IF($F30="Thử Việc",0),"")),0) -> 962500 | AH30: =IFERROR(IF(AND($F30="Chính Thức",($G30+$H30)>=11),$J30*AH$8,IF(AND($F30="Chính Thức",($G30+$H30)<11,0),IF($F30="Thử Việc",0),"")),0) -> 165000 | AI30: =IFERROR(IF(AND($F30="Chính Thức",($G30+$H30)>=11),$J30*AI$8,IF(AND($F30="Chính Thức",($G30+$H30)<11,0),IF($F30="Thử Việc",0),"")),0) -> 55000 | AJ30: =ROUND(SUM(AG30:AI30),0) -> 1182500 | AK30: =IFERROR(IF(AND($F30="Chính Thức",($G30+$H30)>=11),$J30*AK$8,IF(AND($F30="Chính Thức",($G30+$H30)<11,0),IF($F30="Thử Việc",0),"")),0) -> 440000 | AL30: =IFERROR(IF(AND($F30="Chính Thức",($G30+$H30)>=11),$J30*AL$8,IF(AND($F30="Chính Thức",($G30+$H30)<11,0),IF($F30="Thử Việc",0),"")),0) -> 82500 | AM30: =IFERROR(IF(AND($F30="Chính Thức",($G30+$H30)>=11),$J30*AM$8,IF(AND($F30="Chính Thức",($G30+$H30)<11,0),IF($F30="Thử Việc",0),"")),0) -> 55000 | AN30: =ROUND(SUM(AK30:AM30),-1) -> 577500 | AO30: =IF(F30="Chính Thức",$AO$10,0) -> 15500000 | AQ30: =AP30*$AQ$10 -> 0 | AR30: =+AO30+AQ30 -> 15500000 | AS30: =MAX(AF30-AR30-AN30,0) -> 0 | AT30: =IF(F30="Chính Thức",IF(AS30<=0,,IF(AND(AS30>0,AS30<=5000000),5%*AS30,IF(AND(AS30>5000000,AS30<=10000000),10%*AS30-250000,IF(AND(AS30>10000000,AS30<=18000000),15%*AS30-750000,IF(AND(AS30>18000000,AS30<=32000000),20%*AS30-1650000,IF(AND(AS30>32000000,AS30<=52000000),25%*AS30-3250000,IF(AND(AS30>52000000,AS30<=80000000),30%*AS30-5850000,IF(AS30>80000000,35%*AS30-9850000)))))))),IF(AND(F30="Thử Việc",AS30>=2000000),AS30*10%,IF(F30="CTV",AS30*10%))) -> 0 | AV30: =ROUND(AE30-AN30-AT30+AU30,-2) -> 8422500
A31: 8 | B31: MS17 | C31: Lê Thị Bích Hường | D31: Giáo viên | E31: Giáo viên mầm non | F31: =IFERROR(VLOOKUP($B31,'3. BẢNG CHẤM CÔNG'!$B$11:$AV$28,6,0),0) -> Thử Việc | G31: =IFERROR(VLOOKUP($B31, '3. BẢNG CHẤM CÔNG'!$B$10:$AV39,43,0),0) -> 17 | H31: =IFERROR(VLOOKUP($B31, '3. BẢNG CHẤM CÔNG'!$B$10:$AV39,44,0),0) -> 0 | J31: =IFERROR(VLOOKUP($B31,' 5. Thông số TL'!$D$12:$T$30,4,0),0) -> 5500000 | K31: =IFERROR(IF($F31="Chính Thức",$J31/$G$4*($G31+$H31),IF($F31="Thử Việc",$J31/$G$4*($G31+$H31)*85%,"")),0) -> 3612500 | L31: =SUM(K31) -> 3612500 | M31: =IFERROR(VLOOKUP($B31,' 5. Thông số TL'!$D$12:$T$30,5,0),0) -> 1957500 | N31: 1 | O31: =IFERROR(IF($F31="Chính Thức",$M31/$G$4*($G31+$H31)*N31,IF($F31="Thử Việc",$M31/$G$4*N31*($G31+$H31)*85%)),0) -> 1285721.6 | V31: =SUM(T31:U31) -> 0 | W31: =IFERROR(IF($F31="Chính Thức",VLOOKUP($B31,' 5. Thông số TL'!$D$12:$T$30,6,0)/$G$4*($G31+$H31),IF($F31="Thử Việc",VLOOKUP($B31,' 5. Thông số TL'!$D$12:$T$30,6,0)/$G$4*($G31+$H31)*85%,"")),0) -> 472909.09 | X31: =IFERROR(IF($F31="Chính Thức",VLOOKUP($B31,' 5. Thông số TL'!$D$12:$T$30,7,0)/$G$4*($G31+$H31),IF($F31="Thử Việc",VLOOKUP($B31,' 5. Thông số TL'!$D$12:$T$30,7,0)/$G$4*($G31+$H31)*85%,"")),0) -> 262727.27 | Y31: =IFERROR(IF($F31="Chính Thức",VLOOKUP($B31,' 5. Thông số TL'!$D$12:$T$30,8,0)/$G$4*($G31+$H31),IF($F31="Thử Việc",VLOOKUP($B31,' 5. Thông số TL'!$D$12:$T$30,8,0)/$G$4*($G31+$H31)*85%,"")),0) -> 328409.09 | Z31: =SUM(W31:Y31) -> 1064045.5 | AA31: =IFERROR(IF($F31="Chính Thức",VLOOKUP($B31,' 5. Thông số TL'!$D$12:$T$30,10,0)/$G$4*($G31+$H31),IF($F31="Thử Việc",VLOOKUP($B31,' 5. Thông số TL'!$D$12:$T$30,10,0)/$G$4*($G31+$H31)*85%,"")),0) -> 0 | AC31: =SUM(AA31:AB31) -> 0 | AD31: =Z31+AC31 -> 1064045.5 | AE31: =L31+O31+S31+V31+AD31 -> 5962267 | AF31: =IF(F31="Chính Thức",AE31-Z31,IF(F31="Thử Việc",AE31-W31-X31,IF(F31="CTV",AE31,0))) -> 5226630.7 | AG31: 0 | AH31: 0 | AI31: 0 | AJ31: 0 | AK31: 0 | AL31: 0 | AM31: 0 | AN31: 0 | AO31: =IF(F31="Chính Thức",$AO$10,0) -> 0 | AQ31: =AP31*$AQ$10 -> 0 | AR31: =+AO31+AQ31 -> 0 | AS31: =MAX(AF31-AR31-AN31,0) -> 5226630.7 | AT31: =IF(F31="Chính Thức",IF(AS31<=0,,IF(AND(AS31>0,AS31<=5000000),5%*AS31,IF(AND(AS31>5000000,AS31<=10000000),10%*AS31-250000,IF(AND(AS31>10000000,AS31<=18000000),15%*AS31-750000,IF(AND(AS31>18000000,AS31<=32000000),20%*AS31-1650000,IF(AND(AS31>32000000,AS31<=52000000),25%*AS31-3250000,IF(AND(AS31>52000000,AS31<=80000000),30%*AS31-5850000,IF(AS31>80000000,35%*AS31-9850000)))))))),IF(AND(F31="Thử Việc",AS31>=2000000),AS31*10%,IF(F31="CTV",AS31*10%))) -> 522663.07 | AV31: =ROUND(AE31-AN31-AT31+AU31,-2) -> 5439600
A32: 8 | B32: MS11 | C32: Phùng Thị Lụa | D32: Giáo viên | E32: Giáo viên mầm non | F32: =IFERROR(VLOOKUP($B32,'3. BẢNG CHẤM CÔNG'!$B$11:$AV$29,6,0),0) -> Chính Thức | G32: =IFERROR(VLOOKUP($B32, '3. BẢNG CHẤM CÔNG'!$B$10:$AV40,43,0),0) -> 20 | H32: =IFERROR(VLOOKUP($B32, '3. BẢNG CHẤM CÔNG'!$B$10:$AV40,44,0),0) -> 2 | J32: =IFERROR(VLOOKUP($B32,' 5. Thông số TL'!$D$12:$T$30,4,0),0) -> 5500000 | K32: =IFERROR(IF($F32="Chính Thức",$J32/$G$4*($G32+$H32),IF($F32="Thử Việc",$J32/$G$4*($G32+$H32)*85%,"")),0) -> 5500000 | L32: =SUM(K32) -> 5500000 | M32: =IFERROR(VLOOKUP($B32,' 5. Thông số TL'!$D$12:$T$30,5,0),0) -> 2457500 | N32: 1 | O32: =IFERROR(IF($F32="Chính Thức",$M32/$G$4*($G32+$H32)*N32,IF($F32="Thử Việc",$M32/$G$4*N32*($G32+$H32)*85%)),0) -> 2457500 | V32: =SUM(T32:U32) -> 0 | W32: =IFERROR(IF($F32="Chính Thức",VLOOKUP($B32,' 5. Thông số TL'!$D$12:$T$30,6,0)/$G$4*($G32+$H32),IF($F32="Thử Việc",VLOOKUP($B32,' 5. Thông số TL'!$D$12:$T$30,6,0)/$G$4*($G32+$H32)*85%,"")),0) -> 720000 | X32: =IFERROR(IF($F32="Chính Thức",VLOOKUP($B32,' 5. Thông số TL'!$D$12:$T$30,7,0)/$G$4*($G32+$H32),IF($F32="Thử Việc",VLOOKUP($B32,' 5. Thông số TL'!$D$12:$T$30,7,0)/$G$4*($G32+$H32)*85%,"")),0) -> 400000 | Y32: =IFERROR(IF($F32="Chính Thức",VLOOKUP($B32,' 5. Thông số TL'!$D$12:$T$30,8,0)/$G$4*($G32+$H32),IF($F32="Thử Việc",VLOOKUP($B32,' 5. Thông số TL'!$D$12:$T$30,8,0)/$G$4*($G32+$H32)*85%,"")),0) -> 500000 | Z32: =SUM(W32:Y32) -> 1620000 | AA32: =IFERROR(IF($F32="Chính Thức",VLOOKUP($B32,' 5. Thông số TL'!$D$12:$T$30,10,0)/$G$4*($G32+$H32),IF($F32="Thử Việc",VLOOKUP($B32,' 5. Thông số TL'!$D$12:$T$30,10,0)/$G$4*($G32+$H32)*85%,"")),0) -> 0 | AC32: =SUM(AA32:AB32) -> 0 | AD32: =Z32+AC32 -> 1620000 | AE32: =L32+O32+S32+V32+AD32 -> 9577500 | AF32: =IF(F32="Chính Thức",AE32-Z32,IF(F32="Thử Việc",AE32,IF(F32="CTV",AE32,0))) -> 7957500 | AG32: =IFERROR(IF(AND($F32="Chính Thức",($G32+$H32)>=11),$J32*AG$8,IF(AND($F32="Chính Thức",($G32+$H32)<11,0),IF($F32="Thử Việc",0),"")),0) -> 962500 | AH32: =IFERROR(IF(AND($F32="Chính Thức",($G32+$H32)>=11),$J32*AH$8,IF(AND($F32="Chính Thức",($G32+$H32)<11,0),IF($F32="Thử Việc",0),"")),0) -> 165000 | AI32: =IFERROR(IF(AND($F32="Chính Thức",($G32+$H32)>=11),$J32*AI$8,IF(AND($F32="Chính Thức",($G32+$H32)<11,0),IF($F32="Thử Việc",0),"")),0) -> 55000 | AJ32: =ROUND(SUM(AG32:AI32),0) -> 1182500 | AK32: =IFERROR(IF(AND($F32="Chính Thức",($G32+$H32)>=11),$J32*AK$8,IF(AND($F32="Chính Thức",($G32+$H32)<11,0),IF($F32="Thử Việc",0),"")),0) -> 440000 | AL32: =IFERROR(IF(AND($F32="Chính Thức",($G32+$H32)>=11),$J32*AL$8,IF(AND($F32="Chính Thức",($G32+$H32)<11,0),IF($F32="Thử Việc",0),"")),0) -> 82500 | AM32: =IFERROR(IF(AND($F32="Chính Thức",($G32+$H32)>=11),$J32*AM$8,IF(AND($F32="Chính Thức",($G32+$H32)<11,0),IF($F32="Thử Việc",0),"")),0) -> 55000 | AN32: =ROUND(SUM(AK32:AM32),-1) -> 577500 | AO32: =IF(F32="Chính Thức",$AO$10,0) -> 15500000 | AQ32: =AP32*$AQ$10 -> 0 | AR32: =+AO32+AQ32 -> 15500000 | AS32: =MAX(AF32-AR32-AN32,0) -> 0 | AT32: =IF(F32="Chính Thức",IF(AS32<=0,,IF(AND(AS32>0,AS32<=5000000),5%*AS32,IF(AND(AS32>5000000,AS32<=10000000),10%*AS32-250000,IF(AND(AS32>10000000,AS32<=18000000),15%*AS32-750000,IF(AND(AS32>18000000,AS32<=32000000),20%*AS32-1650000,IF(AND(AS32>32000000,AS32<=52000000),25%*AS32-3250000,IF(AND(AS32>52000000,AS32<=80000000),30%*AS32-5850000,IF(AS32>80000000,35%*AS32-9850000)))))))),IF(AND(F32="Thử Việc",AS32>=2000000),AS32*10%,IF(F32="CTV",AS32*10%))) -> 0 | AV32: =ROUND(AE32-AN32-AT32+AU32,-2) -> 9000000
B33: MS11 | C33: Phùng Thị Lụa | D33: Giáo viên | E33: Giáo viên mầm non | F33: Thử việc | G33: 5 | H33: 0 | J33: =IFERROR(VLOOKUP($B33,' 5. Thông số TL'!$D$12:$T$30,4,0),0) -> 5500000 | K33: =IFERROR(IF($F33="Chính Thức",$J33/$G$4*($G33+$H33),IF($F33="Thử Việc",$J33/$G$4*($G33+$H33)*85%,"")),0) -> 1062500 | L33: =SUM(K33) -> 1062500 | M33: =IFERROR(VLOOKUP($B33,' 5. Thông số TL'!$D$12:$T$30,5,0),0) -> 2457500 | N33: 1 | O33: =IFERROR(IF($F33="Chính Thức",$M33/$G$4*($G33+$H33)*N33,IF($F33="Thử Việc",$M33/$G$4*N33*($G33+$H33)*85%)),0) -> 474744.32 | V33: =SUM(T33:U33) -> 0 | W33: =IFERROR(IF($F33="Chính Thức",VLOOKUP($B33,' 5. Thông số TL'!$D$12:$T$30,6,0)/$G$4*($G33+$H33),IF($F33="Thử Việc",VLOOKUP($B33,' 5. Thông số TL'!$D$12:$T$30,6,0)/$G$4*($G33+$H33)*85%,"")),0) -> 139090.91 | X33: =IFERROR(IF($F33="Chính Thức",VLOOKUP($B33,' 5. Thông số TL'!$D$12:$T$30,7,0)/$G$4*($G33+$H33),IF($F33="Thử Việc",VLOOKUP($B33,' 5. Thông số TL'!$D$12:$T$30,7,0)/$G$4*($G33+$H33)*85%,"")),0) -> 77272.727 | Y33: =IFERROR(IF($F33="Chính Thức",VLOOKUP($B33,' 5. Thông số TL'!$D$12:$T$30,8,0)/$G$4*($G33+$H33),IF($F33="Thử Việc",VLOOKUP($B33,' 5. Thông số TL'!$D$12:$T$30,8,0)/$G$4*($G33+$H33)*85%,"")),0) -> 96590.909 | Z33: =SUM(W33:Y33) -> 312954.55 | AA33: =IFERROR(IF($F33="Chính Thức",VLOOKUP($B33,' 5. Thông số TL'!$D$12:$T$30,10,0)/$G$4*($G33+$H33),IF($F33="Thử Việc",VLOOKUP($B33,' 5. Thông số TL'!$D$12:$T$30,10,0)/$G$4*($G33+$H33)*85%,"")),0) -> 0 | AC33: =SUM(AA33:AB33) -> 0 | AD33: =Z33+AC33 -> 312954.55 | AE33: =L33+O33+S33+V33+AD33 -> 1850198.9 | AF33: =IF(F33="Chính Thức",AE33-Z33,IF(F33="Thử Việc",AE33,IF(F33="CTV",AE33,0))) -> 1850198.9 | AG33: =IFERROR(IF(AND($F33="Chính Thức",($G33+$H33)>=11),$J33*AG$8,IF(AND($F33="Chính Thức",($G33+$H33)<11,0),IF($F33="Thử Việc",0),"")),0) | AH33: =IFERROR(IF(AND($F33="Chính Thức",($G33+$H33)>=11),$J33*AH$8,IF(AND($F33="Chính Thức",($G33+$H33)<11,0),IF($F33="Thử Việc",0),"")),0) | AI33: =IFERROR(IF(AND($F33="Chính Thức",($G33+$H33)>=11),$J33*AI$8,IF(AND($F33="Chính Thức",($G33+$H33)<11,0),IF($F33="Thử Việc",0),"")),0) | AJ33: =ROUND(SUM(AG33:AI33),0) -> 0 | AK33: =IFERROR(IF(AND($F33="Chính Thức",($G33+$H33)>=11),$J33*AK$8,IF(AND($F33="Chính Thức",($G33+$H33)<11,0),IF($F33="Thử Việc",0),"")),0) | AL33: =IFERROR(IF(AND($F33="Chính Thức",($G33+$H33)>=11),$J33*AL$8,IF(AND($F33="Chính Thức",($G33+$H33)<11,0),IF($F33="Thử Việc",0),"")),0) | AM33: =IFERROR(IF(AND($F33="Chính Thức",($G33+$H33)>=11),$J33*AM$8,IF(AND($F33="Chính Thức",($G33+$H33)<11,0),IF($F33="Thử Việc",0),"")),0) | AN33: =ROUND(SUM(AK33:AM33),-1) -> 0 | AO33: =IF(F33="Chính Thức",$AO$10,0) -> 0 | AQ33: =AP33*$AQ$10 -> 0 | AR33: =+AO33+AQ33 -> 0 | AS33: =MAX(AF33-AR33-AN33,0) -> 1850198.9 | AT33: =IF(F33="Chính Thức",IF(AS33<=0,,IF(AND(AS33>0,AS33<=5000000),5%*AS33,IF(AND(AS33>5000000,AS33<=10000000),10%*AS33-250000,IF(AND(AS33>10000000,AS33<=18000000),15%*AS33-750000,IF(AND(AS33>18000000,AS33<=32000000),20%*AS33-1650000,IF(AND(AS33>32000000,AS33<=52000000),25%*AS33-3250000,IF(AND(AS33>52000000,AS33<=80000000),30%*AS33-5850000,IF(AS33>80000000,35%*AS33-9850000)))))))),IF(AND(F33="Thử Việc",AS33>=2000000),AS33*10%,IF(F33="CTV",AS33*10%))) -> FALSE | AV33: =ROUND(AE33-AN33-AT33+AU33,-2) -> 1850200
B34: MS11 | C34: Phùng Thị Lụa | D34: Giáo viên | E34: Giáo viên mầm non | F34: =IFERROR(VLOOKUP($B34,'3. BẢNG CHẤM CÔNG'!$B$11:$AV$29,6,0),0) -> Chính Thức | G34: =G33+G32 -> 25 | H34: =H33+H32 -> 2 | I34: =I33+I32 -> 0 | J34: 5500000 | K34: =K33+K32 -> 6562500 | L34: =L33+L32 -> 6562500 | M34: =M33+M32 -> 4915000 | O34: =O33+O32 -> 2932244.3 | P34: =P33+P32 -> 0 | Q34: =Q33+Q32 -> 0 | R34: =R33+R32 -> 0 | S34: =S33+S32 -> 0 | T34: =T33+T32 -> 0 | U34: =U33+U32 -> 0 | V34: =V33+V32 -> 0 | ... AF34: =AF33+AF32 -> 9807698.9 | AG34: =AG32 -> 962500 | AH34: =AH32 -> 165000 | AI34: =AI32 -> 55000 | AJ34: =AJ32 -> 1182500 | AK34: =AK32 -> 440000 | AL34: =AL32 -> 82500 | AM34: =AM32 -> 55000 | AN34: =AN33+AN32 -> 577500 | AO34: =AO33+AO32 -> 15500000 | AP34: =AP33+AP32 -> 0 | AQ34: =AQ33+AQ32 -> 0 | AR34: =AR33+AR32 -> 15500000 | AS34: =AS33+AS32 -> 1850198.9 | AT34: =AT33+AT32 -> 0 | AU34: =AU33+AU32 -> 0 | AV34: =AV33+AV32 -> 10850200
B35: MS18 | C35: Nguyễn Hương Thảo | D35: Giáo viên | E35: Giáo viên mầm non | F35: =IFERROR(VLOOKUP($B35,'3. BẢNG CHẤM CÔNG'!$B$11:$AV$29,6,0),0) -> Thử Việc | G35: =IFERROR(VLOOKUP($B35, '3. BẢNG CHẤM CÔNG'!$B$10:$AV41,43,0),0) -> 16 | H35: =IFERROR(VLOOKUP($B35, '3. BẢNG CHẤM CÔNG'!$B$10:$AV41,44,0),0) -> 0 | J35: =IFERROR(VLOOKUP($B35,' 5. Thông số TL'!$D$12:$T$30,4,0),0) -> 5500000 | K35: =IFERROR(IF($F35="Chính Thức",$J35/$G$4*($G35+$H35),IF($F35="Thử Việc",$J35/$G$4*($G35+$H35)*85%,"")),0) -> 3400000 | L35: =SUM(K35) -> 3400000 | M35: =IFERROR(VLOOKUP($B35,' 5. Thông số TL'!$D$12:$T$30,5,0),0) -> 2457500 | N35: 1 | O35: =IFERROR(IF($F35="Chính Thức",$M35/$G$4*($G35+$H35)*N35,IF($F35="Thử Việc",$M35/$G$4*N35*($G35+$H35)*85%)),0) -> 1519181.8 | V35: =SUM(T35:U35) -> 0 | W35: =IFERROR(IF($F35="Chính Thức",VLOOKUP($B35,' 5. Thông số TL'!$D$12:$T$30,6,0)/$G$4*($G35+$H35),IF($F35="Thử Việc",VLOOKUP($B35,' 5. Thông số TL'!$D$12:$T$30,6,0)/$G$4*($G35+$H35)*85%,"")),0) -> 445090.91 | X35: =IFERROR(IF($F35="Chính Thức",VLOOKUP($B35,' 5. Thông số TL'!$D$12:$T$30,7,0)/$G$4*($G35+$H35),IF($F35="Thử Việc",VLOOKUP($B35,' 5. Thông số TL'!$D$12:$T$30,7,0)/$G$4*($G35+$H35)*85%,"")),0) -> 247272.73 | Y35: =IFERROR(IF($F35="Chính Thức",VLOOKUP($B35,' 5. Thông số TL'!$D$12:$T$30,8,0)/$G$4*($G35+$H35),IF($F35="Thử Việc",VLOOKUP($B35,' 5. Thông số TL'!$D$12:$T$30,8,0)/$G$4*($G35+$H35)*85%,"")),0) -> 309090.91 | Z35: =SUM(W35:Y35) -> 1001454.5 | AA35: =IFERROR(IF($F35="Chính Thức",VLOOKUP($B35,' 5. Thông số TL'!$D$12:$T$30,10,0)/$G$4*($G35+$H35),IF($F35="Thử Việc",VLOOKUP($B35,' 5. Thông số TL'!$D$12:$T$30,10,0)/$G$4*($G35+$H35)*85%,"")),0) -> 0 | AC35: =SUM(AA35:AB35) -> 0 | AD35: =Z35+AC35 -> 1001454.5 | AE35: =L35+O35+S35+V35+AD35 -> 5920636.4 | AF35: =IF(F35="Chính Thức",AE35-Z35,IF(F35="Thử Việc",AE35,IF(F35="CTV",AE35,0))) -> 5920636.4 | AG35: =IFERROR(IF(AND($F35="Chính Thức",($G35+$H35)>=11),$J35*AG$8,IF(AND($F35="Chính Thức",($G35+$H35)<11,0),IF($F35="Thử Việc",0),"")),0) | AH35: =IFERROR(IF(AND($F35="Chính Thức",($G35+$H35)>=11),$J35*AH$8,IF(AND($F35="Chính Thức",($G35+$H35)<11,0),IF($F35="Thử Việc",0),"")),0) | AI35: =IFERROR(IF(AND($F35="Chính Thức",($G35+$H35)>=11),$J35*AI$8,IF(AND($F35="Chính Thức",($G35+$H35)<11,0),IF($F35="Thử Việc",0),"")),0) | AJ35: =ROUND(SUM(AG35:AI35),0) -> 0 | AK35: =IFERROR(IF(AND($F35="Chính Thức",($G35+$H35)>=11),$J35*AK$8,IF(AND($F35="Chính Thức",($G35+$H35)<11,0),IF($F35="Thử Việc",0),"")),0) | AL35: =IFERROR(IF(AND($F35="Chính Thức",($G35+$H35)>=11),$J35*AL$8,IF(AND($F35="Chính Thức",($G35+$H35)<11,0),IF($F35="Thử Việc",0),"")),0) | AM35: =IFERROR(IF(AND($F35="Chính Thức",($G35+$H35)>=11),$J35*AM$8,IF(AND($F35="Chính Thức",($G35+$H35)<11,0),IF($F35="Thử Việc",0),"")),0) | AN35: =ROUND(SUM(AK35:AM35),-1) -> 0 | AO35: =IF(F35="Chính Thức",$AO$10,0) -> 0 | AQ35: =AP35*$AQ$10 -> 0 | AR35: =+AO35+AQ35 -> 0 | AS35: =MAX(AF35-AR35-AN35,0) -> 5920636.4 | AT35: =IF(F35="Chính Thức",IF(AS35<=0,,IF(AND(AS35>0,AS35<=5000000),5%*AS35,IF(AND(AS35>5000000,AS35<=10000000),10%*AS35-250000,IF(AND(AS35>10000000,AS35<=18000000),15%*AS35-750000,IF(AND(AS35>18000000,AS35<=32000000),20%*AS35-1650000,IF(AND(AS35>32000000,AS35<=52000000),25%*AS35-3250000,IF(AND(AS35>52000000,AS35<=80000000),30%*AS35-5850000,IF(AS35>80000000,35%*AS35-9850000)))))))),IF(AND(F35="Thử Việc",AS35>=2000000),AS35*10%,IF(F35="CTV",AS35*10%))) -> 592063.64 | AV35: =ROUND(AE35-AN35-AT35+AU35,-2) -> 5328600
A36: TỔNG | G36: =SUBTOTAL(9,G11:G29) -> 241 | H36: =SUBTOTAL(9,H11:H29) -> 23 | I36: =SUBTOTAL(9,I11:I29) -> 0 | J36: =J28+J15+J11 -> 87680000 | K36: =K28+K15+K11 -> 59706136 | L36: =L28+L15+L11 -> 59706136 | M36: =M28+M15+M11 -> 106018606 | N36: =N28+N15+N11 -> 15 | O36: =O28+O15+O11 -> 69003700 | P36: =P28+P15+P11 -> 0 | Q36: =Q28+Q15+Q11 -> 0 | ... AV36: =AV28+AV15+AV11 -> 151759700 | AW36: =SUBTOTAL(9,AW16:AW16) -> 0
AL38: Hà Nội, ngày …................. tháng….............năm .................
C39: TỔNG GIÁM ĐỐC | I39: PHÒNG TÀI CHÍNH - KẾ TOÁN | AD39: PHÒNG HÀNH CHÍNH - NHÂN SỰ | AL39: NGƯỜI LẬP
AS42: Lương BHXH | AV42: =L36 -> 59706136
AS43: HQCV | AV43: =O36 -> 69003700
AS44: Thu nhập khác | AV44: =V36 -> 0
AS45: Phụ cấp | AV45: =AD36 -> 25531864
AS46: Tổng thu nhập trước thuế | AV46: =SUM(AV42:AV45) -> 1.542417e+08
AS47: BHXH NLĐ | AV47: =AN36 -> 5390700
AS48: Thuế TNCN | AV48: =AT36 -> 4555215.8
AS49: Tạm ứng/chi trước | AV49: =AU36 -> 0
AS50: Thực lĩnh | AV50: =AV46-AV47-AV48-AV49 -> 1.4429578e+08
AS51: Lệch | AV51: =AV50-AV36 -> -7463915.5

Sheet 7. Thuế TNCN
C1: TÊN ĐƠN VỊ: CÔNG TY CỔ PHẦN CEO VIỆT NAM HOLDING ĐỊA CHỈ: LÔ A21, D7 KHU ĐÔ THỊ MỚI CẦU GIẤY, PHƯỜNG DỊCH VỌNG, QUẬN CẦU GIẤY, HÀ NỘI MST: 0109298747 | I1: CVG - BẢNG THUẾ TNCN THÁNG 12.2023
A4: STT | B4: MÃ NV | C4: Họ và tên | D4: Ban/ Khối | E4: Chức vụ | F4: Mã số thuế | G4: TỔNG LƯƠNG | H4: Các khoản TN được miễn thuế | K4: Các khoản TN chịu thuế | N4: Cộng | O4: TNCT | P4: Các khoản giảm trừ | U4: Thu nhập tính thuế | V4: Thuế TNCN Phải Khấu trừ (tạm tính)
H5: Ăn trưa | I5: Đồng phục | J5: Điện thoại | K5: Chuyên cần | L5: Nhà ở | M5: Đi lại | P5: Bản thân | Q5: NPT | S5: Cộng giảm trừ | T5: BH bắt buộc
Q6: Số lượng | R6: Số giảm
A7: 1 | B7: CVG004 | C7: Nguyễn Thị Mai Hằng | D7: Trung tâm dịch vụ quản trị | E7: Trưởng ban Nhân sự | G7: =VLOOKUP(B7,'6.Bảng lương '!$B$16:$AW40,34,0) -> #N/A | H7: =VLOOKUP(B7,'6.Bảng lương '!$B$16:$AW40,25,0) -> #N/A | I7: =VLOOKUP(B7, '6.Bảng lương '!$B$16:$AW40, 26,0) -> #N/A | J7: =VLOOKUP(B7, '6.Bảng lương '!$B$16:$AW40,27,0) -> #N/A | K7: =VLOOKUP(B7, '6.Bảng lương '!$B$16:$AW40, 29,0) -> #N/A | L7: =VLOOKUP(B7, '6.Bảng lương '!$B$16:$AW40, 31,0) -> #N/A | M7: =VLOOKUP(B7, '6.Bảng lương '!$B$16:$AW40, 30,0) -> #N/A | N7: =SUM(H7:M7) -> #N/A | O7: =G7-H7-I7-J7 -> #N/A | P7: =VLOOKUP(B7, '6.Bảng lương '!$B$16:$AW40,44,0) -> #N/A | Q7: =VLOOKUP(B7, '6.Bảng lương '!$B$16:$AW40,45,0) -> #N/A | R7: =Q7*4400000 -> #N/A | S7: =+P7+R7 -> #N/A | T7: =VLOOKUP(B7, '6.Bảng lương '!$B$16:$AW40,43,0) -> #N/A | U7: 0 | V7: =IF(U7<=0,,IF(AND(U7>0,U7<=5000000),5%*U7,IF(AND(U7>5000000,U7<=10000000),10%*U7-250000,IF(AND(U7>10000000,U7<=18000000),15%*U7-750000,IF(AND(U7>18000000,U7<=32000000),20%*U7-1650000,IF(AND(U7>32000000,U7<=52000000),25%*U7-3250000,IF(AND(U7>52000000,U7<=80000000),30%*U7-5850000,IF(U7>80000000,35%*U7-9850000)))))))) -> 0
A8: 2 | B8: CVG006 | C8: Nguyễn Lê Trúc Anh | D8: Trung tâm dịch vụ quản trị | E8: Trưởng ban Pháp chế | G8: =VLOOKUP(B8,'6.Bảng lương '!$B$16:$AW40,34,0) -> #N/A | H8: =VLOOKUP(B8,'6.Bảng lương '!$B$16:$AW40,25,0) -> #N/A | I8: =VLOOKUP(B8, '6.Bảng lương '!$B$16:$AW40, 26,0) -> #N/A | J8: =VLOOKUP(B8, '6.Bảng lương '!$B$16:$AW40,27,0) -> #N/A | K8: =VLOOKUP(B8, '6.Bảng lương '!$B$16:$AW40, 29,0) -> #N/A | L8: =VLOOKUP(B8, '6.Bảng lương '!$B$16:$AW40, 31,0) -> #N/A | M8: =VLOOKUP(B8, '6.Bảng lương '!$B$16:$AW40, 30,0) -> #N/A | N8: =SUM(H8:M8) -> #N/A | O8: =G8-H8-I8-J8 -> #N/A | P8: =VLOOKUP(B8, '6.Bảng lương '!$B$16:$AW40,44,0) -> #N/A | Q8: =VLOOKUP(B8, '6.Bảng lương '!$B$16:$AW40,45,0) -> #N/A | R8: =Q8*4400000 -> #N/A | S8: =+P8+R8 -> #N/A | T8: =VLOOKUP(B8, '6.Bảng lương '!$B$16:$AW40,43,0) -> #N/A | U8: =O8-S8-T8 -> #N/A | V8: =IF(U8<=0,,IF(AND(U8>0,U8<=5000000),5%*U8,IF(AND(U8>5000000,U8<=10000000),10%*U8-250000,IF(AND(U8>10000000,U8<=18000000),15%*U8-750000,IF(AND(U8>18000000,U8<=32000000),20%*U8-1650000,IF(AND(U8>32000000,U8<=52000000),25%*U8-3250000,IF(AND(U8>52000000,U8<=80000000),30%*U8-5850000,IF(U8>80000000,35%*U8-9850000)))))))) -> #N/A
A9: 3 | B9: CVG028 | C9: Lê Thuý Hằng | D9: Trung tâm dịch vụ quản trị | E9: Chuyên viên pháp chế | G9: =VLOOKUP(B9,'6.Bảng lương '!$B$16:$AW40,34,0) -> #N/A | H9: =VLOOKUP(B9,'6.Bảng lương '!$B$16:$AW40,25,0) -> #N/A | I9: =VLOOKUP(B9, '6.Bảng lương '!$B$16:$AW40, 26,0) -> #N/A | J9: =VLOOKUP(B9, '6.Bảng lương '!$B$16:$AW40,27,0) -> #N/A | K9: =VLOOKUP(B9, '6.Bảng lương '!$B$16:$AW40, 29,0) -> #N/A | L9: =VLOOKUP(B9, '6.Bảng lương '!$B$16:$AW40, 31,0) -> #N/A | M9: =VLOOKUP(B9, '6.Bảng lương '!$B$16:$AW40, 30,0) -> #N/A | N9: =SUM(H9:M9) -> #N/A | O9: =G9-H9-I9-J9 -> #N/A | P9: =VLOOKUP(B9, '6.Bảng lương '!$B$16:$AW40,44,0) -> #N/A | Q9: =VLOOKUP(B9, '6.Bảng lương '!$B$16:$AW40,45,0) -> #N/A | R9: =Q9*4400000 -> #N/A | S9: =+P9+R9 -> #N/A | T9: =VLOOKUP(B9, '6.Bảng lương '!$B$16:$AW40,43,0) -> #N/A | U9: 0 | V9: =IF(U9<=0,,IF(AND(U9>0,U9<=5000000),5%*U9,IF(AND(U9>5000000,U9<=10000000),10%*U9-250000,IF(AND(U9>10000000,U9<=18000000),15%*U9-750000,IF(AND(U9>18000000,U9<=32000000),20%*U9-1650000,IF(AND(U9>32000000,U9<=52000000),25%*U9-3250000,IF(AND(U9>52000000,U9<=80000000),30%*U9-5850000,IF(U9>80000000,35%*U9-9850000)))))))) -> 0
A10: 4 | B10: CVG005 | C10: Nguyễn Văn Triển | D10: Trung tâm dịch vụ quản trị | E10: Trưởng ban Tài chính kiêm KTT | G10: =VLOOKUP(B10,'6.Bảng lương '!$B$16:$AW40,34,0) -> #N/A | H10: =VLOOKUP(B10,'6.Bảng lương '!$B$16:$AW40,25,0) -> #N/A | I10: =VLOOKUP(B10, '6.Bảng lương '!$B$16:$AW40, 26,0) -> #N/A | J10: =VLOOKUP(B10, '6.Bảng lương '!$B$16:$AW40,27,0) -> #N/A | K10: =VLOOKUP(B10, '6.Bảng lương '!$B$16:$AW40, 29,0) -> #N/A | L10: =VLOOKUP(B10, '6.Bảng lương '!$B$16:$AW40, 31,0) -> #N/A | M10: =VLOOKUP(B10, '6.Bảng lương '!$B$16:$AW40, 30,0) -> #N/A | N10: =SUM(H10:M10) -> #N/A | O10: =G10-H10-I10-J10 -> #N/A | P10: =VLOOKUP(B10, '6.Bảng lương '!$B$16:$AW40,44,0) -> #N/A | Q10: =VLOOKUP(B10, '6.Bảng lương '!$B$16:$AW40,45,0) -> #N/A | R10: =Q10*4400000 -> #N/A | S10: =+P10+R10 -> #N/A | T10: =VLOOKUP(B10, '6.Bảng lương '!$B$16:$AW40,43,0) -> #N/A | U10: 0 | V10: =IF(U10<=0,,IF(AND(U10>0,U10<=5000000),5%*U10,IF(AND(U10>5000000,U10<=10000000),10%*U10-250000,IF(AND(U10>10000000,U10<=18000000),15%*U10-750000,IF(AND(U10>18000000,U10<=32000000),20%*U10-1650000,IF(AND(U10>32000000,U10<=52000000),25%*U10-3250000,IF(AND(U10>52000000,U10<=80000000),30%*U10-5850000,IF(U10>80000000,35%*U10-9850000)))))))) -> 0
A11: Tổng | G11: =SUBTOTAL(9,G7:G10) -> #N/A | H11: =SUBTOTAL(9,H7:H10) -> #N/A | I11: =SUBTOTAL(9,I7:I10) -> #N/A | J11: =SUBTOTAL(9,J7:J10) -> #N/A | K11: =SUBTOTAL(9,K7:K10) -> #N/A | L11: =SUBTOTAL(9,L7:L10) -> #N/A | M11: =SUBTOTAL(9,M7:M10) -> #N/A | N11: =SUBTOTAL(9,N7:N10) -> #N/A | ... V11: =SUBTOTAL(9,V7:V10) -> #N/A
Q12: Hà Nội, ngày ....tháng....năm 2023
D13: TỔNG GIÁM ĐỐC | H13: TRƯỞNG BAN TÀI CHÍNH KIÊM KTT | N13: TRƯỞNG BAN NHÂN SỰ | Q13: NGƯỜI LẬP
D19: NGUYỄN THỊ HÀ NGÂN | H19: NGUYỄN VĂN TRIỂN | N19: NGUYỄN THỊ MAI HẰNG | Q19: MẠC THỊ LINH

Sheet 7.Danh sách NPT
A1: THEO DÕI NGƯỜI PHỤ THUỘC
A2: 1 | B2: 2 | C2: 3 | D2: 4 | E2: 5 | F2: 6 | G2: 7 | H2: 8 | I2: 9 | J2: 10 | K2: 11 | L2: 12 | M2: 13 | O2: 14 | P2: 15
A3: STT | B3: Mã NV | C3: Họ tên | D3: Tình Trạng | E3: Vị trí | F3: Tầng nhân sự | G3: Phòng/Ban | H3: Nơi làm việc | I3: Mã số thuế | J3: Thông tin về người phụ thuộc | O3: Hồ sơ chứng từ NPT
J4: Số lượng | K4: Người phụ thuộc | L4: Quan hệ với người nộp thuế | M4: MST của phụ thuộc | N4: Ngày sinh | O4: Loại chứng từ | P4: Tình trạng

Sheet 8. Phiếu lương
E2: TÊN ĐƠN VỊ: CÔNG TY CỔ PHẦN MS14 ĐỊA CHỈ: Clubhouse 3 đường Phong Lan 1, khu đô thị Vinhomes Riverside, phường Phúc Lợi, thành phố Hà Nội MST: 0111258406
C6: PHIẾU LƯƠNG THÁNG 04.2026
C8: Mã NV: | F8: MS07 | H8: Công tiêu chuẩn tháng | J8: ='6.Bảng lương '!$G$4 -> 22
C9: Họ & Tên: | F9: =VLOOKUP($F$8,'6.Bảng lương '!$B$11:$AV$48,2,0) -> Nguyễn Ánh Hồng | H9: Ngày công đi làm chính thức | J9: =IF($F$12="Chính Thức",VLOOKUP($F$8,'3. BẢNG CHẤM CÔNG'!$B$11:$AU$30,38,0)+VLOOKUP($F$8,'3. BẢNG CHẤM CÔNG'!$B$11:$AU$30,39,0),"") -> 19
C10: Phòng ban | F10: =VLOOKUP($F$8,'6.Bảng lương '!$B$11:$AV$48,3,0) -> Giáo viên | H10: Ngày công đi làm thử việc | J10: =IF($F$12="Thử Việc",VLOOKUP($F$8,'3. BẢNG CHẤM CÔNG'!$B$11:$AU$46,38,0)+VLOOKUP($F$8,'3. BẢNG CHẤM CÔNG'!$B$11:$AU$46,39,0),0) -> 0
C11: Chức vụ | F11: =VLOOKUP($F$8,'6.Bảng lương '!$B$11:$AV$48,4,0) -> Giáo viên mầm non | H11: Ngày nghỉ lễ, chế độ | J11: =VLOOKUP($F$8,'3. BẢNG CHẤM CÔNG'!$B$11:$AU$46,44,0) -> 2
C12: Tình trạng: | F12: =VLOOKUP($F$8,'6.Bảng lương '!$B$11:$AV$48,5,0) -> Chính Thức | H12: Ngày nghỉ phép năm | J12: =VLOOKUP($F$8,'3. BẢNG CHẤM CÔNG'!$B$11:$AU$46,42,0) -> 1
C13: Phép Tồn: | F13: 1 | H13: Ngày nghỉ không lương | J13: =VLOOKUP($F$8,'3. BẢNG CHẤM CÔNG'!$B$11:$AU$46,45,0) -> 0
C15: Chi tiết thu nhập | I15: Thành Tiền
C16: Các Khoản Cộng (1) | E16: Lương theo BHXH | I16: =VLOOKUP($F$8,'6.Bảng lương '!$B$11:$AV$48,11,0) -> 5500000
E17: Các khoản hỗ trợ (đã bao gồm gửi xe) | I17: =VLOOKUP($F$8,'6.Bảng lương '!$B$11:$AV$48,29,0) -> 1620000
E18: Thưởng YTCLCV (ý thức chất lượng công việc | I18: =VLOOKUP($F$8,'6.Bảng lương '!$B$11:$AV$48,14,0) -> 1880000
E19: Thưởng hiệu quả kinh doanh | I19: =VLOOKUP($F$8,'6.Bảng lương '!$B$11:$AV$48,18,0) -> 0
E20: Làm thêm giờ | I20: =VLOOKUP($F$8,'6.Bảng lương '!$B$11:$AV$48,19,0) -> 0
E21: Phúc lợi | I21: =VLOOKUP($F$8,'6.Bảng lương '!$B$11:$AV$48,20,0) -> 0
E22: Các khoản cộng khác | I22: 0
C24: Các khoản Trừ (2) | E24: Trích nộp BHXH, BHYT, BHTNLD | I24: =VLOOKUP($F$8,'6.Bảng lương '!$B$11:$AV$48,39,0) -> 577500
E25: Thuế TNCN tạm tính | I25: =VLOOKUP($F$8,'6.Bảng lương '!$B$11:$AV$48,45,0) -> 0
E26: Tiền Phí Công Đoàn | I26: 0
E27: Hoàn thuế TNCN 2024 | I27: =VLOOKUP($F$8,'6.Bảng lương '!$B$11:$AV$48,46,0) -> 0
E28: Các Khoản Trừ Khác | I28: 0
C30: Ghi Chú | E30: Số tiền thực lĩnh của nhân sự (1)-(2) | I30: =ROUND(SUM(I16:J22)-I24-I25-I26+I27-I28,-2) -> 8422500
C31: Tiền Bảo Hiểm Công Ty Đóng Cho Nhân Viên | I31: =VLOOKUP($F$8,'6.Bảng lương '!$B$11:$AV$48,35,0) -> 1182500
C32: Tổng chi phí lương của công ty dành cho nhân sự | I32: =I30+I31 -> 9605000

Sheet Bản sao của 8. Phiếu lương
F2: TÊN ĐƠN VỊ: CÔNG TY CỔ PHẦN TẬP ĐOÀN CEO VIỆT NAM GLOBAL ĐỊA CHỈ: LÔ A21, D7 KHU ĐÔ THỊ MỚI CẦU GIẤY, PHƯỜNG DỊCH VỌNG, QUẬN CẦU GIẤY, HN. MST: 0109298747
C6: PHIẾU LƯƠNG THÁNG 09/2023
C8: Mã NV: | G8: CVG029
C9: Họ & Tên: | G9: =VLOOKUP($G$8,'6.Bảng lương '!$B$16:$AW59,2,0) -> #N/A
C10: Phòng ban | G10: =VLOOKUP($G$8,'6.Bảng lương '!$B$16:$AW59,3,0) -> #N/A
C11: Chức vụ | G11: =VLOOKUP($G$8,'6.Bảng lương '!$B$16:$AW59,4,0) -> #N/A
C12: Tình trạng: | G12: Chính thức
C13: Phép Tồn: | G13: =VLOOKUP($G$8,'3. BẢNG CHẤM CÔNG'!$B$10:$AV48,47,0) -> #N/A | O13: Ngày công tiêu chuẩn trong tháng của CBNV | AA13: =VLOOKUP($G$8,'3. BẢNG CHẤM CÔNG'!$B$12:$AV48,46,0) -> #N/A
Q15: Thành Tiền
C16: Các Khoản Cộng (1) | E16: Lương theo BHXH | Q16: =VLOOKUP($G$8,'6.Bảng lương '!$B$16:$AW59,10,0) -> #N/A
E17: Phụ cấp miễn thuế TNCN | Q17: 2620000
E18: Phụ cấp tính thuế TNCN | Q18: 27380000
E19: Thưởng hiệu quả kinh doanh | Q19: =VLOOKUP($G$8,'6.Bảng lương '!$B$16:$AW59,19,0) -> #N/A
E20: Phúc lợi | Q20: =VLOOKUP($G$8,'6.Bảng lương '!$B$16:$AW59,24,0) -> #N/A
E21: Làm thêm giờ | Q21: =VLOOKUP($G$8,'6.Bảng lương '!$B$16:$AW59,25,0) -> #N/A
E22: Các khoản cộng khác | Q22: =VLOOKUP($G$8,'6.Bảng lương '!$B$16:$AW59,23,0) -> #N/A
C24: Các khoản Trừ (2) | E24: Tiền Bảo Hiểm | Q24: =VLOOKUP($G$8,'6.Bảng lương '!$B$16:$AW59,46,0) -> #N/A
E25: Tiền Thuế TNCN | Q25: =VLOOKUP($G$8,'6.Bảng lương '!$B$16:$AW59,52,0) -> #N/A
E26: Tiền Phí Công Đoàn | Q26: 0
E27: Lương ứng/ Chi lương thưởng phúc lợi ứng trước (nếu có) | Q27: =VLOOKUP($G$8,'6.Bảng lương '!$B$16:$AW59,53,0) -> #N/A
E28: Các Khoản Trừ Khác | Q28: 0
C30: Ghi Chú | E30: Số tiền thực lĩnh của nhân sự (1)-(2) | X30: =VLOOKUP($G$8,'6.Bảng lương '!$B$16:$AW59,55,0) -> #N/A
C35: Tiền Bảo Hiểm Công Ty Đóng Cho Nhân Viên | Q35: =VLOOKUP($G$8,'6.Bảng lương '!$B$16:$AW59,42,0) -> #N/A
C36: Tổng chi phí lương của công ty dành cho nhân sự | Q36: =SUM(Q16:AC22)+Q26+Q35 -> #N/A
