Workbook
Name __________________________________a129: #REF!
Name __________________________________a130: #REF!
Name _________________________________a129: #REF!
Name _________________________________a130: #REF!
Name ________________________________a129: #REF!
Name ________________________________a130: #REF!
Name _______________________________a129: #REF!
Name _______________________________a130: #REF!
Name ______________________________a129: #REF!
Name ______________________________a130: #REF!
Name _____________________________a129: #REF!
Name _____________________________a130: #REF!
Name ____________________________a129: #REF!
Name ____________________________a130: #REF!
Name ___________________________a129: #REF!
Name ___________________________a130: #REF!
Name __________________________a129: #REF!
Name __________________________a130: #REF!
Name _________________________a129: #REF!
Name _________________________a130: #REF!
Name ________________________a129: #REF!
Name ________________________a130: #REF!
Name _______________________a129: #REF!
Name _______________________a130: #REF!
Name ______________________a129: #REF!
Name ______________________a130: #REF!
Name _____________________a129: #REF!
Name _____________________a130: #REF!
Name ____________________a129: #REF!
Name ____________________a130: #REF!
Name ___________________a129: #REF!
Name ___________________a130: #REF!
Name __________________a129: #REF!
Name __________________a130: #REF!
Name _________________a129: #REF!
Name _________________a130: #REF!
Name ________________a129: #REF!
Name ________________a130: #REF!
Name _______________a129: #REF!
Name _______________a130: #REF!
Name ______________a129: #REF!
Name ______________a130: #REF!
Name _____________a129: #REF!
Name _____________a130: #REF!
Name ____________a129: #REF!
Name ____________a130: #REF!
Name ___________a129: #REF!
Name ___________a130: #REF!
Name __________a129: #REF!
Name __________a130: #REF!
Name _________a129: #REF!
Name _________a130: #REF!
Name ________a129: #REF!
Name ________a130: #REF!
Name _______a129: #REF!
Name _______a130: #REF!
Name ______a129: #REF!
Name ______a130: #REF!
Name _____a129: #REF!
Name _____a130: #REF!

Sheet MỤC LỤC
A1: DANH MỤC HỒ SƠ LƯƠNG THÁNG 04.2024
A2: STT | B2: Nội dung | C2: Link
A3: 1 | B3: Đề nghị thanh toán | C3: ĐỀ NGHỊ THANH TOÁN
A4: 2 | B4: Ngân hàng nhận lương của CBNV | C4: Bảng kê nhận lương
A5: 3 | B5: Bảng chấm công | C5: 3,BẢNG CHẤM CÔNG
A6: 4 | B6: Bảng phép năm 2025 | C6: Bảng phép năm 2023
A7: 5 | B7: Thông số tính lương | C7: Thông số TL
A8: 6 | B8: Bảng tính lương | C8: Bảng lương
A9: 7 | B9: Theo dõi Người phụ thuộc | C9: #'7.Danh sách NPT'!A1
A10: 8 | B10: Phiếu lương | C10: Phiếu lương

Sheet 1.ĐNTT LẦN 1
D1: CỘNG HOÀ XÃ HỘI CHỦ NGHĨA VIỆT NAM Độc lập - Tự do - Hạnh phúc
D2: ----------------------
M3: =IF(E3="","Hà Nội, Ngày 05 Tháng 08 Năm 2026",VLOOKUP(E3,'[23]NHẬP LIỆU'!B1:M29,2,0)) -> Hà Nội, Ngày 05 Tháng 08 Năm 2026
H5: ĐỀ NGHỊ THANH TOÁN
C6: Kính gửi: | D6: - Ban lãnh đạo Công ty cổ phần MS14 - Bộ phận kế toán của công ty
C7: Họ và tên người đề nghị: Nguyễn Thị Thu Hảo
C8: Bộ phận: | D8: Vận hành
C9: Nội dung thanh toán: MS14 thanh toán lương CBNV MS14 tháng 07/2026
C11: Nội dung thanh toán | N11: Thành tiền
C12: MS14 thanh toán lương CBNV MS14 tháng 07/2026 Danh sách cụ thể đính kèm. | N12: ='2. DS TKNH L1'!G18 -> 168977100
C13: Tổng tiền thanh toán | N13: =N12 -> 168977100
C14: Bằng chữ:
C15: =" Đề nghị Ban lãnh đạo và phòng kế toán phê duyệt để thanh toán số tiền nêu trên. Chi tiết cụ thể như số liệu đã đề cập." -> Đề nghị Ban lãnh đạo và phòng kế toán phê duyệt để thanh toán số tiền nêu trên. Chi tiết cụ thể như số liệu đã đề cập.
C16: Phương thức thanh toán: | H16: Tiền mặt | L16: FALSE
H17: Chuyển khoản | L17: TRUE
C18: Thông tin chuyển khoản:
C19: - Chủ tài khoản: | F19: Theo danh sách đính kèm
C20: - Số tài khoản : | F20: Theo danh sách đính kèm
C21: - Ngân hàng: | F21: Theo danh sách đính kèm
A23: Tổng Giám đốc | F23: Phòng TCKT | N23: Phòng HCNS | V23: Người lập

Sheet 2. DS TKNH L1
C1: BẢNG KÊ DANH SÁCH THANH TOÁN LƯƠNG THÁNG 07.2026
C2: Nội dung: MS14 thanh toán lương cho nhân sự MS14 Tháng 07.2026
A3: STT | B3: Mã NV | C3: Họ và tên | D3: Số tài khoản | E3: Ngân hàng | F3: Chi nhánh | G3: Số tiền thanh toán
A4: =SUBTOTAL(3,$C$3:C3) -> 1 | B4: MS04 | C4: =VLOOKUP(B4,'6.Bảng lương '!B15:$C$16,2,0) -> Nguyễn Thị Thu Hảo | D4: 19035531863010 | E4: Techcombank | G4: =VLOOKUP($B4,'6.Bảng lương '!$B$11:$AV$30,47,0) -> 12082100
A5: =SUBTOTAL(3,$C$3:C4) -> 2 | B5: MS02 | C5: =VLOOKUP(B5,'6.Bảng lương '!B12:$C$12,2,0) -> Bùi Thanh Anh | D5: 1978555558 | E5: ACB | G5: =VLOOKUP($B5,'6.Bảng lương '!$B$11:$AV$30,47,0) -> 15000000
A6: =SUBTOTAL(3,$C$3:C5) -> 3 | B6: MS06 | C6: =VLOOKUP(B6,'6.Bảng lương '!B$16:$C22,2,0) -> Eugene | D6: 1045887952 | E6: Vietcombank | G6: =VLOOKUP($B6,'6.Bảng lương '!$B$11:$AV$30,47,0)-7717000 -> 32921700 | H6: Giữ lại 7.717.000 tiền phí dịch vụ làm WP, TRC
A7: =SUBTOTAL(3,$C$3:C6) -> 4 | B7: MS07 | C7: =VLOOKUP(B7,'6.Bảng lương '!B$16:$C23,2,0) -> Nguyễn Ánh Hồng | D7: 1033638061 | E7: Vietcombank | G7: =VLOOKUP($B7,'6.Bảng lương '!$B$11:$AV$30,47,0) -> 9000000
A8: =SUBTOTAL(3,$C$3:C7) -> 5 | B8: MS09 | C8: =VLOOKUP(B8,'6.Bảng lương '!$B$12:$C$23,2,0) -> Nguyễn Thị Thu | D8: 1991555558 | E8: ACB | G8: =VLOOKUP($B8,'6.Bảng lương '!$B$11:$AV$30,47,0) -> 8000000
A9: =SUBTOTAL(3,$C$3:C8) -> 6 | B9: MS11 | C9: =VLOOKUP(B9,' 5. Thông số TL'!$D$12:$E$25,2,0) -> Phùng Thị Lụa | D9: 0563250894 | E9: MB | G9: =VLOOKUP($B9,'6.Bảng lương '!$B$11:$AV$30,47,0) -> 9000000
A10: =SUBTOTAL(3,$C$3:C9) -> 7 | B10: MS12 | C10: =VLOOKUP(B10,' 5. Thông số TL'!$D$12:$E$25,2,0) -> Đinh Thị Bích Ngọc | D10: 19032824127018 | E10: Techcombank | G10: =VLOOKUP($B10,'6.Bảng lương '!$B$11:$AV$30,47,0) -> 7000000
A11: =SUBTOTAL(3,$C$3:C10) -> 8 | B11: MS13 | C11: =VLOOKUP(B11,' 5. Thông số TL'!$D$12:$E$25,2,0) -> Lương Văn Châm | D11: 9904677976 | E11: Techcombank | G11: =VLOOKUP($B11,'6.Bảng lương '!$B$11:$AV$30,47,0) -> 10000000
A12: =SUBTOTAL(3,$C$3:C11) -> 9 | B12: MS14 | C12: =VLOOKUP(B12,' 5. Thông số TL'!$D$12:$E$25,2,0) -> Nguyễn Thị Phúc | D12: 1036236348 | E12: VCB | G12: =VLOOKUP($B12,'6.Bảng lương '!$B$11:$AV$30,47,0) -> 10000000
A13: =SUBTOTAL(3,$C$3:C12) -> 10 | B13: MS20 | C13: Nguyễn Thị Thu Hiền | D13: 19021081619016 | E13: Techcombank | G13: =VLOOKUP($B13,'6.Bảng lương '!$B$11:$AV$30,47,0) -> 9000000
A14: =SUBTOTAL(3,$C$3:C13) -> 11 | B14: MS21 | C14: Triệu Thị Thu | D14: 150822666999 | E14: Techcombank | G14: =VLOOKUP($B14,'6.Bảng lương '!$B$11:$AV$30,47,0) -> 12000000
A15: =SUBTOTAL(3,$C$3:C14) -> 12 | B15: MS22 | C15: Nguyễn Thị Hằng | D15: 19031171516025 | E15: Techcombank | G15: =VLOOKUP($B15,'6.Bảng lương '!$B$11:$AV$30,47,0) -> 11000000
A16: =SUBTOTAL(3,$C$3:C15) -> 13 | B16: MS23 | C16: Hoàng Thị Ánh Mão | D16: 19024964658010 | E16: Techcombank | G16: =VLOOKUP($B16,'6.Bảng lương '!$B$11:$AV$30,47,0) -> 9505700
A17: =SUBTOTAL(3,$C$3:C16) -> 14 | B17: MS24 | C17: Trương Hoàng Diễm | D17: 8819922368 | E17: VPBank | G17: =VLOOKUP($B17,'6.Bảng lương '!$B$11:$AV$30,47,0) -> 14467600
A18: Tổng | G18: =SUM(G4:G17) -> 168977100
E21: Hà Nội, ngày 05 tháng 08 năm 2026
A23: TỔNG GIÁM ĐỐC | C23: PHÒNG TÀI CHÍNH - KẾ TOÁN | E23: PHÒNG HCNS | F23: NGƯỜI LẬP

Sheet 3. BẢNG CHẤM CÔNG
C1: TÊN ĐƠN VỊ: CÔNG TY CỔ PHẦN MS14 ĐỊA CHỈ: Clubhouse 3 đường Phong Lan 1, khu đô thị Vinhomes Riverside, phường Phúc Lợi, thành phố Hà Nội MST: 0111258406
I2: Tháng | K2: 7 | M2: Bảng Ký Hiệu Các Loại Ngày Công
M3: Loại | O3: Đủ Công | P3: Nửa Ngày | Q3: Online | R3: Online nửa ngày | S3: Phép | T3: Nửa phép | U3: Làm việc CN, T7 | V3: Làm việc nửa CN/T7 | X3: Ngày Lễ | Y3: Nửa ngày lễ | Z3: Không Lương | AB3: Thai sản
I4: Năm | K4: 2026
M5: Ký Hiệu | O5: X | P5: N1 | Q5: On | R5: On/2 | S5: P | T5: P1 | U5: C | V5: C/2 | X5: L | Y5: L1 | Z5: K | AB5: TS
A6: MS14 - BẢNG CHẤM CÔNG THÁNG 06/2026
H7: 8 | I7: =1+H7 -> 9 | J7: =1+I7 -> 10 | K7: =1+J7 -> 11 | L7: =1+K7 -> 12 | M7: =1+L7 -> 13 | N7: =1+M7 -> 14 | O7: =1+N7 -> 15 | P7: =1+O7 -> 16 | ... AN7: =1+AM7 -> 40 | AP7: =1+AN7 -> 41 | AQ7: =1+AP7 -> 42 | AR7: =1+AQ7 -> 43 | AS7: =1+AR7 -> 44 | AT7: =1+AS7 -> 45 | AU7: =1+AT7 -> 46 | AV7: =1+AU7 -> 47
H8: =DATE(K4,K2,1) -> 46204 | I8: =H8+1 -> 46205 | J8: =I8+1 -> 46206 | K8: =J8+1 -> 46207 | L8: =K8+1 -> 46208 | M8: =L8+1 -> 46209 | N8: =M8+1 -> 46210 | O8: =N8+1 -> 46211 | P8: =O8+1 -> 46212 | ... AL8: =AK8+1 -> 46234 | AM8: X | AN8: N1 | AO8: ON | AP8: C | AQ8: P + P1 | AR8: Tổng Công đi làm & nghỉ phép | AS8: L | AT8: K | AU8: Số công full tháng | AV8: ="Phép Tồn năm 2023 tính đến T."&K2 -> Phép Tồn năm 2023 tính đến T.7
H9: =CHOOSE(WEEKDAY(H8),"Chủ Nhật","Thứ Hai","Thứ Ba","Thứ Tư","Thứ Năm","Thứ Sáu","Thứ Bảy") -> Thứ Tư | I9: =CHOOSE(WEEKDAY(I8),"Chủ Nhật","Thứ Hai","Thứ Ba","Thứ Tư","Thứ Năm","Thứ Sáu","Thứ Bảy") -> Thứ Năm | J9: =CHOOSE(WEEKDAY(J8),"Chủ Nhật","Thứ Hai","Thứ Ba","Thứ Tư","Thứ Năm","Thứ Sáu","Thứ Bảy") -> Thứ Sáu | K9: =CHOOSE(WEEKDAY(K8),"Chủ Nhật","Thứ Hai","Thứ Ba","Thứ Tư","Thứ Năm","Thứ Sáu","Thứ Bảy") -> Thứ Bảy | L9: =CHOOSE(WEEKDAY(L8),"Chủ Nhật","Thứ Hai","Thứ Ba","Thứ Tư","Thứ Năm","Thứ Sáu","Thứ Bảy") -> Chủ Nhật | M9: =CHOOSE(WEEKDAY(M8),"Chủ Nhật","Thứ Hai","Thứ Ba","Thứ Tư","Thứ Năm","Thứ Sáu","Thứ Bảy") -> Thứ Hai | N9: =CHOOSE(WEEKDAY(N8),"Chủ Nhật","Thứ Hai","Thứ Ba","Thứ Tư","Thứ Năm","Thứ Sáu","Thứ Bảy") -> Thứ Ba | O9: =CHOOSE(WEEKDAY(O8),"Chủ Nhật","Thứ Hai","Thứ Ba","Thứ Tư","Thứ Năm","Thứ Sáu","Thứ Bảy") -> Thứ Tư | ... AL9: =CHOOSE(WEEKDAY(AL8),"Chủ Nhật","Thứ Hai","Thứ Ba","Thứ Tư","Thứ Năm","Thứ Sáu","Thứ Bảy") -> Thứ Sáu | AM9: Đủ công | AN9: Nửa Công | AO9: Làm online | AP9: Làm việc CN, T7 | AQ9: Phép | AS9: Lễ Tết | AT9: Không Lương
A10: STT | B10: Mã NV | C10: Phòng ban | D10: Chức danh | E10: Tầng nhân sự | F10: Họ & Tên | G10: Tình Trạng | AR10: =SUM(AR12:AR30) -> 534 | AT10: =SUM(AT12:AT30) -> 60
A11: =SUBTOTAL(3,$F$11:F11) -> 1 | B11: MS04 | C11: Vận hành | D11: Trưởng phòng vận hành | F11: Nguyễn Thị Thu Hảo | G11: Chính Thức | H11: X | I11: X | J11: X | M11: X | N11: X | O11: X | P11: X | Q11: X | T11: X | U11: X | V11: X | W11: P | X11: P | AA11: P | AB11: On | AC11: On | AD11: On | AE11: On | AH11: On | AI11: On | AJ11: On | AK11: On | AL11: On | AM11: =IF(F11="","",COUNTIF($H11:$AL11,AM$8)) -> 11 | AN11: =IF(OR(G11="",G11="Đã nghỉ"),0,COUNTIF($H11:$AL11,"N1")/2++IF(AND(LEN(H11)>2,OR(LEFT(H11,2)="N1",RIGHT(H11,2)="N1")),0.5)+IF(AND(LEN(I11)>2,OR(LEFT(I11,2)="N1",RIGHT(I11,2)="N1")),0.5)+IF(AND(LEN(J11)>2,OR(LEFT(J11,2)="N1",RIGHT(J11,2)="N1")),0.5)+IF(AND(LEN(K11)>2,OR(LEFT(K11,2)="N1",RIGHT(K11,2)="N1")),0.5)+IF(AND(LEN(L11)>2,OR(LEFT(L11,2)="N1",RIGHT(L11,2)="N1")),0.5)+IF(AND(LEN(M11)>2,OR(LEFT(M11,2)="N1",RIGHT(M11,2)="N1")),0.5)+IF(AND(LEN(N11)>2,OR(LEFT(N11,2)="N1",RIGHT(N11,2)="N1")),0.5)+IF(AND(LEN(O11)>2,OR(LEFT(O11,2)="N1",RIGHT(O11,2)="N1")),0.5)+IF(AND(LEN(P11)>2,OR(LEFT(P11,2)="N1",RIGHT(P11,2)="N1")),0.5)+IF(AND(LEN(Q11)>2,OR(LEFT(Q11,2)="N1",RIGHT(Q11,2)="N1")),0.5)+IF(AND(LEN(R11)>2,OR(LEFT(R11,2)="N1",RIGHT(R11,2)="N1")),0.5)+IF(AND(LEN(S11)>2,OR(LEFT(S11,2)="N1",RIGHT(S11,2)="N1")),0.5)+IF(AND(LEN(T11)>2,OR(LEFT(T11,2)="N1",RIGHT(T11,2)="N1")),0.5)+IF(AND(LEN(U11)>2,OR(LEFT(U11,2)="N1",RIGHT(U11,2)="N1")),0.5)+IF(AND(LEN(V11)>2,OR(LEFT(V11,2)="N1",RIGHT(V11,2)="N1")),0.5)+IF(AND(LEN(W11)>2,OR(LEFT(W11,2)="N1",RIGHT(W11,2)="N1")),0.5)+IF(AND(LEN(X11)>2,OR(LEFT(X11,2)="N1",RIGHT(X11,2)="N1")),0.5)+IF(AND(LEN(Y11)>2,OR(LEFT(Y11,2)="N1",RIGHT(Y11,2)="N1")),0.5)+IF(AND(LEN(Z11)>2,OR(LEFT(Z11,2)="N1",RIGHT(Z11,2)="N1")),0.5)+IF(AND(LEN(AA11)>2,OR(LEFT(AA11,2)="N1",RIGHT(AA11,2)="N1")),0.5)+IF(AND(LEN(AB11)>2,OR(LEFT(AB11,2)="N1",RIGHT(AB11,2)="N1")),0.5)+IF(AND(LEN(AC11)>2,OR(LEFT(AC11,2)="N1",RIGHT(AC11,2)="N1")),0.5)+IF(AND(LEN(AD11)>2,OR(LEFT(AD11,2)="N1",RIGHT(AD11,2)="N1")),0.5)+IF(AND(LEN(AE11)>2,OR(LEFT(AE11,2)="N1",RIGHT(AE11,2)="N1")),0.5)+IF(AND(LEN(AF11)>2,OR(LEFT(AF11,2)="N1",RIGHT(AF11,2)="N1")),0.5)+IF(AND(LEN(AG11)>2,OR(LEFT(AG11,2)="N1",RIGHT(AG11,2)="N1")),0.5)+IF(AND(LEN(AH11)>2,OR(LEFT(AH11,2)="N1",RIGHT(AH11,2)="N1")),0.5)+IF(AND(LEN(AI11)>2,OR(LEFT(AI11,2)="N1",RIGHT(AI11,2)="N1")),0.5)+IF(AND(LEN(AJ11)>2,OR(LEFT(AJ11,2)="N1",RIGHT(AJ11,2)="N1")),0.5)+IF(AND(LEN(AK11)>2,OR(LEFT(AK11,2)="N1",RIGHT(AK11,2)="N1")),0.5)+IF(AND(LEN(AL11)>2,OR(LEFT(AL11,2)="N1",RIGHT(AL11,2)="N1")),0.5)) -> 0 | AO11: =COUNTIF(H11:AL11,"ON")+COUNTIF(H11:AL11,"ON/2")/2 -> 9 | AP11: =IF(F11="","",COUNTIF($H11:$AL11,AP$8))+IF(F11="","",COUNTIF($H11:$AL11,$V$5)/2) -> 0 | AQ11: =COUNTIF($H11:$AL11,"P")+COUNTIF($H11:$AL11,"P1")/2+IF(AND(LEN(I11)>2,OR(LEFT(I11,2)="P1",RIGHT(I11,2)="P1")),0.5)+IF(AND(LEN(J11)>2,OR(LEFT(J11,2)="P1",RIGHT(J11,2)="P1")),0.5)+IF(AND(LEN(K11)>2,OR(LEFT(K11,2)="P1",RIGHT(K11,2)="P1")),0.5)+IF(AND(LEN(L11)>2,OR(LEFT(L11,2)="P1",RIGHT(L11,2)="P1")),0.5)+IF(AND(LEN(M11)>2,OR(LEFT(M11,2)="P1",RIGHT(M11,2)="P1")),0.5)+IF(AND(LEN(N11)>2,OR(LEFT(N11,2)="P1",RIGHT(N11,2)="P1")),0.5)+IF(AND(LEN(O11)>2,OR(LEFT(O11,2)="P1",RIGHT(O11,2)="P1")),0.5)+IF(AND(LEN(P11)>2,OR(LEFT(P11,2)="P1",RIGHT(P11,2)="P1")),0.5)+IF(AND(LEN(Q11)>2,OR(LEFT(Q11,2)="P1",RIGHT(Q11,2)="P1")),0.5)+IF(AND(LEN(R11)>2,OR(LEFT(R11,2)="P1",RIGHT(R11,2)="P1")),0.5)+IF(AND(LEN(S11)>2,OR(LEFT(S11,2)="P1",RIGHT(S11,2)="P1")),0.5)+IF(AND(LEN(T11)>2,OR(LEFT(T11,2)="P1",RIGHT(T11,2)="P1")),0.5)+IF(AND(LEN(U11)>2,OR(LEFT(U11,2)="P1",RIGHT(U11,2)="P1")),0.5)+IF(AND(LEN(V11)>2,OR(LEFT(V11,2)="P1",RIGHT(V11,2)="P1")),0.5)+IF(AND(LEN(W11)>2,OR(LEFT(W11,2)="P1",RIGHT(W11,2)="P1")),0.5)+IF(AND(LEN(X11)>2,OR(LEFT(X11,2)="P1",RIGHT(X11,2)="P1")),0.5)+IF(AND(LEN(Y11)>2,OR(LEFT(Y11,2)="P1",RIGHT(Y11,2)="P1")),0.5)+IF(AND(LEN(Z11)>2,OR(LEFT(Z11,2)="P1",RIGHT(Z11,2)="P1")),0.5)+IF(AND(LEN(AA11)>2,OR(LEFT(AA11,2)="P1",RIGHT(AA11,2)="P1")),0.5)+IF(AND(LEN(AB11)>2,OR(LEFT(AB11,2)="P1",RIGHT(AB11,2)="P1")),0.5)+IF(AND(LEN(AC11)>2,OR(LEFT(AC11,2)="P1",RIGHT(AC11,2)="P1")),0.5)+IF(AND(LEN(AD11)>2,OR(LEFT(AD11,2)="P1",RIGHT(AD11,2)="P1")),0.5)+IF(AND(LEN(AE11)>2,OR(LEFT(AE354,2)="P1",RIGHT(AE11,2)="P1")),0.5)+IF(AND(LEN(AF11)>2,OR(LEFT(AF11,2)="P1",RIGHT(AF11,2)="P1")),0.5)+IF(AND(LEN(AG11)>2,OR(LEFT(AG11,2)="P1",RIGHT(AG11,2)="P1")),0.5)+IF(AND(LEN(AH11)>2,OR(LEFT(AH11,2)="P1",RIGHT(AH11,2)="P1")),0.5)+IF(AND(LEN(AI11)>2,OR(LEFT(AI11,2)="P1",RIGHT(AI11,2)="P1")),0.5)+IF(AND(LEN(AJ11)>2,OR(LEFT(AJ11,2)="P1",RIGHT(AJ11,2)="P1")),0.5)+IF(AND(LEN(AK11)>2,OR(LEFT(AK11,2)="P1",RIGHT(AK11,2)="P1")),0.5)+IF(AND(LEN(AL11)>2,OR(LEFT(AL11,2)="P1",RIGHT(AL11,2)="P1")),0.5) -> 3 | AR11: =IF(G11="","",AM11+AN11+AP11+AQ11) -> 14 | AS11: =IF(F11="","",COUNTIF($H11:$AL11,AS$8))++IF(F11="","",COUNTIF($H11:$AL11,"L1")/2) -> 0 | AT11: =AU11-AR11-AS11 -> 9 | AU11: 23
A12: =SUBTOTAL(3,$F$11:F12) -> 2 | B12: MS07 | C12: Giáo viên | D12: Giáo viên mầm non | F12: Nguyễn Ánh Hồng | G12: Chính Thức | H12: X | I12: X | J12: X | M12: X | N12: X | O12: X | P12: X | Q12: X | T12: X | U12: X | V12: X | W12: X | X12: X | AA12: X | AB12: X | AC12: X | AD12: X | AE12: X | AH12: X | AI12: X | AJ12: X | AK12: X | AL12: X | AM12: =IF(F12="","",COUNTIF($H12:$AL12,AM$8)) -> 23 | AN12: =IF(OR(G12="",G12="Đã nghỉ"),0,COUNTIF($H12:$AL12,"N1")/2++IF(AND(LEN(H12)>2,OR(LEFT(H12,2)="N1",RIGHT(H12,2)="N1")),0.5)+IF(AND(LEN(I12)>2,OR(LEFT(I12,2)="N1",RIGHT(I12,2)="N1")),0.5)+IF(AND(LEN(J12)>2,OR(LEFT(J12,2)="N1",RIGHT(J12,2)="N1")),0.5)+IF(AND(LEN(K12)>2,OR(LEFT(K12,2)="N1",RIGHT(K12,2)="N1")),0.5)+IF(AND(LEN(L12)>2,OR(LEFT(L12,2)="N1",RIGHT(L12,2)="N1")),0.5)+IF(AND(LEN(M12)>2,OR(LEFT(M12,2)="N1",RIGHT(M12,2)="N1")),0.5)+IF(AND(LEN(N12)>2,OR(LEFT(N12,2)="N1",RIGHT(N12,2)="N1")),0.5)+IF(AND(LEN(O12)>2,OR(LEFT(O12,2)="N1",RIGHT(O12,2)="N1")),0.5)+IF(AND(LEN(P12)>2,OR(LEFT(P12,2)="N1",RIGHT(P12,2)="N1")),0.5)+IF(AND(LEN(Q12)>2,OR(LEFT(Q12,2)="N1",RIGHT(Q12,2)="N1")),0.5)+IF(AND(LEN(R12)>2,OR(LEFT(R12,2)="N1",RIGHT(R12,2)="N1")),0.5)+IF(AND(LEN(S12)>2,OR(LEFT(S12,2)="N1",RIGHT(S12,2)="N1")),0.5)+IF(AND(LEN(T12)>2,OR(LEFT(T12,2)="N1",RIGHT(T12,2)="N1")),0.5)+IF(AND(LEN(U12)>2,OR(LEFT(U12,2)="N1",RIGHT(U12,2)="N1")),0.5)+IF(AND(LEN(V12)>2,OR(LEFT(V12,2)="N1",RIGHT(V12,2)="N1")),0.5)+IF(AND(LEN(W12)>2,OR(LEFT(W12,2)="N1",RIGHT(W12,2)="N1")),0.5)+IF(AND(LEN(X12)>2,OR(LEFT(X12,2)="N1",RIGHT(X12,2)="N1")),0.5)+IF(AND(LEN(Y12)>2,OR(LEFT(Y12,2)="N1",RIGHT(Y12,2)="N1")),0.5)+IF(AND(LEN(Z12)>2,OR(LEFT(Z12,2)="N1",RIGHT(Z12,2)="N1")),0.5)+IF(AND(LEN(AA12)>2,OR(LEFT(AA12,2)="N1",RIGHT(AA12,2)="N1")),0.5)+IF(AND(LEN(AB12)>2,OR(LEFT(AB12,2)="N1",RIGHT(AB12,2)="N1")),0.5)+IF(AND(LEN(AC12)>2,OR(LEFT(AC12,2)="N1",RIGHT(AC12,2)="N1")),0.5)+IF(AND(LEN(AD12)>2,OR(LEFT(AD12,2)="N1",RIGHT(AD12,2)="N1")),0.5)+IF(AND(LEN(AE12)>2,OR(LEFT(AE12,2)="N1",RIGHT(AE12,2)="N1")),0.5)+IF(AND(LEN(AF12)>2,OR(LEFT(AF12,2)="N1",RIGHT(AF12,2)="N1")),0.5)+IF(AND(LEN(AG12)>2,OR(LEFT(AG12,2)="N1",RIGHT(AG12,2)="N1")),0.5)+IF(AND(LEN(AH12)>2,OR(LEFT(AH12,2)="N1",RIGHT(AH12,2)="N1")),0.5)+IF(AND(LEN(AI12)>2,OR(LEFT(AI12,2)="N1",RIGHT(AI12,2)="N1")),0.5)+IF(AND(LEN(AJ12)>2,OR(LEFT(AJ12,2)="N1",RIGHT(AJ12,2)="N1")),0.5)+IF(AND(LEN(AK12)>2,OR(LEFT(AK12,2)="N1",RIGHT(AK12,2)="N1")),0.5)+IF(AND(LEN(AL12)>2,OR(LEFT(AL12,2)="N1",RIGHT(AL12,2)="N1")),0.5)) -> 0 | AO12: =COUNTIF(H12:AL12,"ON")+COUNTIF(H12:AL12,"ON/2")/2 -> 0 | AP12: =IF(F12="","",COUNTIF($H12:$AL12,AP$8))+IF(F12="","",COUNTIF($H12:$AL12,$V$5)/2) -> 0 | AQ12: =COUNTIF($H12:$AL12,"P")+COUNTIF($H12:$AL12,"P1")/2+IF(AND(LEN(I12)>2,OR(LEFT(I12,2)="P1",RIGHT(I12,2)="P1")),0.5)+IF(AND(LEN(J12)>2,OR(LEFT(J12,2)="P1",RIGHT(J12,2)="P1")),0.5)+IF(AND(LEN(K12)>2,OR(LEFT(K12,2)="P1",RIGHT(K12,2)="P1")),0.5)+IF(AND(LEN(L12)>2,OR(LEFT(L12,2)="P1",RIGHT(L12,2)="P1")),0.5)+IF(AND(LEN(M12)>2,OR(LEFT(M12,2)="P1",RIGHT(M12,2)="P1")),0.5)+IF(AND(LEN(N12)>2,OR(LEFT(N12,2)="P1",RIGHT(N12,2)="P1")),0.5)+IF(AND(LEN(O12)>2,OR(LEFT(O12,2)="P1",RIGHT(O12,2)="P1")),0.5)+IF(AND(LEN(P12)>2,OR(LEFT(P12,2)="P1",RIGHT(P12,2)="P1")),0.5)+IF(AND(LEN(Q12)>2,OR(LEFT(Q12,2)="P1",RIGHT(Q12,2)="P1")),0.5)+IF(AND(LEN(R12)>2,OR(LEFT(R12,2)="P1",RIGHT(R12,2)="P1")),0.5)+IF(AND(LEN(S12)>2,OR(LEFT(S12,2)="P1",RIGHT(S12,2)="P1")),0.5)+IF(AND(LEN(T12)>2,OR(LEFT(T12,2)="P1",RIGHT(T12,2)="P1")),0.5)+IF(AND(LEN(U12)>2,OR(LEFT(U12,2)="P1",RIGHT(U12,2)="P1")),0.5)+IF(AND(LEN(V12)>2,OR(LEFT(V12,2)="P1",RIGHT(V12,2)="P1")),0.5)+IF(AND(LEN(W12)>2,OR(LEFT(W12,2)="P1",RIGHT(W12,2)="P1")),0.5)+IF(AND(LEN(X12)>2,OR(LEFT(X12,2)="P1",RIGHT(X12,2)="P1")),0.5)+IF(AND(LEN(Y12)>2,OR(LEFT(Y12,2)="P1",RIGHT(Y12,2)="P1")),0.5)+IF(AND(LEN(Z12)>2,OR(LEFT(Z12,2)="P1",RIGHT(Z12,2)="P1")),0.5)+IF(AND(LEN(AA12)>2,OR(LEFT(AA12,2)="P1",RIGHT(AA12,2)="P1")),0.5)+IF(AND(LEN(AB12)>2,OR(LEFT(AB12,2)="P1",RIGHT(AB12,2)="P1")),0.5)+IF(AND(LEN(AC12)>2,OR(LEFT(AC12,2)="P1",RIGHT(AC12,2)="P1")),0.5)+IF(AND(LEN(AD12)>2,OR(LEFT(AD12,2)="P1",RIGHT(AD12,2)="P1")),0.5)+IF(AND(LEN(AE12)>2,OR(LEFT(AE356,2)="P1",RIGHT(AE12,2)="P1")),0.5)+IF(AND(LEN(AF12)>2,OR(LEFT(AF12,2)="P1",RIGHT(AF12,2)="P1")),0.5)+IF(AND(LEN(AG12)>2,OR(LEFT(AG12,2)="P1",RIGHT(AG12,2)="P1")),0.5)+IF(AND(LEN(AH12)>2,OR(LEFT(AH12,2)="P1",RIGHT(AH12,2)="P1")),0.5)+IF(AND(LEN(AI12)>2,OR(LEFT(AI12,2)="P1",RIGHT(AI12,2)="P1")),0.5)+IF(AND(LEN(AJ12)>2,OR(LEFT(AJ12,2)="P1",RIGHT(AJ12,2)="P1")),0.5)+IF(AND(LEN(AK12)>2,OR(LEFT(AK12,2)="P1",RIGHT(AK12,2)="P1")),0.5)+IF(AND(LEN(AL12)>2,OR(LEFT(AL12,2)="P1",RIGHT(AL12,2)="P1")),0.5) -> 0 | AR12: =IF(G12="","",AM12+AN12+AP12+AQ12) -> 23 | AS12: =IF(F12="","",COUNTIF($H12:$AL12,AS$8))++IF(F12="","",COUNTIF($H12:$AL12,"L1")/2) -> 0 | AT12: =AU12-AR12-AS12 -> 0 | AU12: 23
A13: =SUBTOTAL(3,$F$11:F13) -> 3 | B13: MS06 | C13: Giáo viên | D13: Giáo viên nước ngoài | F13: Eugene | G13: Chính Thức | H13: X | I13: N1 | J13: X | M13: X | N13: X | O13: X | P13: X | Q13: X | T13: X | U13: X | V13: X | W13: P | X13: K | AA13: X | AB13: X | AC13: K | AD13: X | AE13: X | AH13: X | AI13: X | AJ13: X | AK13: X | AL13: X | AM13: =IF(F13="","",COUNTIF($H13:$AL13,AM$8)) -> 19 | AN13: =IF(OR(G13="",G13="Đã nghỉ"),0,COUNTIF($H13:$AL13,"N1")/2++IF(AND(LEN(H13)>2,OR(LEFT(H13,2)="N1",RIGHT(H13,2)="N1")),0.5)+IF(AND(LEN(I13)>2,OR(LEFT(I13,2)="N1",RIGHT(I13,2)="N1")),0.5)+IF(AND(LEN(J13)>2,OR(LEFT(J13,2)="N1",RIGHT(J13,2)="N1")),0.5)+IF(AND(LEN(K13)>2,OR(LEFT(K13,2)="N1",RIGHT(K13,2)="N1")),0.5)+IF(AND(LEN(L13)>2,OR(LEFT(L13,2)="N1",RIGHT(L13,2)="N1")),0.5)+IF(AND(LEN(M13)>2,OR(LEFT(M13,2)="N1",RIGHT(M13,2)="N1")),0.5)+IF(AND(LEN(N13)>2,OR(LEFT(N13,2)="N1",RIGHT(N13,2)="N1")),0.5)+IF(AND(LEN(O13)>2,OR(LEFT(O13,2)="N1",RIGHT(O13,2)="N1")),0.5)+IF(AND(LEN(P13)>2,OR(LEFT(P13,2)="N1",RIGHT(P13,2)="N1")),0.5)+IF(AND(LEN(Q13)>2,OR(LEFT(Q13,2)="N1",RIGHT(Q13,2)="N1")),0.5)+IF(AND(LEN(R13)>2,OR(LEFT(R13,2)="N1",RIGHT(R13,2)="N1")),0.5)+IF(AND(LEN(S13)>2,OR(LEFT(S13,2)="N1",RIGHT(S13,2)="N1")),0.5)+IF(AND(LEN(T13)>2,OR(LEFT(T13,2)="N1",RIGHT(T13,2)="N1")),0.5)+IF(AND(LEN(U13)>2,OR(LEFT(U13,2)="N1",RIGHT(U13,2)="N1")),0.5)+IF(AND(LEN(V13)>2,OR(LEFT(V13,2)="N1",RIGHT(V13,2)="N1")),0.5)+IF(AND(LEN(W13)>2,OR(LEFT(W13,2)="N1",RIGHT(W13,2)="N1")),0.5)+IF(AND(LEN(X13)>2,OR(LEFT(X13,2)="N1",RIGHT(X13,2)="N1")),0.5)+IF(AND(LEN(Y13)>2,OR(LEFT(Y13,2)="N1",RIGHT(Y13,2)="N1")),0.5)+IF(AND(LEN(Z13)>2,OR(LEFT(Z13,2)="N1",RIGHT(Z13,2)="N1")),0.5)+IF(AND(LEN(AA13)>2,OR(LEFT(AA13,2)="N1",RIGHT(AA13,2)="N1")),0.5)+IF(AND(LEN(AB13)>2,OR(LEFT(AB13,2)="N1",RIGHT(AB13,2)="N1")),0.5)+IF(AND(LEN(AC13)>2,OR(LEFT(AC13,2)="N1",RIGHT(AC13,2)="N1")),0.5)+IF(AND(LEN(AD13)>2,OR(LEFT(AD13,2)="N1",RIGHT(AD13,2)="N1")),0.5)+IF(AND(LEN(AE13)>2,OR(LEFT(AE13,2)="N1",RIGHT(AE13,2)="N1")),0.5)+IF(AND(LEN(AF13)>2,OR(LEFT(AF13,2)="N1",RIGHT(AF13,2)="N1")),0.5)+IF(AND(LEN(AG13)>2,OR(LEFT(AG13,2)="N1",RIGHT(AG13,2)="N1")),0.5)+IF(AND(LEN(AH13)>2,OR(LEFT(AH13,2)="N1",RIGHT(AH13,2)="N1")),0.5)+IF(AND(LEN(AI13)>2,OR(LEFT(AI13,2)="N1",RIGHT(AI13,2)="N1")),0.5)+IF(AND(LEN(AJ13)>2,OR(LEFT(AJ13,2)="N1",RIGHT(AJ13,2)="N1")),0.5)+IF(AND(LEN(AK13)>2,OR(LEFT(AK13,2)="N1",RIGHT(AK13,2)="N1")),0.5)+IF(AND(LEN(AL13)>2,OR(LEFT(AL13,2)="N1",RIGHT(AL13,2)="N1")),0.5)) -> 0.5 | AO13: =COUNTIF(H13:AL13,"ON")+COUNTIF(H13:AL13,"ON/2")/2 -> 0 | AP13: =IF(F13="","",COUNTIF($H13:$AL13,AP$8))+IF(F13="","",COUNTIF($H13:$AL13,$V$5)/2) -> 0 | AQ13: =COUNTIF($H13:$AL13,"P")+COUNTIF($H13:$AL13,"P1")/2+IF(AND(LEN(I13)>2,OR(LEFT(I13,2)="P1",RIGHT(I13,2)="P1")),0.5)+IF(AND(LEN(J13)>2,OR(LEFT(J13,2)="P1",RIGHT(J13,2)="P1")),0.5)+IF(AND(LEN(K13)>2,OR(LEFT(K13,2)="P1",RIGHT(K13,2)="P1")),0.5)+IF(AND(LEN(L13)>2,OR(LEFT(L13,2)="P1",RIGHT(L13,2)="P1")),0.5)+IF(AND(LEN(M13)>2,OR(LEFT(M13,2)="P1",RIGHT(M13,2)="P1")),0.5)+IF(AND(LEN(N13)>2,OR(LEFT(N13,2)="P1",RIGHT(N13,2)="P1")),0.5)+IF(AND(LEN(O13)>2,OR(LEFT(O13,2)="P1",RIGHT(O13,2)="P1")),0.5)+IF(AND(LEN(P13)>2,OR(LEFT(P13,2)="P1",RIGHT(P13,2)="P1")),0.5)+IF(AND(LEN(Q13)>2,OR(LEFT(Q13,2)="P1",RIGHT(Q13,2)="P1")),0.5)+IF(AND(LEN(R13)>2,OR(LEFT(R13,2)="P1",RIGHT(R13,2)="P1")),0.5)+IF(AND(LEN(S13)>2,OR(LEFT(S13,2)="P1",RIGHT(S13,2)="P1")),0.5)+IF(AND(LEN(T13)>2,OR(LEFT(T13,2)="P1",RIGHT(T13,2)="P1")),0.5)+IF(AND(LEN(U13)>2,OR(LEFT(U13,2)="P1",RIGHT(U13,2)="P1")),0.5)+IF(AND(LEN(V13)>2,OR(LEFT(V13,2)="P1",RIGHT(V13,2)="P1")),0.5)+IF(AND(LEN(W13)>2,OR(LEFT(W13,2)="P1",RIGHT(W13,2)="P1")),0.5)+IF(AND(LEN(X13)>2,OR(LEFT(X13,2)="P1",RIGHT(X13,2)="P1")),0.5)+IF(AND(LEN(Y13)>2,OR(LEFT(Y13,2)="P1",RIGHT(Y13,2)="P1")),0.5)+IF(AND(LEN(Z13)>2,OR(LEFT(Z13,2)="P1",RIGHT(Z13,2)="P1")),0.5)+IF(AND(LEN(AA13)>2,OR(LEFT(AA13,2)="P1",RIGHT(AA13,2)="P1")),0.5)+IF(AND(LEN(AB13)>2,OR(LEFT(AB13,2)="P1",RIGHT(AB13,2)="P1")),0.5)+IF(AND(LEN(AC13)>2,OR(LEFT(AC13,2)="P1",RIGHT(AC13,2)="P1")),0.5)+IF(AND(LEN(AD13)>2,OR(LEFT(AD13,2)="P1",RIGHT(AD13,2)="P1")),0.5)+IF(AND(LEN(AE13)>2,OR(LEFT(AE357,2)="P1",RIGHT(AE13,2)="P1")),0.5)+IF(AND(LEN(AF13)>2,OR(LEFT(AF13,2)="P1",RIGHT(AF13,2)="P1")),0.5)+IF(AND(LEN(AG13)>2,OR(LEFT(AG13,2)="P1",RIGHT(AG13,2)="P1")),0.5)+IF(AND(LEN(AH13)>2,OR(LEFT(AH13,2)="P1",RIGHT(AH13,2)="P1")),0.5)+IF(AND(LEN(AI13)>2,OR(LEFT(AI13,2)="P1",RIGHT(AI13,2)="P1")),0.5)+IF(AND(LEN(AJ13)>2,OR(LEFT(AJ13,2)="P1",RIGHT(AJ13,2)="P1")),0.5)+IF(AND(LEN(AK13)>2,OR(LEFT(AK13,2)="P1",RIGHT(AK13,2)="P1")),0.5)+IF(AND(LEN(AL13)>2,OR(LEFT(AL13,2)="P1",RIGHT(AL13,2)="P1")),0.5) -> 1 | AR13: =IF(G13="","",AM13+AN13+AP13+AQ13) -> 20.5 | AS13: =IF(F13="","",COUNTIF($H13:$AL13,AS$8))++IF(F13="","",COUNTIF($H13:$AL13,"L1")/2) -> 0 | AT13: =AU13-AR13-AS13 -> 2.5 | AU13: 23
A14: =SUBTOTAL(3,$F$11:F14) -> 4 | B14: MS09 | C14: BGH | D14: Quản lý chương trình TA | F14: Nguyễn Thị Thu | G14: Chính Thức | H14: X | I14: X | J14: X | M14: X | N14: X | O14: X | P14: X | Q14: X | T14: X | U14: X | V14: X | W14: X | X14: X | AA14: X | AB14: X | AC14: X | AD14: X | AE14: X | AH14: X | AI14: X | AJ14: X | AK14: X | AL14: X | AM14: =IF(F14="","",COUNTIF($H14:$AL14,AM$8)) -> 23 | AN14: =IF(OR(G14="",G14="Đã nghỉ"),0,COUNTIF($H14:$AL14,"N1")/2++IF(AND(LEN(H14)>2,OR(LEFT(H14,2)="N1",RIGHT(H14,2)="N1")),0.5)+IF(AND(LEN(I14)>2,OR(LEFT(I14,2)="N1",RIGHT(I14,2)="N1")),0.5)+IF(AND(LEN(J14)>2,OR(LEFT(J14,2)="N1",RIGHT(J14,2)="N1")),0.5)+IF(AND(LEN(K14)>2,OR(LEFT(K14,2)="N1",RIGHT(K14,2)="N1")),0.5)+IF(AND(LEN(L14)>2,OR(LEFT(L14,2)="N1",RIGHT(L14,2)="N1")),0.5)+IF(AND(LEN(M14)>2,OR(LEFT(M14,2)="N1",RIGHT(M14,2)="N1")),0.5)+IF(AND(LEN(N14)>2,OR(LEFT(N14,2)="N1",RIGHT(N14,2)="N1")),0.5)+IF(AND(LEN(O14)>2,OR(LEFT(O14,2)="N1",RIGHT(O14,2)="N1")),0.5)+IF(AND(LEN(P14)>2,OR(LEFT(P14,2)="N1",RIGHT(P14,2)="N1")),0.5)+IF(AND(LEN(Q14)>2,OR(LEFT(Q14,2)="N1",RIGHT(Q14,2)="N1")),0.5)+IF(AND(LEN(R14)>2,OR(LEFT(R14,2)="N1",RIGHT(R14,2)="N1")),0.5)+IF(AND(LEN(S14)>2,OR(LEFT(S14,2)="N1",RIGHT(S14,2)="N1")),0.5)+IF(AND(LEN(T14)>2,OR(LEFT(T14,2)="N1",RIGHT(T14,2)="N1")),0.5)+IF(AND(LEN(U14)>2,OR(LEFT(U14,2)="N1",RIGHT(U14,2)="N1")),0.5)+IF(AND(LEN(V14)>2,OR(LEFT(V14,2)="N1",RIGHT(V14,2)="N1")),0.5)+IF(AND(LEN(W14)>2,OR(LEFT(W14,2)="N1",RIGHT(W14,2)="N1")),0.5)+IF(AND(LEN(X14)>2,OR(LEFT(X14,2)="N1",RIGHT(X14,2)="N1")),0.5)+IF(AND(LEN(Y14)>2,OR(LEFT(Y14,2)="N1",RIGHT(Y14,2)="N1")),0.5)+IF(AND(LEN(Z14)>2,OR(LEFT(Z14,2)="N1",RIGHT(Z14,2)="N1")),0.5)+IF(AND(LEN(AA14)>2,OR(LEFT(AA14,2)="N1",RIGHT(AA14,2)="N1")),0.5)+IF(AND(LEN(AB14)>2,OR(LEFT(AB14,2)="N1",RIGHT(AB14,2)="N1")),0.5)+IF(AND(LEN(AC14)>2,OR(LEFT(AC14,2)="N1",RIGHT(AC14,2)="N1")),0.5)+IF(AND(LEN(AD14)>2,OR(LEFT(AD14,2)="N1",RIGHT(AD14,2)="N1")),0.5)+IF(AND(LEN(AE14)>2,OR(LEFT(AE14,2)="N1",RIGHT(AE14,2)="N1")),0.5)+IF(AND(LEN(AF14)>2,OR(LEFT(AF14,2)="N1",RIGHT(AF14,2)="N1")),0.5)+IF(AND(LEN(AG14)>2,OR(LEFT(AG14,2)="N1",RIGHT(AG14,2)="N1")),0.5)+IF(AND(LEN(AH14)>2,OR(LEFT(AH14,2)="N1",RIGHT(AH14,2)="N1")),0.5)+IF(AND(LEN(AI14)>2,OR(LEFT(AI14,2)="N1",RIGHT(AI14,2)="N1")),0.5)+IF(AND(LEN(AJ14)>2,OR(LEFT(AJ14,2)="N1",RIGHT(AJ14,2)="N1")),0.5)+IF(AND(LEN(AK14)>2,OR(LEFT(AK14,2)="N1",RIGHT(AK14,2)="N1")),0.5)+IF(AND(LEN(AL14)>2,OR(LEFT(AL14,2)="N1",RIGHT(AL14,2)="N1")),0.5)) -> 0 | AO14: =COUNTIF(H14:AL14,"ON")+COUNTIF(H14:AL14,"ON/2")/2 -> 0 | AP14: =IF(F14="","",COUNTIF($H14:$AL14,AP$8))+IF(F14="","",COUNTIF($H14:$AL14,$V$5)/2) -> 0 | AQ14: =COUNTIF($H14:$AL14,"P")+COUNTIF($H14:$AL14,"P1")/2+IF(AND(LEN(I14)>2,OR(LEFT(I14,2)="P1",RIGHT(I14,2)="P1")),0.5)+IF(AND(LEN(J14)>2,OR(LEFT(J14,2)="P1",RIGHT(J14,2)="P1")),0.5)+IF(AND(LEN(K14)>2,OR(LEFT(K14,2)="P1",RIGHT(K14,2)="P1")),0.5)+IF(AND(LEN(L14)>2,OR(LEFT(L14,2)="P1",RIGHT(L14,2)="P1")),0.5)+IF(AND(LEN(M14)>2,OR(LEFT(M14,2)="P1",RIGHT(M14,2)="P1")),0.5)+IF(AND(LEN(N14)>2,OR(LEFT(N14,2)="P1",RIGHT(N14,2)="P1")),0.5)+IF(AND(LEN(O14)>2,OR(LEFT(O14,2)="P1",RIGHT(O14,2)="P1")),0.5)+IF(AND(LEN(P14)>2,OR(LEFT(P14,2)="P1",RIGHT(P14,2)="P1")),0.5)+IF(AND(LEN(Q14)>2,OR(LEFT(Q14,2)="P1",RIGHT(Q14,2)="P1")),0.5)+IF(AND(LEN(R14)>2,OR(LEFT(R14,2)="P1",RIGHT(R14,2)="P1")),0.5)+IF(AND(LEN(S14)>2,OR(LEFT(S14,2)="P1",RIGHT(S14,2)="P1")),0.5)+IF(AND(LEN(T14)>2,OR(LEFT(T14,2)="P1",RIGHT(T14,2)="P1")),0.5)+IF(AND(LEN(U14)>2,OR(LEFT(U14,2)="P1",RIGHT(U14,2)="P1")),0.5)+IF(AND(LEN(V14)>2,OR(LEFT(V14,2)="P1",RIGHT(V14,2)="P1")),0.5)+IF(AND(LEN(W14)>2,OR(LEFT(W14,2)="P1",RIGHT(W14,2)="P1")),0.5)+IF(AND(LEN(X14)>2,OR(LEFT(X14,2)="P1",RIGHT(X14,2)="P1")),0.5)+IF(AND(LEN(Y14)>2,OR(LEFT(Y14,2)="P1",RIGHT(Y14,2)="P1")),0.5)+IF(AND(LEN(Z14)>2,OR(LEFT(Z14,2)="P1",RIGHT(Z14,2)="P1")),0.5)+IF(AND(LEN(AA14)>2,OR(LEFT(AA14,2)="P1",RIGHT(AA14,2)="P1")),0.5)+IF(AND(LEN(AB14)>2,OR(LEFT(AB14,2)="P1",RIGHT(AB14,2)="P1")),0.5)+IF(AND(LEN(AC14)>2,OR(LEFT(AC14,2)="P1",RIGHT(AC14,2)="P1")),0.5)+IF(AND(LEN(AD14)>2,OR(LEFT(AD14,2)="P1",RIGHT(AD14,2)="P1")),0.5)+IF(AND(LEN(AE14)>2,OR(LEFT(AE358,2)="P1",RIGHT(AE14,2)="P1")),0.5)+IF(AND(LEN(AF14)>2,OR(LEFT(AF14,2)="P1",RIGHT(AF14,2)="P1")),0.5)+IF(AND(LEN(AG14)>2,OR(LEFT(AG14,2)="P1",RIGHT(AG14,2)="P1")),0.5)+IF(AND(LEN(AH14)>2,OR(LEFT(AH14,2)="P1",RIGHT(AH14,2)="P1")),0.5)+IF(AND(LEN(AI14)>2,OR(LEFT(AI14,2)="P1",RIGHT(AI14,2)="P1")),0.5)+IF(AND(LEN(AJ14)>2,OR(LEFT(AJ14,2)="P1",RIGHT(AJ14,2)="P1")),0.5)+IF(AND(LEN(AK14)>2,OR(LEFT(AK14,2)="P1",RIGHT(AK14,2)="P1")),0.5)+IF(AND(LEN(AL14)>2,OR(LEFT(AL14,2)="P1",RIGHT(AL14,2)="P1")),0.5) -> 0 | AR14: =IF(G14="","",AM14+AN14+AP14+AQ14) -> 23 | AS14: =IF(F14="","",COUNTIF($H14:$AL14,AS$8))++IF(F14="","",COUNTIF($H14:$AL14,"L1")/2) -> 0 | AT14: =AU14-AR14-AS14 -> 0 | AU14: 23
A15: =SUBTOTAL(3,$F$11:F15) -> 5 | B15: MS02 | C15: BGH | D15: Hiệu trưởng kiêm nhiệm | F15: Bùi Thanh Anh | G15: Chính Thức | H15: X | I15: X | J15: X | M15: X | N15: X | O15: X | P15: X | Q15: X | T15: X | U15: X | V15: X | W15: X | X15: X | AA15: X | AB15: X | AC15: X | AD15: X | AE15: X | AH15: X | AI15: X | AJ15: X | AK15: X | AL15: X | AM15: =IF(F15="","",COUNTIF($H15:$AL15,AM$8)) -> 23 | AN15: =IF(OR(G15="",G15="Đã nghỉ"),0,COUNTIF($H15:$AL15,"N1")/2++IF(AND(LEN(H15)>2,OR(LEFT(H15,2)="N1",RIGHT(H15,2)="N1")),0.5)+IF(AND(LEN(I15)>2,OR(LEFT(I15,2)="N1",RIGHT(I15,2)="N1")),0.5)+IF(AND(LEN(J15)>2,OR(LEFT(J15,2)="N1",RIGHT(J15,2)="N1")),0.5)+IF(AND(LEN(K15)>2,OR(LEFT(K15,2)="N1",RIGHT(K15,2)="N1")),0.5)+IF(AND(LEN(L15)>2,OR(LEFT(L15,2)="N1",RIGHT(L15,2)="N1")),0.5)+IF(AND(LEN(M15)>2,OR(LEFT(M15,2)="N1",RIGHT(M15,2)="N1")),0.5)+IF(AND(LEN(N15)>2,OR(LEFT(N15,2)="N1",RIGHT(N15,2)="N1")),0.5)+IF(AND(LEN(O15)>2,OR(LEFT(O15,2)="N1",RIGHT(O15,2)="N1")),0.5)+IF(AND(LEN(P15)>2,OR(LEFT(P15,2)="N1",RIGHT(P15,2)="N1")),0.5)+IF(AND(LEN(Q15)>2,OR(LEFT(Q15,2)="N1",RIGHT(Q15,2)="N1")),0.5)+IF(AND(LEN(R15)>2,OR(LEFT(R15,2)="N1",RIGHT(R15,2)="N1")),0.5)+IF(AND(LEN(S15)>2,OR(LEFT(S15,2)="N1",RIGHT(S15,2)="N1")),0.5)+IF(AND(LEN(T15)>2,OR(LEFT(T15,2)="N1",RIGHT(T15,2)="N1")),0.5)+IF(AND(LEN(U15)>2,OR(LEFT(U15,2)="N1",RIGHT(U15,2)="N1")),0.5)+IF(AND(LEN(V15)>2,OR(LEFT(V15,2)="N1",RIGHT(V15,2)="N1")),0.5)+IF(AND(LEN(W15)>2,OR(LEFT(W15,2)="N1",RIGHT(W15,2)="N1")),0.5)+IF(AND(LEN(X15)>2,OR(LEFT(X15,2)="N1",RIGHT(X15,2)="N1")),0.5)+IF(AND(LEN(Y15)>2,OR(LEFT(Y15,2)="N1",RIGHT(Y15,2)="N1")),0.5)+IF(AND(LEN(Z15)>2,OR(LEFT(Z15,2)="N1",RIGHT(Z15,2)="N1")),0.5)+IF(AND(LEN(AA15)>2,OR(LEFT(AA15,2)="N1",RIGHT(AA15,2)="N1")),0.5)+IF(AND(LEN(AB15)>2,OR(LEFT(AB15,2)="N1",RIGHT(AB15,2)="N1")),0.5)+IF(AND(LEN(AC15)>2,OR(LEFT(AC15,2)="N1",RIGHT(AC15,2)="N1")),0.5)+IF(AND(LEN(AD15)>2,OR(LEFT(AD15,2)="N1",RIGHT(AD15,2)="N1")),0.5)+IF(AND(LEN(AE15)>2,OR(LEFT(AE15,2)="N1",RIGHT(AE15,2)="N1")),0.5)+IF(AND(LEN(AF15)>2,OR(LEFT(AF15,2)="N1",RIGHT(AF15,2)="N1")),0.5)+IF(AND(LEN(AG15)>2,OR(LEFT(AG15,2)="N1",RIGHT(AG15,2)="N1")),0.5)+IF(AND(LEN(AH15)>2,OR(LEFT(AH15,2)="N1",RIGHT(AH15,2)="N1")),0.5)+IF(AND(LEN(AI15)>2,OR(LEFT(AI15,2)="N1",RIGHT(AI15,2)="N1")),0.5)+IF(AND(LEN(AJ15)>2,OR(LEFT(AJ15,2)="N1",RIGHT(AJ15,2)="N1")),0.5)+IF(AND(LEN(AK15)>2,OR(LEFT(AK15,2)="N1",RIGHT(AK15,2)="N1")),0.5)+IF(AND(LEN(AL15)>2,OR(LEFT(AL15,2)="N1",RIGHT(AL15,2)="N1")),0.5)) -> 0 | AO15: =COUNTIF(H15:AL15,"ON")+COUNTIF(H15:AL15,"ON/2")/2 -> 0 | AP15: =IF(F15="","",COUNTIF($H15:$AL15,AP$8))+IF(F15="","",COUNTIF($H15:$AL15,$V$5)/2) -> 0 | AQ15: =COUNTIF($H15:$AL15,"P")+COUNTIF($H15:$AL15,"P1")/2+IF(AND(LEN(I15)>2,OR(LEFT(I15,2)="P1",RIGHT(I15,2)="P1")),0.5)+IF(AND(LEN(J15)>2,OR(LEFT(J15,2)="P1",RIGHT(J15,2)="P1")),0.5)+IF(AND(LEN(K15)>2,OR(LEFT(K15,2)="P1",RIGHT(K15,2)="P1")),0.5)+IF(AND(LEN(L15)>2,OR(LEFT(L15,2)="P1",RIGHT(L15,2)="P1")),0.5)+IF(AND(LEN(M15)>2,OR(LEFT(M15,2)="P1",RIGHT(M15,2)="P1")),0.5)+IF(AND(LEN(N15)>2,OR(LEFT(N15,2)="P1",RIGHT(N15,2)="P1")),0.5)+IF(AND(LEN(O15)>2,OR(LEFT(O15,2)="P1",RIGHT(O15,2)="P1")),0.5)+IF(AND(LEN(P15)>2,OR(LEFT(P15,2)="P1",RIGHT(P15,2)="P1")),0.5)+IF(AND(LEN(Q15)>2,OR(LEFT(Q15,2)="P1",RIGHT(Q15,2)="P1")),0.5)+IF(AND(LEN(R15)>2,OR(LEFT(R15,2)="P1",RIGHT(R15,2)="P1")),0.5)+IF(AND(LEN(S15)>2,OR(LEFT(S15,2)="P1",RIGHT(S15,2)="P1")),0.5)+IF(AND(LEN(T15)>2,OR(LEFT(T15,2)="P1",RIGHT(T15,2)="P1")),0.5)+IF(AND(LEN(U15)>2,OR(LEFT(U15,2)="P1",RIGHT(U15,2)="P1")),0.5)+IF(AND(LEN(V15)>2,OR(LEFT(V15,2)="P1",RIGHT(V15,2)="P1")),0.5)+IF(AND(LEN(W15)>2,OR(LEFT(W15,2)="P1",RIGHT(W15,2)="P1")),0.5)+IF(AND(LEN(X15)>2,OR(LEFT(X15,2)="P1",RIGHT(X15,2)="P1")),0.5)+IF(AND(LEN(Y15)>2,OR(LEFT(Y15,2)="P1",RIGHT(Y15,2)="P1")),0.5)+IF(AND(LEN(Z15)>2,OR(LEFT(Z15,2)="P1",RIGHT(Z15,2)="P1")),0.5)+IF(AND(LEN(AA15)>2,OR(LEFT(AA15,2)="P1",RIGHT(AA15,2)="P1")),0.5)+IF(AND(LEN(AB15)>2,OR(LEFT(AB15,2)="P1",RIGHT(AB15,2)="P1")),0.5)+IF(AND(LEN(AC15)>2,OR(LEFT(AC15,2)="P1",RIGHT(AC15,2)="P1")),0.5)+IF(AND(LEN(AD15)>2,OR(LEFT(AD15,2)="P1",RIGHT(AD15,2)="P1")),0.5)+IF(AND(LEN(AE15)>2,OR(LEFT(AE359,2)="P1",RIGHT(AE15,2)="P1")),0.5)+IF(AND(LEN(AF15)>2,OR(LEFT(AF15,2)="P1",RIGHT(AF15,2)="P1")),0.5)+IF(AND(LEN(AG15)>2,OR(LEFT(AG15,2)="P1",RIGHT(AG15,2)="P1")),0.5)+IF(AND(LEN(AH15)>2,OR(LEFT(AH15,2)="P1",RIGHT(AH15,2)="P1")),0.5)+IF(AND(LEN(AI15)>2,OR(LEFT(AI15,2)="P1",RIGHT(AI15,2)="P1")),0.5)+IF(AND(LEN(AJ15)>2,OR(LEFT(AJ15,2)="P1",RIGHT(AJ15,2)="P1")),0.5)+IF(AND(LEN(AK15)>2,OR(LEFT(AK15,2)="P1",RIGHT(AK15,2)="P1")),0.5)+IF(AND(LEN(AL15)>2,OR(LEFT(AL15,2)="P1",RIGHT(AL15,2)="P1")),0.5) -> 0 | AR15: =IF(G15="","",AM15+AN15+AP15+AQ15) -> 23 | AS15: =IF(F15="","",COUNTIF($H15:$AL15,AS$8))++IF(F15="","",COUNTIF($H15:$AL15,"L1")/2) -> 0 | AT15: =AU15-AR15-AS15 -> 0 | AU15: 23
A16: =SUBTOTAL(3,$F$11:F16) -> 6 | B16: MS11 | C16: Giáo viên | D16: Giáo viên mầm non | F16: Phùng Thị Lụa | G16: Chính Thức | H16: X | I16: X | J16: X | M16: X | N16: X | O16: X | P16: X | Q16: X | T16: X | U16: X | V16: X | W16: X | X16: X | AA16: X | AB16: X | AC16: X | AD16: X | AE16: X | AH16: X | AI16: X | AJ16: X | AK16: X | AL16: X | AM16: =IF(F16="","",COUNTIF($H16:$AL16,AM$8)) -> 23 | AN16: =IF(OR(G16="",G16="Đã nghỉ"),0,COUNTIF($H16:$AL16,"N1")/2++IF(AND(LEN(H16)>2,OR(LEFT(H16,2)="N1",RIGHT(H16,2)="N1")),0.5)+IF(AND(LEN(I16)>2,OR(LEFT(I16,2)="N1",RIGHT(I16,2)="N1")),0.5)+IF(AND(LEN(J16)>2,OR(LEFT(J16,2)="N1",RIGHT(J16,2)="N1")),0.5)+IF(AND(LEN(K16)>2,OR(LEFT(K16,2)="N1",RIGHT(K16,2)="N1")),0.5)+IF(AND(LEN(L16)>2,OR(LEFT(L16,2)="N1",RIGHT(L16,2)="N1")),0.5)+IF(AND(LEN(M16)>2,OR(LEFT(M16,2)="N1",RIGHT(M16,2)="N1")),0.5)+IF(AND(LEN(N16)>2,OR(LEFT(N16,2)="N1",RIGHT(N16,2)="N1")),0.5)+IF(AND(LEN(O16)>2,OR(LEFT(O16,2)="N1",RIGHT(O16,2)="N1")),0.5)+IF(AND(LEN(P16)>2,OR(LEFT(P16,2)="N1",RIGHT(P16,2)="N1")),0.5)+IF(AND(LEN(Q16)>2,OR(LEFT(Q16,2)="N1",RIGHT(Q16,2)="N1")),0.5)+IF(AND(LEN(R16)>2,OR(LEFT(R16,2)="N1",RIGHT(R16,2)="N1")),0.5)+IF(AND(LEN(S16)>2,OR(LEFT(S16,2)="N1",RIGHT(S16,2)="N1")),0.5)+IF(AND(LEN(T16)>2,OR(LEFT(T16,2)="N1",RIGHT(T16,2)="N1")),0.5)+IF(AND(LEN(U16)>2,OR(LEFT(U16,2)="N1",RIGHT(U16,2)="N1")),0.5)+IF(AND(LEN(V16)>2,OR(LEFT(V16,2)="N1",RIGHT(V16,2)="N1")),0.5)+IF(AND(LEN(W16)>2,OR(LEFT(W16,2)="N1",RIGHT(W16,2)="N1")),0.5)+IF(AND(LEN(X16)>2,OR(LEFT(X16,2)="N1",RIGHT(X16,2)="N1")),0.5)+IF(AND(LEN(Y16)>2,OR(LEFT(Y16,2)="N1",RIGHT(Y16,2)="N1")),0.5)+IF(AND(LEN(Z16)>2,OR(LEFT(Z16,2)="N1",RIGHT(Z16,2)="N1")),0.5)+IF(AND(LEN(AA16)>2,OR(LEFT(AA16,2)="N1",RIGHT(AA16,2)="N1")),0.5)+IF(AND(LEN(AB16)>2,OR(LEFT(AB16,2)="N1",RIGHT(AB16,2)="N1")),0.5)+IF(AND(LEN(AC16)>2,OR(LEFT(AC16,2)="N1",RIGHT(AC16,2)="N1")),0.5)+IF(AND(LEN(AD16)>2,OR(LEFT(AD16,2)="N1",RIGHT(AD16,2)="N1")),0.5)+IF(AND(LEN(AE16)>2,OR(LEFT(AE16,2)="N1",RIGHT(AE16,2)="N1")),0.5)+IF(AND(LEN(AF16)>2,OR(LEFT(AF16,2)="N1",RIGHT(AF16,2)="N1")),0.5)+IF(AND(LEN(AG16)>2,OR(LEFT(AG16,2)="N1",RIGHT(AG16,2)="N1")),0.5)+IF(AND(LEN(AH16)>2,OR(LEFT(AH16,2)="N1",RIGHT(AH16,2)="N1")),0.5)+IF(AND(LEN(AI16)>2,OR(LEFT(AI16,2)="N1",RIGHT(AI16,2)="N1")),0.5)+IF(AND(LEN(AJ16)>2,OR(LEFT(AJ16,2)="N1",RIGHT(AJ16,2)="N1")),0.5)+IF(AND(LEN(AK16)>2,OR(LEFT(AK16,2)="N1",RIGHT(AK16,2)="N1")),0.5)+IF(AND(LEN(AL16)>2,OR(LEFT(AL16,2)="N1",RIGHT(AL16,2)="N1")),0.5)) -> 0 | AO16: =COUNTIF(H16:AL16,"ON")+COUNTIF(H16:AL16,"ON/2")/2 -> 0 | AP16: =IF(F16="","",COUNTIF($H16:$AL16,AP$8))+IF(F16="","",COUNTIF($H16:$AL16,$V$5)/2) -> 0 | AQ16: =COUNTIF($H16:$AL16,"P")+COUNTIF($H16:$AL16,"P1")/2+IF(AND(LEN(I16)>2,OR(LEFT(I16,2)="P1",RIGHT(I16,2)="P1")),0.5)+IF(AND(LEN(J16)>2,OR(LEFT(J16,2)="P1",RIGHT(J16,2)="P1")),0.5)+IF(AND(LEN(K16)>2,OR(LEFT(K16,2)="P1",RIGHT(K16,2)="P1")),0.5)+IF(AND(LEN(L16)>2,OR(LEFT(L16,2)="P1",RIGHT(L16,2)="P1")),0.5)+IF(AND(LEN(M16)>2,OR(LEFT(M16,2)="P1",RIGHT(M16,2)="P1")),0.5)+IF(AND(LEN(N16)>2,OR(LEFT(N16,2)="P1",RIGHT(N16,2)="P1")),0.5)+IF(AND(LEN(O16)>2,OR(LEFT(O16,2)="P1",RIGHT(O16,2)="P1")),0.5)+IF(AND(LEN(P16)>2,OR(LEFT(P16,2)="P1",RIGHT(P16,2)="P1")),0.5)+IF(AND(LEN(Q16)>2,OR(LEFT(Q16,2)="P1",RIGHT(Q16,2)="P1")),0.5)+IF(AND(LEN(R16)>2,OR(LEFT(R16,2)="P1",RIGHT(R16,2)="P1")),0.5)+IF(AND(LEN(S16)>2,OR(LEFT(S16,2)="P1",RIGHT(S16,2)="P1")),0.5)+IF(AND(LEN(T16)>2,OR(LEFT(T16,2)="P1",RIGHT(T16,2)="P1")),0.5)+IF(AND(LEN(U16)>2,OR(LEFT(U16,2)="P1",RIGHT(U16,2)="P1")),0.5)+IF(AND(LEN(V16)>2,OR(LEFT(V16,2)="P1",RIGHT(V16,2)="P1")),0.5)+IF(AND(LEN(W16)>2,OR(LEFT(W16,2)="P1",RIGHT(W16,2)="P1")),0.5)+IF(AND(LEN(X16)>2,OR(LEFT(X16,2)="P1",RIGHT(X16,2)="P1")),0.5)+IF(AND(LEN(Y16)>2,OR(LEFT(Y16,2)="P1",RIGHT(Y16,2)="P1")),0.5)+IF(AND(LEN(Z16)>2,OR(LEFT(Z16,2)="P1",RIGHT(Z16,2)="P1")),0.5)+IF(AND(LEN(AA16)>2,OR(LEFT(AA16,2)="P1",RIGHT(AA16,2)="P1")),0.5)+IF(AND(LEN(AB16)>2,OR(LEFT(AB16,2)="P1",RIGHT(AB16,2)="P1")),0.5)+IF(AND(LEN(AC16)>2,OR(LEFT(AC16,2)="P1",RIGHT(AC16,2)="P1")),0.5)+IF(AND(LEN(AD16)>2,OR(LEFT(AD16,2)="P1",RIGHT(AD16,2)="P1")),0.5)+IF(AND(LEN(AE16)>2,OR(LEFT(AE360,2)="P1",RIGHT(AE16,2)="P1")),0.5)+IF(AND(LEN(AF16)>2,OR(LEFT(AF16,2)="P1",RIGHT(AF16,2)="P1")),0.5)+IF(AND(LEN(AG16)>2,OR(LEFT(AG16,2)="P1",RIGHT(AG16,2)="P1")),0.5)+IF(AND(LEN(AH16)>2,OR(LEFT(AH16,2)="P1",RIGHT(AH16,2)="P1")),0.5)+IF(AND(LEN(AI16)>2,OR(LEFT(AI16,2)="P1",RIGHT(AI16,2)="P1")),0.5)+IF(AND(LEN(AJ16)>2,OR(LEFT(AJ16,2)="P1",RIGHT(AJ16,2)="P1")),0.5)+IF(AND(LEN(AK16)>2,OR(LEFT(AK16,2)="P1",RIGHT(AK16,2)="P1")),0.5)+IF(AND(LEN(AL16)>2,OR(LEFT(AL16,2)="P1",RIGHT(AL16,2)="P1")),0.5) -> 0 | AR16: =IF(G16="","",AM16+AN16+AP16+AQ16) -> 23 | AS16: =IF(F16="","",COUNTIF($H16:$AL16,AS$8))++IF(F16="","",COUNTIF($H16:$AL16,"L1")/2) -> 0 | AT16: =AU16-AR16-AS16 -> 0 | AU16: 23
A17: =SUBTOTAL(3,$F$11:F17) -> 7 | B17: MS12 | C17: Vận hành | D17: HK | F17: Đinh Thị Bích Ngọc | G17: Chính Thức | H17: X | I17: X | J17: X | M17: X | N17: X | O17: X | P17: X | Q17: X | T17: X | U17: X | V17: X | W17: X | X17: X | AA17: X | AB17: X | AC17: X | AD17: X | AE17: X | AH17: X | AI17: X | AJ17: X | AK17: X | AL17: X | AM17: =IF(F17="","",COUNTIF($H17:$AL17,AM$8)) -> 23 | AN17: =IF(OR(G17="",G17="Đã nghỉ"),0,COUNTIF($H17:$AL17,"N1")/2++IF(AND(LEN(H17)>2,OR(LEFT(H17,2)="N1",RIGHT(H17,2)="N1")),0.5)+IF(AND(LEN(I17)>2,OR(LEFT(I17,2)="N1",RIGHT(I17,2)="N1")),0.5)+IF(AND(LEN(J17)>2,OR(LEFT(J17,2)="N1",RIGHT(J17,2)="N1")),0.5)+IF(AND(LEN(K17)>2,OR(LEFT(K17,2)="N1",RIGHT(K17,2)="N1")),0.5)+IF(AND(LEN(L17)>2,OR(LEFT(L17,2)="N1",RIGHT(L17,2)="N1")),0.5)+IF(AND(LEN(M17)>2,OR(LEFT(M17,2)="N1",RIGHT(M17,2)="N1")),0.5)+IF(AND(LEN(N17)>2,OR(LEFT(N17,2)="N1",RIGHT(N17,2)="N1")),0.5)+IF(AND(LEN(O17)>2,OR(LEFT(O17,2)="N1",RIGHT(O17,2)="N1")),0.5)+IF(AND(LEN(P17)>2,OR(LEFT(P17,2)="N1",RIGHT(P17,2)="N1")),0.5)+IF(AND(LEN(Q17)>2,OR(LEFT(Q17,2)="N1",RIGHT(Q17,2)="N1")),0.5)+IF(AND(LEN(R17)>2,OR(LEFT(R17,2)="N1",RIGHT(R17,2)="N1")),0.5)+IF(AND(LEN(S17)>2,OR(LEFT(S17,2)="N1",RIGHT(S17,2)="N1")),0.5)+IF(AND(LEN(T17)>2,OR(LEFT(T17,2)="N1",RIGHT(T17,2)="N1")),0.5)+IF(AND(LEN(U17)>2,OR(LEFT(U17,2)="N1",RIGHT(U17,2)="N1")),0.5)+IF(AND(LEN(V17)>2,OR(LEFT(V17,2)="N1",RIGHT(V17,2)="N1")),0.5)+IF(AND(LEN(W17)>2,OR(LEFT(W17,2)="N1",RIGHT(W17,2)="N1")),0.5)+IF(AND(LEN(X17)>2,OR(LEFT(X17,2)="N1",RIGHT(X17,2)="N1")),0.5)+IF(AND(LEN(Y17)>2,OR(LEFT(Y17,2)="N1",RIGHT(Y17,2)="N1")),0.5)+IF(AND(LEN(Z17)>2,OR(LEFT(Z17,2)="N1",RIGHT(Z17,2)="N1")),0.5)+IF(AND(LEN(AA17)>2,OR(LEFT(AA17,2)="N1",RIGHT(AA17,2)="N1")),0.5)+IF(AND(LEN(AB17)>2,OR(LEFT(AB17,2)="N1",RIGHT(AB17,2)="N1")),0.5)+IF(AND(LEN(AC17)>2,OR(LEFT(AC17,2)="N1",RIGHT(AC17,2)="N1")),0.5)+IF(AND(LEN(AD17)>2,OR(LEFT(AD17,2)="N1",RIGHT(AD17,2)="N1")),0.5)+IF(AND(LEN(AE17)>2,OR(LEFT(AE17,2)="N1",RIGHT(AE17,2)="N1")),0.5)+IF(AND(LEN(AF17)>2,OR(LEFT(AF17,2)="N1",RIGHT(AF17,2)="N1")),0.5)+IF(AND(LEN(AG17)>2,OR(LEFT(AG17,2)="N1",RIGHT(AG17,2)="N1")),0.5)+IF(AND(LEN(AH17)>2,OR(LEFT(AH17,2)="N1",RIGHT(AH17,2)="N1")),0.5)+IF(AND(LEN(AI17)>2,OR(LEFT(AI17,2)="N1",RIGHT(AI17,2)="N1")),0.5)+IF(AND(LEN(AJ17)>2,OR(LEFT(AJ17,2)="N1",RIGHT(AJ17,2)="N1")),0.5)+IF(AND(LEN(AK17)>2,OR(LEFT(AK17,2)="N1",RIGHT(AK17,2)="N1")),0.5)+IF(AND(LEN(AL17)>2,OR(LEFT(AL17,2)="N1",RIGHT(AL17,2)="N1")),0.5)) -> 0 | AO17: =COUNTIF(H17:AL17,"ON")+COUNTIF(H17:AL17,"ON/2")/2 -> 0 | AP17: =IF(F17="","",COUNTIF($H17:$AL17,AP$8))+IF(F17="","",COUNTIF($H17:$AL17,$V$5)/2) -> 0 | AQ17: =COUNTIF($H17:$AL17,"P")+COUNTIF($H17:$AL17,"P1")/2+IF(AND(LEN(I17)>2,OR(LEFT(I17,2)="P1",RIGHT(I17,2)="P1")),0.5)+IF(AND(LEN(J17)>2,OR(LEFT(J17,2)="P1",RIGHT(J17,2)="P1")),0.5)+IF(AND(LEN(K17)>2,OR(LEFT(K17,2)="P1",RIGHT(K17,2)="P1")),0.5)+IF(AND(LEN(L17)>2,OR(LEFT(L17,2)="P1",RIGHT(L17,2)="P1")),0.5)+IF(AND(LEN(M17)>2,OR(LEFT(M17,2)="P1",RIGHT(M17,2)="P1")),0.5)+IF(AND(LEN(N17)>2,OR(LEFT(N17,2)="P1",RIGHT(N17,2)="P1")),0.5)+IF(AND(LEN(O17)>2,OR(LEFT(O17,2)="P1",RIGHT(O17,2)="P1")),0.5)+IF(AND(LEN(P17)>2,OR(LEFT(P17,2)="P1",RIGHT(P17,2)="P1")),0.5)+IF(AND(LEN(Q17)>2,OR(LEFT(Q17,2)="P1",RIGHT(Q17,2)="P1")),0.5)+IF(AND(LEN(R17)>2,OR(LEFT(R17,2)="P1",RIGHT(R17,2)="P1")),0.5)+IF(AND(LEN(S17)>2,OR(LEFT(S17,2)="P1",RIGHT(S17,2)="P1")),0.5)+IF(AND(LEN(T17)>2,OR(LEFT(T17,2)="P1",RIGHT(T17,2)="P1")),0.5)+IF(AND(LEN(U17)>2,OR(LEFT(U17,2)="P1",RIGHT(U17,2)="P1")),0.5)+IF(AND(LEN(V17)>2,OR(LEFT(V17,2)="P1",RIGHT(V17,2)="P1")),0.5)+IF(AND(LEN(W17)>2,OR(LEFT(W17,2)="P1",RIGHT(W17,2)="P1")),0.5)+IF(AND(LEN(X17)>2,OR(LEFT(X17,2)="P1",RIGHT(X17,2)="P1")),0.5)+IF(AND(LEN(Y17)>2,OR(LEFT(Y17,2)="P1",RIGHT(Y17,2)="P1")),0.5)+IF(AND(LEN(Z17)>2,OR(LEFT(Z17,2)="P1",RIGHT(Z17,2)="P1")),0.5)+IF(AND(LEN(AA17)>2,OR(LEFT(AA17,2)="P1",RIGHT(AA17,2)="P1")),0.5)+IF(AND(LEN(AB17)>2,OR(LEFT(AB17,2)="P1",RIGHT(AB17,2)="P1")),0.5)+IF(AND(LEN(AC17)>2,OR(LEFT(AC17,2)="P1",RIGHT(AC17,2)="P1")),0.5)+IF(AND(LEN(AD17)>2,OR(LEFT(AD17,2)="P1",RIGHT(AD17,2)="P1")),0.5)+IF(AND(LEN(AE17)>2,OR(LEFT(AE361,2)="P1",RIGHT(AE17,2)="P1")),0.5)+IF(AND(LEN(AF17)>2,OR(LEFT(AF17,2)="P1",RIGHT(AF17,2)="P1")),0.5)+IF(AND(LEN(AG17)>2,OR(LEFT(AG17,2)="P1",RIGHT(AG17,2)="P1")),0.5)+IF(AND(LEN(AH17)>2,OR(LEFT(AH17,2)="P1",RIGHT(AH17,2)="P1")),0.5)+IF(AND(LEN(AI17)>2,OR(LEFT(AI17,2)="P1",RIGHT(AI17,2)="P1")),0.5)+IF(AND(LEN(AJ17)>2,OR(LEFT(AJ17,2)="P1",RIGHT(AJ17,2)="P1")),0.5)+IF(AND(LEN(AK17)>2,OR(LEFT(AK17,2)="P1",RIGHT(AK17,2)="P1")),0.5)+IF(AND(LEN(AL17)>2,OR(LEFT(AL17,2)="P1",RIGHT(AL17,2)="P1")),0.5) -> 0 | AR17: =IF(G17="","",AM17+AN17+AP17+AQ17) -> 23 | AS17: =IF(F17="","",COUNTIF($H17:$AL17,AS$8))++IF(F17="","",COUNTIF($H17:$AL17,"L1")/2) -> 0 | AT17: =AU17-AR17-AS17 -> 0 | AU17: 23
A18: =SUBTOTAL(3,$F$11:F18) -> 8 | B18: MS13 | C18: Vận hành | D18: Bảo vệ | F18: Lương Văn Châm | G18: Chính Thức | H18: X | I18: X | J18: X | M18: X | N18: X | O18: X | P18: X | Q18: X | T18: X | U18: X | V18: X | W18: X | X18: X | AA18: X | AB18: X | AC18: X | AD18: X | AE18: X | AH18: X | AI18: X | AJ18: X | AK18: X | AL18: X | AM18: =IF(F18="","",COUNTIF($H18:$AL18,AM$8)) -> 23 | AN18: =IF(OR(G18="",G18="Đã nghỉ"),0,COUNTIF($H18:$AL18,"N1")/2++IF(AND(LEN(H18)>2,OR(LEFT(H18,2)="N1",RIGHT(H18,2)="N1")),0.5)+IF(AND(LEN(I18)>2,OR(LEFT(I18,2)="N1",RIGHT(I18,2)="N1")),0.5)+IF(AND(LEN(J18)>2,OR(LEFT(J18,2)="N1",RIGHT(J18,2)="N1")),0.5)+IF(AND(LEN(K18)>2,OR(LEFT(K18,2)="N1",RIGHT(K18,2)="N1")),0.5)+IF(AND(LEN(L18)>2,OR(LEFT(L18,2)="N1",RIGHT(L18,2)="N1")),0.5)+IF(AND(LEN(M18)>2,OR(LEFT(M18,2)="N1",RIGHT(M18,2)="N1")),0.5)+IF(AND(LEN(N18)>2,OR(LEFT(N18,2)="N1",RIGHT(N18,2)="N1")),0.5)+IF(AND(LEN(O18)>2,OR(LEFT(O18,2)="N1",RIGHT(O18,2)="N1")),0.5)+IF(AND(LEN(P18)>2,OR(LEFT(P18,2)="N1",RIGHT(P18,2)="N1")),0.5)+IF(AND(LEN(Q18)>2,OR(LEFT(Q18,2)="N1",RIGHT(Q18,2)="N1")),0.5)+IF(AND(LEN(R18)>2,OR(LEFT(R18,2)="N1",RIGHT(R18,2)="N1")),0.5)+IF(AND(LEN(S18)>2,OR(LEFT(S18,2)="N1",RIGHT(S18,2)="N1")),0.5)+IF(AND(LEN(T18)>2,OR(LEFT(T18,2)="N1",RIGHT(T18,2)="N1")),0.5)+IF(AND(LEN(U18)>2,OR(LEFT(U18,2)="N1",RIGHT(U18,2)="N1")),0.5)+IF(AND(LEN(V18)>2,OR(LEFT(V18,2)="N1",RIGHT(V18,2)="N1")),0.5)+IF(AND(LEN(W18)>2,OR(LEFT(W18,2)="N1",RIGHT(W18,2)="N1")),0.5)+IF(AND(LEN(X18)>2,OR(LEFT(X18,2)="N1",RIGHT(X18,2)="N1")),0.5)+IF(AND(LEN(Y18)>2,OR(LEFT(Y18,2)="N1",RIGHT(Y18,2)="N1")),0.5)+IF(AND(LEN(Z18)>2,OR(LEFT(Z18,2)="N1",RIGHT(Z18,2)="N1")),0.5)+IF(AND(LEN(AA18)>2,OR(LEFT(AA18,2)="N1",RIGHT(AA18,2)="N1")),0.5)+IF(AND(LEN(AB18)>2,OR(LEFT(AB18,2)="N1",RIGHT(AB18,2)="N1")),0.5)+IF(AND(LEN(AC18)>2,OR(LEFT(AC18,2)="N1",RIGHT(AC18,2)="N1")),0.5)+IF(AND(LEN(AD18)>2,OR(LEFT(AD18,2)="N1",RIGHT(AD18,2)="N1")),0.5)+IF(AND(LEN(AE18)>2,OR(LEFT(AE18,2)="N1",RIGHT(AE18,2)="N1")),0.5)+IF(AND(LEN(AF18)>2,OR(LEFT(AF18,2)="N1",RIGHT(AF18,2)="N1")),0.5)+IF(AND(LEN(AG18)>2,OR(LEFT(AG18,2)="N1",RIGHT(AG18,2)="N1")),0.5)+IF(AND(LEN(AH18)>2,OR(LEFT(AH18,2)="N1",RIGHT(AH18,2)="N1")),0.5)+IF(AND(LEN(AI18)>2,OR(LEFT(AI18,2)="N1",RIGHT(AI18,2)="N1")),0.5)+IF(AND(LEN(AJ18)>2,OR(LEFT(AJ18,2)="N1",RIGHT(AJ18,2)="N1")),0.5)+IF(AND(LEN(AK18)>2,OR(LEFT(AK18,2)="N1",RIGHT(AK18,2)="N1")),0.5)+IF(AND(LEN(AL18)>2,OR(LEFT(AL18,2)="N1",RIGHT(AL18,2)="N1")),0.5)) -> 0 | AO18: =COUNTIF(H18:AL18,"ON")+COUNTIF(H18:AL18,"ON/2")/2 -> 0 | AP18: =IF(F18="","",COUNTIF($H18:$AL18,AP$8))+IF(F18="","",COUNTIF($H18:$AL18,$V$5)/2) -> 0 | AQ18: =COUNTIF($H18:$AL18,"P")+COUNTIF($H18:$AL18,"P1")/2+IF(AND(LEN(I18)>2,OR(LEFT(I18,2)="P1",RIGHT(I18,2)="P1")),0.5)+IF(AND(LEN(J18)>2,OR(LEFT(J18,2)="P1",RIGHT(J18,2)="P1")),0.5)+IF(AND(LEN(K18)>2,OR(LEFT(K18,2)="P1",RIGHT(K18,2)="P1")),0.5)+IF(AND(LEN(L18)>2,OR(LEFT(L18,2)="P1",RIGHT(L18,2)="P1")),0.5)+IF(AND(LEN(M18)>2,OR(LEFT(M18,2)="P1",RIGHT(M18,2)="P1")),0.5)+IF(AND(LEN(N18)>2,OR(LEFT(N18,2)="P1",RIGHT(N18,2)="P1")),0.5)+IF(AND(LEN(O18)>2,OR(LEFT(O18,2)="P1",RIGHT(O18,2)="P1")),0.5)+IF(AND(LEN(P18)>2,OR(LEFT(P18,2)="P1",RIGHT(P18,2)="P1")),0.5)+IF(AND(LEN(Q18)>2,OR(LEFT(Q18,2)="P1",RIGHT(Q18,2)="P1")),0.5)+IF(AND(LEN(R18)>2,OR(LEFT(R18,2)="P1",RIGHT(R18,2)="P1")),0.5)+IF(AND(LEN(S18)>2,OR(LEFT(S18,2)="P1",RIGHT(S18,2)="P1")),0.5)+IF(AND(LEN(T18)>2,OR(LEFT(T18,2)="P1",RIGHT(T18,2)="P1")),0.5)+IF(AND(LEN(U18)>2,OR(LEFT(U18,2)="P1",RIGHT(U18,2)="P1")),0.5)+IF(AND(LEN(V18)>2,OR(LEFT(V18,2)="P1",RIGHT(V18,2)="P1")),0.5)+IF(AND(LEN(W18)>2,OR(LEFT(W18,2)="P1",RIGHT(W18,2)="P1")),0.5)+IF(AND(LEN(X18)>2,OR(LEFT(X18,2)="P1",RIGHT(X18,2)="P1")),0.5)+IF(AND(LEN(Y18)>2,OR(LEFT(Y18,2)="P1",RIGHT(Y18,2)="P1")),0.5)+IF(AND(LEN(Z18)>2,OR(LEFT(Z18,2)="P1",RIGHT(Z18,2)="P1")),0.5)+IF(AND(LEN(AA18)>2,OR(LEFT(AA18,2)="P1",RIGHT(AA18,2)="P1")),0.5)+IF(AND(LEN(AB18)>2,OR(LEFT(AB18,2)="P1",RIGHT(AB18,2)="P1")),0.5)+IF(AND(LEN(AC18)>2,OR(LEFT(AC18,2)="P1",RIGHT(AC18,2)="P1")),0.5)+IF(AND(LEN(AD18)>2,OR(LEFT(AD18,2)="P1",RIGHT(AD18,2)="P1")),0.5)+IF(AND(LEN(AE18)>2,OR(LEFT(AE362,2)="P1",RIGHT(AE18,2)="P1")),0.5)+IF(AND(LEN(AF18)>2,OR(LEFT(AF18,2)="P1",RIGHT(AF18,2)="P1")),0.5)+IF(AND(LEN(AG18)>2,OR(LEFT(AG18,2)="P1",RIGHT(AG18,2)="P1")),0.5)+IF(AND(LEN(AH18)>2,OR(LEFT(AH18,2)="P1",RIGHT(AH18,2)="P1")),0.5)+IF(AND(LEN(AI18)>2,OR(LEFT(AI18,2)="P1",RIGHT(AI18,2)="P1")),0.5)+IF(AND(LEN(AJ18)>2,OR(LEFT(AJ18,2)="P1",RIGHT(AJ18,2)="P1")),0.5)+IF(AND(LEN(AK18)>2,OR(LEFT(AK18,2)="P1",RIGHT(AK18,2)="P1")),0.5)+IF(AND(LEN(AL18)>2,OR(LEFT(AL18,2)="P1",RIGHT(AL18,2)="P1")),0.5) -> 0 | AR18: =IF(G18="","",AM18+AN18+AP18+AQ18) -> 23 | AS18: =IF(F18="","",COUNTIF($H18:$AL18,AS$8))++IF(F18="","",COUNTIF($H18:$AL18,"L1")/2) -> 0 | AT18: =AU18-AR18-AS18 -> 0 | AU18: 23
A19: =SUBTOTAL(3,$F$11:F19) -> 9 | B19: MS14 | C19: Vận hành | D19: Y tế | F19: Nguyễn Thị Phúc | G19: Chính Thức | H19: X | I19: X | J19: X | M19: X | N19: X | O19: X | P19: X | Q19: X | T19: X | U19: X | V19: X | W19: X | X19: X | AA19: X | AB19: X | AC19: X | AD19: X | AE19: X | AH19: X | AI19: X | AJ19: X | AK19: X | AL19: X | AM19: =IF(F19="","",COUNTIF($H19:$AL19,AM$8)) -> 23 | AN19: =IF(OR(G19="",G19="Đã nghỉ"),0,COUNTIF($H19:$AL19,"N1")/2++IF(AND(LEN(H19)>2,OR(LEFT(H19,2)="N1",RIGHT(H19,2)="N1")),0.5)+IF(AND(LEN(I19)>2,OR(LEFT(I19,2)="N1",RIGHT(I19,2)="N1")),0.5)+IF(AND(LEN(J19)>2,OR(LEFT(J19,2)="N1",RIGHT(J19,2)="N1")),0.5)+IF(AND(LEN(K19)>2,OR(LEFT(K19,2)="N1",RIGHT(K19,2)="N1")),0.5)+IF(AND(LEN(L19)>2,OR(LEFT(L19,2)="N1",RIGHT(L19,2)="N1")),0.5)+IF(AND(LEN(M19)>2,OR(LEFT(M19,2)="N1",RIGHT(M19,2)="N1")),0.5)+IF(AND(LEN(N19)>2,OR(LEFT(N19,2)="N1",RIGHT(N19,2)="N1")),0.5)+IF(AND(LEN(O19)>2,OR(LEFT(O19,2)="N1",RIGHT(O19,2)="N1")),0.5)+IF(AND(LEN(P19)>2,OR(LEFT(P19,2)="N1",RIGHT(P19,2)="N1")),0.5)+IF(AND(LEN(Q19)>2,OR(LEFT(Q19,2)="N1",RIGHT(Q19,2)="N1")),0.5)+IF(AND(LEN(R19)>2,OR(LEFT(R19,2)="N1",RIGHT(R19,2)="N1")),0.5)+IF(AND(LEN(S19)>2,OR(LEFT(S19,2)="N1",RIGHT(S19,2)="N1")),0.5)+IF(AND(LEN(T19)>2,OR(LEFT(T19,2)="N1",RIGHT(T19,2)="N1")),0.5)+IF(AND(LEN(U19)>2,OR(LEFT(U19,2)="N1",RIGHT(U19,2)="N1")),0.5)+IF(AND(LEN(V19)>2,OR(LEFT(V19,2)="N1",RIGHT(V19,2)="N1")),0.5)+IF(AND(LEN(W19)>2,OR(LEFT(W19,2)="N1",RIGHT(W19,2)="N1")),0.5)+IF(AND(LEN(X19)>2,OR(LEFT(X19,2)="N1",RIGHT(X19,2)="N1")),0.5)+IF(AND(LEN(Y19)>2,OR(LEFT(Y19,2)="N1",RIGHT(Y19,2)="N1")),0.5)+IF(AND(LEN(Z19)>2,OR(LEFT(Z19,2)="N1",RIGHT(Z19,2)="N1")),0.5)+IF(AND(LEN(AA19)>2,OR(LEFT(AA19,2)="N1",RIGHT(AA19,2)="N1")),0.5)+IF(AND(LEN(AB19)>2,OR(LEFT(AB19,2)="N1",RIGHT(AB19,2)="N1")),0.5)+IF(AND(LEN(AC19)>2,OR(LEFT(AC19,2)="N1",RIGHT(AC19,2)="N1")),0.5)+IF(AND(LEN(AD19)>2,OR(LEFT(AD19,2)="N1",RIGHT(AD19,2)="N1")),0.5)+IF(AND(LEN(AE19)>2,OR(LEFT(AE19,2)="N1",RIGHT(AE19,2)="N1")),0.5)+IF(AND(LEN(AF19)>2,OR(LEFT(AF19,2)="N1",RIGHT(AF19,2)="N1")),0.5)+IF(AND(LEN(AG19)>2,OR(LEFT(AG19,2)="N1",RIGHT(AG19,2)="N1")),0.5)+IF(AND(LEN(AH19)>2,OR(LEFT(AH19,2)="N1",RIGHT(AH19,2)="N1")),0.5)+IF(AND(LEN(AI19)>2,OR(LEFT(AI19,2)="N1",RIGHT(AI19,2)="N1")),0.5)+IF(AND(LEN(AJ19)>2,OR(LEFT(AJ19,2)="N1",RIGHT(AJ19,2)="N1")),0.5)+IF(AND(LEN(AK19)>2,OR(LEFT(AK19,2)="N1",RIGHT(AK19,2)="N1")),0.5)+IF(AND(LEN(AL19)>2,OR(LEFT(AL19,2)="N1",RIGHT(AL19,2)="N1")),0.5)) -> 0 | AO19: =COUNTIF(H19:AL19,"ON")+COUNTIF(H19:AL19,"ON/2")/2 -> 0 | AP19: =IF(F19="","",COUNTIF($H19:$AL19,AP$8))+IF(F19="","",COUNTIF($H19:$AL19,$V$5)/2) -> 0 | AQ19: =COUNTIF($H19:$AL19,"P")+COUNTIF($H19:$AL19,"P1")/2+IF(AND(LEN(I19)>2,OR(LEFT(I19,2)="P1",RIGHT(I19,2)="P1")),0.5)+IF(AND(LEN(J19)>2,OR(LEFT(J19,2)="P1",RIGHT(J19,2)="P1")),0.5)+IF(AND(LEN(K19)>2,OR(LEFT(K19,2)="P1",RIGHT(K19,2)="P1")),0.5)+IF(AND(LEN(L19)>2,OR(LEFT(L19,2)="P1",RIGHT(L19,2)="P1")),0.5)+IF(AND(LEN(M19)>2,OR(LEFT(M19,2)="P1",RIGHT(M19,2)="P1")),0.5)+IF(AND(LEN(N19)>2,OR(LEFT(N19,2)="P1",RIGHT(N19,2)="P1")),0.5)+IF(AND(LEN(O19)>2,OR(LEFT(O19,2)="P1",RIGHT(O19,2)="P1")),0.5)+IF(AND(LEN(P19)>2,OR(LEFT(P19,2)="P1",RIGHT(P19,2)="P1")),0.5)+IF(AND(LEN(Q19)>2,OR(LEFT(Q19,2)="P1",RIGHT(Q19,2)="P1")),0.5)+IF(AND(LEN(R19)>2,OR(LEFT(R19,2)="P1",RIGHT(R19,2)="P1")),0.5)+IF(AND(LEN(S19)>2,OR(LEFT(S19,2)="P1",RIGHT(S19,2)="P1")),0.5)+IF(AND(LEN(T19)>2,OR(LEFT(T19,2)="P1",RIGHT(T19,2)="P1")),0.5)+IF(AND(LEN(U19)>2,OR(LEFT(U19,2)="P1",RIGHT(U19,2)="P1")),0.5)+IF(AND(LEN(V19)>2,OR(LEFT(V19,2)="P1",RIGHT(V19,2)="P1")),0.5)+IF(AND(LEN(W19)>2,OR(LEFT(W19,2)="P1",RIGHT(W19,2)="P1")),0.5)+IF(AND(LEN(X19)>2,OR(LEFT(X19,2)="P1",RIGHT(X19,2)="P1")),0.5)+IF(AND(LEN(Y19)>2,OR(LEFT(Y19,2)="P1",RIGHT(Y19,2)="P1")),0.5)+IF(AND(LEN(Z19)>2,OR(LEFT(Z19,2)="P1",RIGHT(Z19,2)="P1")),0.5)+IF(AND(LEN(AA19)>2,OR(LEFT(AA19,2)="P1",RIGHT(AA19,2)="P1")),0.5)+IF(AND(LEN(AB19)>2,OR(LEFT(AB19,2)="P1",RIGHT(AB19,2)="P1")),0.5)+IF(AND(LEN(AC19)>2,OR(LEFT(AC19,2)="P1",RIGHT(AC19,2)="P1")),0.5)+IF(AND(LEN(AD19)>2,OR(LEFT(AD19,2)="P1",RIGHT(AD19,2)="P1")),0.5)+IF(AND(LEN(AE19)>2,OR(LEFT(AE363,2)="P1",RIGHT(AE19,2)="P1")),0.5)+IF(AND(LEN(AF19)>2,OR(LEFT(AF19,2)="P1",RIGHT(AF19,2)="P1")),0.5)+IF(AND(LEN(AG19)>2,OR(LEFT(AG19,2)="P1",RIGHT(AG19,2)="P1")),0.5)+IF(AND(LEN(AH19)>2,OR(LEFT(AH19,2)="P1",RIGHT(AH19,2)="P1")),0.5)+IF(AND(LEN(AI19)>2,OR(LEFT(AI19,2)="P1",RIGHT(AI19,2)="P1")),0.5)+IF(AND(LEN(AJ19)>2,OR(LEFT(AJ19,2)="P1",RIGHT(AJ19,2)="P1")),0.5)+IF(AND(LEN(AK19)>2,OR(LEFT(AK19,2)="P1",RIGHT(AK19,2)="P1")),0.5)+IF(AND(LEN(AL19)>2,OR(LEFT(AL19,2)="P1",RIGHT(AL19,2)="P1")),0.5) -> 0 | AR19: =IF(G19="","",AM19+AN19+AP19+AQ19) -> 23 | AS19: =IF(F19="","",COUNTIF($H19:$AL19,AS$8))++IF(F19="","",COUNTIF($H19:$AL19,"L1")/2) -> 0 | AT19: =AU19-AR19-AS19 -> 0 | AU19: 23
A20: =SUBTOTAL(3,$F$11:F20) -> 10 | B20: MS20 | C20: Vận hành | D20: Nhân viên bếp | F20: Nguyễn Thị Thu Hiền | G20: Chính Thức | H20: X | I20: X | J20: X | M20: X | N20: X | O20: X | P20: X | Q20: X | T20: X | U20: X | V20: X | W20: X | X20: X | AA20: X | AB20: X | AC20: X | AD20: X | AE20: X | AH20: X | AI20: X | AJ20: X | AK20: X | AL20: X | AM20: =IF(F20="","",COUNTIF($H20:$AL20,AM$8)) -> 23 | AN20: =IF(OR(G20="",G20="Đã nghỉ"),0,COUNTIF($H20:$AL20,"N1")/2++IF(AND(LEN(H20)>2,OR(LEFT(H20,2)="N1",RIGHT(H20,2)="N1")),0.5)+IF(AND(LEN(I20)>2,OR(LEFT(I20,2)="N1",RIGHT(I20,2)="N1")),0.5)+IF(AND(LEN(J20)>2,OR(LEFT(J20,2)="N1",RIGHT(J20,2)="N1")),0.5)+IF(AND(LEN(K20)>2,OR(LEFT(K20,2)="N1",RIGHT(K20,2)="N1")),0.5)+IF(AND(LEN(L20)>2,OR(LEFT(L20,2)="N1",RIGHT(L20,2)="N1")),0.5)+IF(AND(LEN(M20)>2,OR(LEFT(M20,2)="N1",RIGHT(M20,2)="N1")),0.5)+IF(AND(LEN(N20)>2,OR(LEFT(N20,2)="N1",RIGHT(N20,2)="N1")),0.5)+IF(AND(LEN(O20)>2,OR(LEFT(O20,2)="N1",RIGHT(O20,2)="N1")),0.5)+IF(AND(LEN(P20)>2,OR(LEFT(P20,2)="N1",RIGHT(P20,2)="N1")),0.5)+IF(AND(LEN(Q20)>2,OR(LEFT(Q20,2)="N1",RIGHT(Q20,2)="N1")),0.5)+IF(AND(LEN(R20)>2,OR(LEFT(R20,2)="N1",RIGHT(R20,2)="N1")),0.5)+IF(AND(LEN(S20)>2,OR(LEFT(S20,2)="N1",RIGHT(S20,2)="N1")),0.5)+IF(AND(LEN(T20)>2,OR(LEFT(T20,2)="N1",RIGHT(T20,2)="N1")),0.5)+IF(AND(LEN(U20)>2,OR(LEFT(U20,2)="N1",RIGHT(U20,2)="N1")),0.5)+IF(AND(LEN(V20)>2,OR(LEFT(V20,2)="N1",RIGHT(V20,2)="N1")),0.5)+IF(AND(LEN(W20)>2,OR(LEFT(W20,2)="N1",RIGHT(W20,2)="N1")),0.5)+IF(AND(LEN(X20)>2,OR(LEFT(X20,2)="N1",RIGHT(X20,2)="N1")),0.5)+IF(AND(LEN(Y20)>2,OR(LEFT(Y20,2)="N1",RIGHT(Y20,2)="N1")),0.5)+IF(AND(LEN(Z20)>2,OR(LEFT(Z20,2)="N1",RIGHT(Z20,2)="N1")),0.5)+IF(AND(LEN(AA20)>2,OR(LEFT(AA20,2)="N1",RIGHT(AA20,2)="N1")),0.5)+IF(AND(LEN(AB20)>2,OR(LEFT(AB20,2)="N1",RIGHT(AB20,2)="N1")),0.5)+IF(AND(LEN(AC20)>2,OR(LEFT(AC20,2)="N1",RIGHT(AC20,2)="N1")),0.5)+IF(AND(LEN(AD20)>2,OR(LEFT(AD20,2)="N1",RIGHT(AD20,2)="N1")),0.5)+IF(AND(LEN(AE20)>2,OR(LEFT(AE20,2)="N1",RIGHT(AE20,2)="N1")),0.5)+IF(AND(LEN(AF20)>2,OR(LEFT(AF20,2)="N1",RIGHT(AF20,2)="N1")),0.5)+IF(AND(LEN(AG20)>2,OR(LEFT(AG20,2)="N1",RIGHT(AG20,2)="N1")),0.5)+IF(AND(LEN(AH20)>2,OR(LEFT(AH20,2)="N1",RIGHT(AH20,2)="N1")),0.5)+IF(AND(LEN(AI20)>2,OR(LEFT(AI20,2)="N1",RIGHT(AI20,2)="N1")),0.5)+IF(AND(LEN(AJ20)>2,OR(LEFT(AJ20,2)="N1",RIGHT(AJ20,2)="N1")),0.5)+IF(AND(LEN(AK20)>2,OR(LEFT(AK20,2)="N1",RIGHT(AK20,2)="N1")),0.5)+IF(AND(LEN(AL20)>2,OR(LEFT(AL20,2)="N1",RIGHT(AL20,2)="N1")),0.5)) -> 0 | AO20: =COUNTIF(H20:AL20,"ON")+COUNTIF(H20:AL20,"ON/2")/2 -> 0 | AP20: =IF(F20="","",COUNTIF($H20:$AL20,AP$8))+IF(F20="","",COUNTIF($H20:$AL20,$V$5)/2) -> 0 | AQ20: =COUNTIF($H20:$AL20,"P")+COUNTIF($H20:$AL20,"P1")/2+IF(AND(LEN(I20)>2,OR(LEFT(I20,2)="P1",RIGHT(I20,2)="P1")),0.5)+IF(AND(LEN(J20)>2,OR(LEFT(J20,2)="P1",RIGHT(J20,2)="P1")),0.5)+IF(AND(LEN(K20)>2,OR(LEFT(K20,2)="P1",RIGHT(K20,2)="P1")),0.5)+IF(AND(LEN(L20)>2,OR(LEFT(L20,2)="P1",RIGHT(L20,2)="P1")),0.5)+IF(AND(LEN(M20)>2,OR(LEFT(M20,2)="P1",RIGHT(M20,2)="P1")),0.5)+IF(AND(LEN(N20)>2,OR(LEFT(N20,2)="P1",RIGHT(N20,2)="P1")),0.5)+IF(AND(LEN(O20)>2,OR(LEFT(O20,2)="P1",RIGHT(O20,2)="P1")),0.5)+IF(AND(LEN(P20)>2,OR(LEFT(P20,2)="P1",RIGHT(P20,2)="P1")),0.5)+IF(AND(LEN(Q20)>2,OR(LEFT(Q20,2)="P1",RIGHT(Q20,2)="P1")),0.5)+IF(AND(LEN(R20)>2,OR(LEFT(R20,2)="P1",RIGHT(R20,2)="P1")),0.5)+IF(AND(LEN(S20)>2,OR(LEFT(S20,2)="P1",RIGHT(S20,2)="P1")),0.5)+IF(AND(LEN(T20)>2,OR(LEFT(T20,2)="P1",RIGHT(T20,2)="P1")),0.5)+IF(AND(LEN(U20)>2,OR(LEFT(U20,2)="P1",RIGHT(U20,2)="P1")),0.5)+IF(AND(LEN(V20)>2,OR(LEFT(V20,2)="P1",RIGHT(V20,2)="P1")),0.5)+IF(AND(LEN(W20)>2,OR(LEFT(W20,2)="P1",RIGHT(W20,2)="P1")),0.5)+IF(AND(LEN(X20)>2,OR(LEFT(X20,2)="P1",RIGHT(X20,2)="P1")),0.5)+IF(AND(LEN(Y20)>2,OR(LEFT(Y20,2)="P1",RIGHT(Y20,2)="P1")),0.5)+IF(AND(LEN(Z20)>2,OR(LEFT(Z20,2)="P1",RIGHT(Z20,2)="P1")),0.5)+IF(AND(LEN(AA20)>2,OR(LEFT(AA20,2)="P1",RIGHT(AA20,2)="P1")),0.5)+IF(AND(LEN(AB20)>2,OR(LEFT(AB20,2)="P1",RIGHT(AB20,2)="P1")),0.5)+IF(AND(LEN(AC20)>2,OR(LEFT(AC20,2)="P1",RIGHT(AC20,2)="P1")),0.5)+IF(AND(LEN(AD20)>2,OR(LEFT(AD20,2)="P1",RIGHT(AD20,2)="P1")),0.5)+IF(AND(LEN(AE20)>2,OR(LEFT(AE370,2)="P1",RIGHT(AE20,2)="P1")),0.5)+IF(AND(LEN(AF20)>2,OR(LEFT(AF20,2)="P1",RIGHT(AF20,2)="P1")),0.5)+IF(AND(LEN(AG20)>2,OR(LEFT(AG20,2)="P1",RIGHT(AG20,2)="P1")),0.5)+IF(AND(LEN(AH20)>2,OR(LEFT(AH20,2)="P1",RIGHT(AH20,2)="P1")),0.5)+IF(AND(LEN(AI20)>2,OR(LEFT(AI20,2)="P1",RIGHT(AI20,2)="P1")),0.5)+IF(AND(LEN(AJ20)>2,OR(LEFT(AJ20,2)="P1",RIGHT(AJ20,2)="P1")),0.5)+IF(AND(LEN(AK20)>2,OR(LEFT(AK20,2)="P1",RIGHT(AK20,2)="P1")),0.5)+IF(AND(LEN(AL20)>2,OR(LEFT(AL20,2)="P1",RIGHT(AL20,2)="P1")),0.5) -> 0 | AR20: =IF(G20="","",AM20+AN20+AP20+AQ20) -> 23 | AS20: =IF(F20="","",COUNTIF($H20:$AL20,AS$8))++IF(F20="","",COUNTIF($H20:$AL20,"L1")/2) -> 0 | AT20: =AU20-AR20-AS20 -> 0 | AU20: 23
A21: =SUBTOTAL(3,$F$11:F21) -> 11 | B21: MS21 | C21: Giáo viên | D21: Giáo viên mầm non | F21: Triệu Thị Thu | G21: Chính Thức | H21: X | I21: X | J21: X | M21: X | N21: X | O21: X | P21: X | Q21: X | T21: X | U21: X | V21: X | W21: X | X21: X | AA21: X | AB21: X | AC21: X | AD21: X | AE21: P1 | AH21: X | AI21: X | AJ21: X | AK21: X | AL21: X | AM21: =IF(F21="","",COUNTIF($H21:$AL21,AM$8)) -> 22 | AN21: =IF(OR(G21="",G21="Đã nghỉ"),0,COUNTIF($H21:$AL21,"N1")/2++IF(AND(LEN(H21)>2,OR(LEFT(H21,2)="N1",RIGHT(H21,2)="N1")),0.5)+IF(AND(LEN(I21)>2,OR(LEFT(I21,2)="N1",RIGHT(I21,2)="N1")),0.5)+IF(AND(LEN(J21)>2,OR(LEFT(J21,2)="N1",RIGHT(J21,2)="N1")),0.5)+IF(AND(LEN(K21)>2,OR(LEFT(K21,2)="N1",RIGHT(K21,2)="N1")),0.5)+IF(AND(LEN(L21)>2,OR(LEFT(L21,2)="N1",RIGHT(L21,2)="N1")),0.5)+IF(AND(LEN(M21)>2,OR(LEFT(M21,2)="N1",RIGHT(M21,2)="N1")),0.5)+IF(AND(LEN(N21)>2,OR(LEFT(N21,2)="N1",RIGHT(N21,2)="N1")),0.5)+IF(AND(LEN(O21)>2,OR(LEFT(O21,2)="N1",RIGHT(O21,2)="N1")),0.5)+IF(AND(LEN(P21)>2,OR(LEFT(P21,2)="N1",RIGHT(P21,2)="N1")),0.5)+IF(AND(LEN(Q21)>2,OR(LEFT(Q21,2)="N1",RIGHT(Q21,2)="N1")),0.5)+IF(AND(LEN(R21)>2,OR(LEFT(R21,2)="N1",RIGHT(R21,2)="N1")),0.5)+IF(AND(LEN(S21)>2,OR(LEFT(S21,2)="N1",RIGHT(S21,2)="N1")),0.5)+IF(AND(LEN(T21)>2,OR(LEFT(T21,2)="N1",RIGHT(T21,2)="N1")),0.5)+IF(AND(LEN(U21)>2,OR(LEFT(U21,2)="N1",RIGHT(U21,2)="N1")),0.5)+IF(AND(LEN(V21)>2,OR(LEFT(V21,2)="N1",RIGHT(V21,2)="N1")),0.5)+IF(AND(LEN(W21)>2,OR(LEFT(W21,2)="N1",RIGHT(W21,2)="N1")),0.5)+IF(AND(LEN(X21)>2,OR(LEFT(X21,2)="N1",RIGHT(X21,2)="N1")),0.5)+IF(AND(LEN(Y21)>2,OR(LEFT(Y21,2)="N1",RIGHT(Y21,2)="N1")),0.5)+IF(AND(LEN(Z21)>2,OR(LEFT(Z21,2)="N1",RIGHT(Z21,2)="N1")),0.5)+IF(AND(LEN(AA21)>2,OR(LEFT(AA21,2)="N1",RIGHT(AA21,2)="N1")),0.5)+IF(AND(LEN(AB21)>2,OR(LEFT(AB21,2)="N1",RIGHT(AB21,2)="N1")),0.5)+IF(AND(LEN(AC21)>2,OR(LEFT(AC21,2)="N1",RIGHT(AC21,2)="N1")),0.5)+IF(AND(LEN(AD21)>2,OR(LEFT(AD21,2)="N1",RIGHT(AD21,2)="N1")),0.5)+IF(AND(LEN(AE21)>2,OR(LEFT(AE21,2)="N1",RIGHT(AE21,2)="N1")),0.5)+IF(AND(LEN(AF21)>2,OR(LEFT(AF21,2)="N1",RIGHT(AF21,2)="N1")),0.5)+IF(AND(LEN(AG21)>2,OR(LEFT(AG21,2)="N1",RIGHT(AG21,2)="N1")),0.5)+IF(AND(LEN(AH21)>2,OR(LEFT(AH21,2)="N1",RIGHT(AH21,2)="N1")),0.5)+IF(AND(LEN(AI21)>2,OR(LEFT(AI21,2)="N1",RIGHT(AI21,2)="N1")),0.5)+IF(AND(LEN(AJ21)>2,OR(LEFT(AJ21,2)="N1",RIGHT(AJ21,2)="N1")),0.5)+IF(AND(LEN(AK21)>2,OR(LEFT(AK21,2)="N1",RIGHT(AK21,2)="N1")),0.5)+IF(AND(LEN(AL21)>2,OR(LEFT(AL21,2)="N1",RIGHT(AL21,2)="N1")),0.5)) -> 0 | AO21: =COUNTIF(H21:AL21,"ON")+COUNTIF(H21:AL21,"ON/2")/2 -> 0 | AP21: =IF(F21="","",COUNTIF($H21:$AL21,AP$8))+IF(F21="","",COUNTIF($H21:$AL21,$V$5)/2) -> 0 | AQ21: =COUNTIF($H21:$AL21,"P")+COUNTIF($H21:$AL21,"P1")/2+IF(AND(LEN(I21)>2,OR(LEFT(I21,2)="P1",RIGHT(I21,2)="P1")),0.5)+IF(AND(LEN(J21)>2,OR(LEFT(J21,2)="P1",RIGHT(J21,2)="P1")),0.5)+IF(AND(LEN(K21)>2,OR(LEFT(K21,2)="P1",RIGHT(K21,2)="P1")),0.5)+IF(AND(LEN(L21)>2,OR(LEFT(L21,2)="P1",RIGHT(L21,2)="P1")),0.5)+IF(AND(LEN(M21)>2,OR(LEFT(M21,2)="P1",RIGHT(M21,2)="P1")),0.5)+IF(AND(LEN(N21)>2,OR(LEFT(N21,2)="P1",RIGHT(N21,2)="P1")),0.5)+IF(AND(LEN(O21)>2,OR(LEFT(O21,2)="P1",RIGHT(O21,2)="P1")),0.5)+IF(AND(LEN(P21)>2,OR(LEFT(P21,2)="P1",RIGHT(P21,2)="P1")),0.5)+IF(AND(LEN(Q21)>2,OR(LEFT(Q21,2)="P1",RIGHT(Q21,2)="P1")),0.5)+IF(AND(LEN(R21)>2,OR(LEFT(R21,2)="P1",RIGHT(R21,2)="P1")),0.5)+IF(AND(LEN(S21)>2,OR(LEFT(S21,2)="P1",RIGHT(S21,2)="P1")),0.5)+IF(AND(LEN(T21)>2,OR(LEFT(T21,2)="P1",RIGHT(T21,2)="P1")),0.5)+IF(AND(LEN(U21)>2,OR(LEFT(U21,2)="P1",RIGHT(U21,2)="P1")),0.5)+IF(AND(LEN(V21)>2,OR(LEFT(V21,2)="P1",RIGHT(V21,2)="P1")),0.5)+IF(AND(LEN(W21)>2,OR(LEFT(W21,2)="P1",RIGHT(W21,2)="P1")),0.5)+IF(AND(LEN(X21)>2,OR(LEFT(X21,2)="P1",RIGHT(X21,2)="P1")),0.5)+IF(AND(LEN(Y21)>2,OR(LEFT(Y21,2)="P1",RIGHT(Y21,2)="P1")),0.5)+IF(AND(LEN(Z21)>2,OR(LEFT(Z21,2)="P1",RIGHT(Z21,2)="P1")),0.5)+IF(AND(LEN(AA21)>2,OR(LEFT(AA21,2)="P1",RIGHT(AA21,2)="P1")),0.5)+IF(AND(LEN(AB21)>2,OR(LEFT(AB21,2)="P1",RIGHT(AB21,2)="P1")),0.5)+IF(AND(LEN(AC21)>2,OR(LEFT(AC21,2)="P1",RIGHT(AC21,2)="P1")),0.5)+IF(AND(LEN(AD21)>2,OR(LEFT(AD21,2)="P1",RIGHT(AD21,2)="P1")),0.5)+IF(AND(LEN(AE21)>2,OR(LEFT(AE371,2)="P1",RIGHT(AE21,2)="P1")),0.5)+IF(AND(LEN(AF21)>2,OR(LEFT(AF21,2)="P1",RIGHT(AF21,2)="P1")),0.5)+IF(AND(LEN(AG21)>2,OR(LEFT(AG21,2)="P1",RIGHT(AG21,2)="P1")),0.5)+IF(AND(LEN(AH21)>2,OR(LEFT(AH21,2)="P1",RIGHT(AH21,2)="P1")),0.5)+IF(AND(LEN(AI21)>2,OR(LEFT(AI21,2)="P1",RIGHT(AI21,2)="P1")),0.5)+IF(AND(LEN(AJ21)>2,OR(LEFT(AJ21,2)="P1",RIGHT(AJ21,2)="P1")),0.5)+IF(AND(LEN(AK21)>2,OR(LEFT(AK21,2)="P1",RIGHT(AK21,2)="P1")),0.5)+IF(AND(LEN(AL21)>2,OR(LEFT(AL21,2)="P1",RIGHT(AL21,2)="P1")),0.5) -> 0.5 | AR21: =IF(G21="","",AM21+AN21+AP21+AQ21) -> 22.5 | AS21: =IF(F21="","",COUNTIF($H21:$AL21,AS$8))++IF(F21="","",COUNTIF($H21:$AL21,"L1")/2) -> 0 | AT21: =AU21-AR21-AS21 -> 0.5 | AU21: 23
A22: =SUBTOTAL(3,$F$11:F22) -> 12 | B22: MS22 | C22: Giáo viên | D22: Giáo viên mầm non | F22: Nguyễn Thị Hằng | G22: Chính Thức | H22: X | I22: X | J22: X | M22: X | N22: X | O22: X | P22: X | Q22: X | T22: X | U22: X | V22: X | W22: X | X22: X | AA22: X | AB22: X | AC22: X | AD22: X | AE22: X | AH22: X | AI22: X | AJ22: X | AK22: X | AL22: X | AM22: =IF(F22="","",COUNTIF($H22:$AL22,AM$8)) -> 23 | AN22: =IF(OR(G22="",G22="Đã nghỉ"),0,COUNTIF($H22:$AL22,"N1")/2++IF(AND(LEN(H22)>2,OR(LEFT(H22,2)="N1",RIGHT(H22,2)="N1")),0.5)+IF(AND(LEN(I22)>2,OR(LEFT(I22,2)="N1",RIGHT(I22,2)="N1")),0.5)+IF(AND(LEN(J22)>2,OR(LEFT(J22,2)="N1",RIGHT(J22,2)="N1")),0.5)+IF(AND(LEN(K22)>2,OR(LEFT(K22,2)="N1",RIGHT(K22,2)="N1")),0.5)+IF(AND(LEN(L22)>2,OR(LEFT(L22,2)="N1",RIGHT(L22,2)="N1")),0.5)+IF(AND(LEN(M22)>2,OR(LEFT(M22,2)="N1",RIGHT(M22,2)="N1")),0.5)+IF(AND(LEN(N22)>2,OR(LEFT(N22,2)="N1",RIGHT(N22,2)="N1")),0.5)+IF(AND(LEN(O22)>2,OR(LEFT(O22,2)="N1",RIGHT(O22,2)="N1")),0.5)+IF(AND(LEN(P22)>2,OR(LEFT(P22,2)="N1",RIGHT(P22,2)="N1")),0.5)+IF(AND(LEN(Q22)>2,OR(LEFT(Q22,2)="N1",RIGHT(Q22,2)="N1")),0.5)+IF(AND(LEN(R22)>2,OR(LEFT(R22,2)="N1",RIGHT(R22,2)="N1")),0.5)+IF(AND(LEN(S22)>2,OR(LEFT(S22,2)="N1",RIGHT(S22,2)="N1")),0.5)+IF(AND(LEN(T22)>2,OR(LEFT(T22,2)="N1",RIGHT(T22,2)="N1")),0.5)+IF(AND(LEN(U22)>2,OR(LEFT(U22,2)="N1",RIGHT(U22,2)="N1")),0.5)+IF(AND(LEN(V22)>2,OR(LEFT(V22,2)="N1",RIGHT(V22,2)="N1")),0.5)+IF(AND(LEN(W22)>2,OR(LEFT(W22,2)="N1",RIGHT(W22,2)="N1")),0.5)+IF(AND(LEN(X22)>2,OR(LEFT(X22,2)="N1",RIGHT(X22,2)="N1")),0.5)+IF(AND(LEN(Y22)>2,OR(LEFT(Y22,2)="N1",RIGHT(Y22,2)="N1")),0.5)+IF(AND(LEN(Z22)>2,OR(LEFT(Z22,2)="N1",RIGHT(Z22,2)="N1")),0.5)+IF(AND(LEN(AA22)>2,OR(LEFT(AA22,2)="N1",RIGHT(AA22,2)="N1")),0.5)+IF(AND(LEN(AB22)>2,OR(LEFT(AB22,2)="N1",RIGHT(AB22,2)="N1")),0.5)+IF(AND(LEN(AC22)>2,OR(LEFT(AC22,2)="N1",RIGHT(AC22,2)="N1")),0.5)+IF(AND(LEN(AD22)>2,OR(LEFT(AD22,2)="N1",RIGHT(AD22,2)="N1")),0.5)+IF(AND(LEN(AE22)>2,OR(LEFT(AE22,2)="N1",RIGHT(AE22,2)="N1")),0.5)+IF(AND(LEN(AF22)>2,OR(LEFT(AF22,2)="N1",RIGHT(AF22,2)="N1")),0.5)+IF(AND(LEN(AG22)>2,OR(LEFT(AG22,2)="N1",RIGHT(AG22,2)="N1")),0.5)+IF(AND(LEN(AH22)>2,OR(LEFT(AH22,2)="N1",RIGHT(AH22,2)="N1")),0.5)+IF(AND(LEN(AI22)>2,OR(LEFT(AI22,2)="N1",RIGHT(AI22,2)="N1")),0.5)+IF(AND(LEN(AJ22)>2,OR(LEFT(AJ22,2)="N1",RIGHT(AJ22,2)="N1")),0.5)+IF(AND(LEN(AK22)>2,OR(LEFT(AK22,2)="N1",RIGHT(AK22,2)="N1")),0.5)+IF(AND(LEN(AL22)>2,OR(LEFT(AL22,2)="N1",RIGHT(AL22,2)="N1")),0.5)) -> 0 | AO22: =COUNTIF(H22:AL22,"ON")+COUNTIF(H22:AL22,"ON/2")/2 -> 0 | AP22: =IF(F22="","",COUNTIF($H22:$AL22,AP$8))+IF(F22="","",COUNTIF($H22:$AL22,$V$5)/2) -> 0 | AQ22: =COUNTIF($H22:$AL22,"P")+COUNTIF($H22:$AL22,"P1")/2+IF(AND(LEN(I22)>2,OR(LEFT(I22,2)="P1",RIGHT(I22,2)="P1")),0.5)+IF(AND(LEN(J22)>2,OR(LEFT(J22,2)="P1",RIGHT(J22,2)="P1")),0.5)+IF(AND(LEN(K22)>2,OR(LEFT(K22,2)="P1",RIGHT(K22,2)="P1")),0.5)+IF(AND(LEN(L22)>2,OR(LEFT(L22,2)="P1",RIGHT(L22,2)="P1")),0.5)+IF(AND(LEN(M22)>2,OR(LEFT(M22,2)="P1",RIGHT(M22,2)="P1")),0.5)+IF(AND(LEN(N22)>2,OR(LEFT(N22,2)="P1",RIGHT(N22,2)="P1")),0.5)+IF(AND(LEN(O22)>2,OR(LEFT(O22,2)="P1",RIGHT(O22,2)="P1")),0.5)+IF(AND(LEN(P22)>2,OR(LEFT(P22,2)="P1",RIGHT(P22,2)="P1")),0.5)+IF(AND(LEN(Q22)>2,OR(LEFT(Q22,2)="P1",RIGHT(Q22,2)="P1")),0.5)+IF(AND(LEN(R22)>2,OR(LEFT(R22,2)="P1",RIGHT(R22,2)="P1")),0.5)+IF(AND(LEN(S22)>2,OR(LEFT(S22,2)="P1",RIGHT(S22,2)="P1")),0.5)+IF(AND(LEN(T22)>2,OR(LEFT(T22,2)="P1",RIGHT(T22,2)="P1")),0.5)+IF(AND(LEN(U22)>2,OR(LEFT(U22,2)="P1",RIGHT(U22,2)="P1")),0.5)+IF(AND(LEN(V22)>2,OR(LEFT(V22,2)="P1",RIGHT(V22,2)="P1")),0.5)+IF(AND(LEN(W22)>2,OR(LEFT(W22,2)="P1",RIGHT(W22,2)="P1")),0.5)+IF(AND(LEN(X22)>2,OR(LEFT(X22,2)="P1",RIGHT(X22,2)="P1")),0.5)+IF(AND(LEN(Y22)>2,OR(LEFT(Y22,2)="P1",RIGHT(Y22,2)="P1")),0.5)+IF(AND(LEN(Z22)>2,OR(LEFT(Z22,2)="P1",RIGHT(Z22,2)="P1")),0.5)+IF(AND(LEN(AA22)>2,OR(LEFT(AA22,2)="P1",RIGHT(AA22,2)="P1")),0.5)+IF(AND(LEN(AB22)>2,OR(LEFT(AB22,2)="P1",RIGHT(AB22,2)="P1")),0.5)+IF(AND(LEN(AC22)>2,OR(LEFT(AC22,2)="P1",RIGHT(AC22,2)="P1")),0.5)+IF(AND(LEN(AD22)>2,OR(LEFT(AD22,2)="P1",RIGHT(AD22,2)="P1")),0.5)+IF(AND(LEN(AE22)>2,OR(LEFT(AE372,2)="P1",RIGHT(AE22,2)="P1")),0.5)+IF(AND(LEN(AF22)>2,OR(LEFT(AF22,2)="P1",RIGHT(AF22,2)="P1")),0.5)+IF(AND(LEN(AG22)>2,OR(LEFT(AG22,2)="P1",RIGHT(AG22,2)="P1")),0.5)+IF(AND(LEN(AH22)>2,OR(LEFT(AH22,2)="P1",RIGHT(AH22,2)="P1")),0.5)+IF(AND(LEN(AI22)>2,OR(LEFT(AI22,2)="P1",RIGHT(AI22,2)="P1")),0.5)+IF(AND(LEN(AJ22)>2,OR(LEFT(AJ22,2)="P1",RIGHT(AJ22,2)="P1")),0.5)+IF(AND(LEN(AK22)>2,OR(LEFT(AK22,2)="P1",RIGHT(AK22,2)="P1")),0.5)+IF(AND(LEN(AL22)>2,OR(LEFT(AL22,2)="P1",RIGHT(AL22,2)="P1")),0.5) -> 0 | AR22: =IF(G22="","",AM22+AN22+AP22+AQ22) -> 23 | AS22: =IF(F22="","",COUNTIF($H22:$AL22,AS$8))++IF(F22="","",COUNTIF($H22:$AL22,"L1")/2) -> 0 | AT22: =AU22-AR22-AS22 -> 0 | AU22: 23
A23: =SUBTOTAL(3,$F$11:F23) -> 13 | B23: MS23 | C23: Giáo viên | D23: Giáo viên mầm non | F23: Hoàng Thị Ánh Mão | G23: Thử Việc | H23: X | I23: X | J23: X | M23: X | N23: X | O23: X | P23: X | Q23: P1 | T23: X | U23: X | V23: X | W23: X | X23: X | AA23: X | AB23: X | AC23: X | AD23: X | AE23: X | AH23: X | AI23: X | AJ23: X | AK23: X | AL23: X | AM23: =IF(F23="","",COUNTIF($H23:$AL23,AM$8)) -> 22 | AN23: =IF(OR(G23="",G23="Đã nghỉ"),0,COUNTIF($H23:$AL23,"N1")/2++IF(AND(LEN(H23)>2,OR(LEFT(H23,2)="N1",RIGHT(H23,2)="N1")),0.5)+IF(AND(LEN(I23)>2,OR(LEFT(I23,2)="N1",RIGHT(I23,2)="N1")),0.5)+IF(AND(LEN(J23)>2,OR(LEFT(J23,2)="N1",RIGHT(J23,2)="N1")),0.5)+IF(AND(LEN(K23)>2,OR(LEFT(K23,2)="N1",RIGHT(K23,2)="N1")),0.5)+IF(AND(LEN(L23)>2,OR(LEFT(L23,2)="N1",RIGHT(L23,2)="N1")),0.5)+IF(AND(LEN(M23)>2,OR(LEFT(M23,2)="N1",RIGHT(M23,2)="N1")),0.5)+IF(AND(LEN(N23)>2,OR(LEFT(N23,2)="N1",RIGHT(N23,2)="N1")),0.5)+IF(AND(LEN(O23)>2,OR(LEFT(O23,2)="N1",RIGHT(O23,2)="N1")),0.5)+IF(AND(LEN(P23)>2,OR(LEFT(P23,2)="N1",RIGHT(P23,2)="N1")),0.5)+IF(AND(LEN(Q23)>2,OR(LEFT(Q23,2)="N1",RIGHT(Q23,2)="N1")),0.5)+IF(AND(LEN(R23)>2,OR(LEFT(R23,2)="N1",RIGHT(R23,2)="N1")),0.5)+IF(AND(LEN(S23)>2,OR(LEFT(S23,2)="N1",RIGHT(S23,2)="N1")),0.5)+IF(AND(LEN(T23)>2,OR(LEFT(T23,2)="N1",RIGHT(T23,2)="N1")),0.5)+IF(AND(LEN(U23)>2,OR(LEFT(U23,2)="N1",RIGHT(U23,2)="N1")),0.5)+IF(AND(LEN(V23)>2,OR(LEFT(V23,2)="N1",RIGHT(V23,2)="N1")),0.5)+IF(AND(LEN(W23)>2,OR(LEFT(W23,2)="N1",RIGHT(W23,2)="N1")),0.5)+IF(AND(LEN(X23)>2,OR(LEFT(X23,2)="N1",RIGHT(X23,2)="N1")),0.5)+IF(AND(LEN(Y23)>2,OR(LEFT(Y23,2)="N1",RIGHT(Y23,2)="N1")),0.5)+IF(AND(LEN(Z23)>2,OR(LEFT(Z23,2)="N1",RIGHT(Z23,2)="N1")),0.5)+IF(AND(LEN(AA23)>2,OR(LEFT(AA23,2)="N1",RIGHT(AA23,2)="N1")),0.5)+IF(AND(LEN(AB23)>2,OR(LEFT(AB23,2)="N1",RIGHT(AB23,2)="N1")),0.5)+IF(AND(LEN(AC23)>2,OR(LEFT(AC23,2)="N1",RIGHT(AC23,2)="N1")),0.5)+IF(AND(LEN(AD23)>2,OR(LEFT(AD23,2)="N1",RIGHT(AD23,2)="N1")),0.5)+IF(AND(LEN(AE23)>2,OR(LEFT(AE23,2)="N1",RIGHT(AE23,2)="N1")),0.5)+IF(AND(LEN(AF23)>2,OR(LEFT(AF23,2)="N1",RIGHT(AF23,2)="N1")),0.5)+IF(AND(LEN(AG23)>2,OR(LEFT(AG23,2)="N1",RIGHT(AG23,2)="N1")),0.5)+IF(AND(LEN(AH23)>2,OR(LEFT(AH23,2)="N1",RIGHT(AH23,2)="N1")),0.5)+IF(AND(LEN(AI23)>2,OR(LEFT(AI23,2)="N1",RIGHT(AI23,2)="N1")),0.5)+IF(AND(LEN(AJ23)>2,OR(LEFT(AJ23,2)="N1",RIGHT(AJ23,2)="N1")),0.5)+IF(AND(LEN(AK23)>2,OR(LEFT(AK23,2)="N1",RIGHT(AK23,2)="N1")),0.5)+IF(AND(LEN(AL23)>2,OR(LEFT(AL23,2)="N1",RIGHT(AL23,2)="N1")),0.5)) -> 0 | AO23: =COUNTIF(H23:AL23,"ON")+COUNTIF(H23:AL23,"ON/2")/2 -> 0 | AP23: =IF(F23="","",COUNTIF($H23:$AL23,AP$8))+IF(F23="","",COUNTIF($H23:$AL23,$V$5)/2) -> 0 | AQ23: =COUNTIF($H23:$AL23,"P")+COUNTIF($H23:$AL23,"P1")/2+IF(AND(LEN(I23)>2,OR(LEFT(I23,2)="P1",RIGHT(I23,2)="P1")),0.5)+IF(AND(LEN(J23)>2,OR(LEFT(J23,2)="P1",RIGHT(J23,2)="P1")),0.5)+IF(AND(LEN(K23)>2,OR(LEFT(K23,2)="P1",RIGHT(K23,2)="P1")),0.5)+IF(AND(LEN(L23)>2,OR(LEFT(L23,2)="P1",RIGHT(L23,2)="P1")),0.5)+IF(AND(LEN(M23)>2,OR(LEFT(M23,2)="P1",RIGHT(M23,2)="P1")),0.5)+IF(AND(LEN(N23)>2,OR(LEFT(N23,2)="P1",RIGHT(N23,2)="P1")),0.5)+IF(AND(LEN(O23)>2,OR(LEFT(O23,2)="P1",RIGHT(O23,2)="P1")),0.5)+IF(AND(LEN(P23)>2,OR(LEFT(P23,2)="P1",RIGHT(P23,2)="P1")),0.5)+IF(AND(LEN(Q23)>2,OR(LEFT(Q23,2)="P1",RIGHT(Q23,2)="P1")),0.5)+IF(AND(LEN(R23)>2,OR(LEFT(R23,2)="P1",RIGHT(R23,2)="P1")),0.5)+IF(AND(LEN(S23)>2,OR(LEFT(S23,2)="P1",RIGHT(S23,2)="P1")),0.5)+IF(AND(LEN(T23)>2,OR(LEFT(T23,2)="P1",RIGHT(T23,2)="P1")),0.5)+IF(AND(LEN(U23)>2,OR(LEFT(U23,2)="P1",RIGHT(U23,2)="P1")),0.5)+IF(AND(LEN(V23)>2,OR(LEFT(V23,2)="P1",RIGHT(V23,2)="P1")),0.5)+IF(AND(LEN(W23)>2,OR(LEFT(W23,2)="P1",RIGHT(W23,2)="P1")),0.5)+IF(AND(LEN(X23)>2,OR(LEFT(X23,2)="P1",RIGHT(X23,2)="P1")),0.5)+IF(AND(LEN(Y23)>2,OR(LEFT(Y23,2)="P1",RIGHT(Y23,2)="P1")),0.5)+IF(AND(LEN(Z23)>2,OR(LEFT(Z23,2)="P1",RIGHT(Z23,2)="P1")),0.5)+IF(AND(LEN(AA23)>2,OR(LEFT(AA23,2)="P1",RIGHT(AA23,2)="P1")),0.5)+IF(AND(LEN(AB23)>2,OR(LEFT(AB23,2)="P1",RIGHT(AB23,2)="P1")),0.5)+IF(AND(LEN(AC23)>2,OR(LEFT(AC23,2)="P1",RIGHT(AC23,2)="P1")),0.5)+IF(AND(LEN(AD23)>2,OR(LEFT(AD23,2)="P1",RIGHT(AD23,2)="P1")),0.5)+IF(AND(LEN(AE23)>2,OR(LEFT(AE373,2)="P1",RIGHT(AE23,2)="P1")),0.5)+IF(AND(LEN(AF23)>2,OR(LEFT(AF23,2)="P1",RIGHT(AF23,2)="P1")),0.5)+IF(AND(LEN(AG23)>2,OR(LEFT(AG23,2)="P1",RIGHT(AG23,2)="P1")),0.5)+IF(AND(LEN(AH23)>2,OR(LEFT(AH23,2)="P1",RIGHT(AH23,2)="P1")),0.5)+IF(AND(LEN(AI23)>2,OR(LEFT(AI23,2)="P1",RIGHT(AI23,2)="P1")),0.5)+IF(AND(LEN(AJ23)>2,OR(LEFT(AJ23,2)="P1",RIGHT(AJ23,2)="P1")),0.5)+IF(AND(LEN(AK23)>2,OR(LEFT(AK23,2)="P1",RIGHT(AK23,2)="P1")),0.5)+IF(AND(LEN(AL23)>2,OR(LEFT(AL23,2)="P1",RIGHT(AL23,2)="P1")),0.5) -> 0.5 | AR23: =IF(G23="","",AM23+AN23+AP23+AQ23) -> 22.5 | AS23: =IF(F23="","",COUNTIF($H23:$AL23,AS$8))++IF(F23="","",COUNTIF($H23:$AL23,"L1")/2) -> 0 | AT23: =AU23-AR23-AS23 -> 0.5 | AU23: 23
A24: =SUBTOTAL(3,$F$11:F24) -> 14 | B24: MS24 | C24: BGH | D24: Hiệu phó cơ sở | F24: Trương Hoàng Diễm | G24: Thử Việc | H24: X | I24: X | J24: X | M24: X | N24: X | O24: X | P24: X | Q24: X | T24: X | U24: X | V24: X | W24: X | X24: X | AA24: X | AB24: X | AC24: X | AD24: X | AE24: X | AH24: X | AI24: X | AJ24: X | AK24: X | AL24: X | AM24: =IF(F24="","",COUNTIF($H24:$AL24,AM$8)) -> 23 | AN24: =IF(OR(G24="",G24="Đã nghỉ"),0,COUNTIF($H24:$AL24,"N1")/2++IF(AND(LEN(H24)>2,OR(LEFT(H24,2)="N1",RIGHT(H24,2)="N1")),0.5)+IF(AND(LEN(I24)>2,OR(LEFT(I24,2)="N1",RIGHT(I24,2)="N1")),0.5)+IF(AND(LEN(J24)>2,OR(LEFT(J24,2)="N1",RIGHT(J24,2)="N1")),0.5)+IF(AND(LEN(K24)>2,OR(LEFT(K24,2)="N1",RIGHT(K24,2)="N1")),0.5)+IF(AND(LEN(L24)>2,OR(LEFT(L24,2)="N1",RIGHT(L24,2)="N1")),0.5)+IF(AND(LEN(M24)>2,OR(LEFT(M24,2)="N1",RIGHT(M24,2)="N1")),0.5)+IF(AND(LEN(N24)>2,OR(LEFT(N24,2)="N1",RIGHT(N24,2)="N1")),0.5)+IF(AND(LEN(O24)>2,OR(LEFT(O24,2)="N1",RIGHT(O24,2)="N1")),0.5)+IF(AND(LEN(P24)>2,OR(LEFT(P24,2)="N1",RIGHT(P24,2)="N1")),0.5)+IF(AND(LEN(Q24)>2,OR(LEFT(Q24,2)="N1",RIGHT(Q24,2)="N1")),0.5)+IF(AND(LEN(R24)>2,OR(LEFT(R24,2)="N1",RIGHT(R24,2)="N1")),0.5)+IF(AND(LEN(S24)>2,OR(LEFT(S24,2)="N1",RIGHT(S24,2)="N1")),0.5)+IF(AND(LEN(T24)>2,OR(LEFT(T24,2)="N1",RIGHT(T24,2)="N1")),0.5)+IF(AND(LEN(U24)>2,OR(LEFT(U24,2)="N1",RIGHT(U24,2)="N1")),0.5)+IF(AND(LEN(V24)>2,OR(LEFT(V24,2)="N1",RIGHT(V24,2)="N1")),0.5)+IF(AND(LEN(W24)>2,OR(LEFT(W24,2)="N1",RIGHT(W24,2)="N1")),0.5)+IF(AND(LEN(X24)>2,OR(LEFT(X24,2)="N1",RIGHT(X24,2)="N1")),0.5)+IF(AND(LEN(Y24)>2,OR(LEFT(Y24,2)="N1",RIGHT(Y24,2)="N1")),0.5)+IF(AND(LEN(Z24)>2,OR(LEFT(Z24,2)="N1",RIGHT(Z24,2)="N1")),0.5)+IF(AND(LEN(AA24)>2,OR(LEFT(AA24,2)="N1",RIGHT(AA24,2)="N1")),0.5)+IF(AND(LEN(AB24)>2,OR(LEFT(AB24,2)="N1",RIGHT(AB24,2)="N1")),0.5)+IF(AND(LEN(AC24)>2,OR(LEFT(AC24,2)="N1",RIGHT(AC24,2)="N1")),0.5)+IF(AND(LEN(AD24)>2,OR(LEFT(AD24,2)="N1",RIGHT(AD24,2)="N1")),0.5)+IF(AND(LEN(AE24)>2,OR(LEFT(AE24,2)="N1",RIGHT(AE24,2)="N1")),0.5)+IF(AND(LEN(AF24)>2,OR(LEFT(AF24,2)="N1",RIGHT(AF24,2)="N1")),0.5)+IF(AND(LEN(AG24)>2,OR(LEFT(AG24,2)="N1",RIGHT(AG24,2)="N1")),0.5)+IF(AND(LEN(AH24)>2,OR(LEFT(AH24,2)="N1",RIGHT(AH24,2)="N1")),0.5)+IF(AND(LEN(AI24)>2,OR(LEFT(AI24,2)="N1",RIGHT(AI24,2)="N1")),0.5)+IF(AND(LEN(AJ24)>2,OR(LEFT(AJ24,2)="N1",RIGHT(AJ24,2)="N1")),0.5)+IF(AND(LEN(AK24)>2,OR(LEFT(AK24,2)="N1",RIGHT(AK24,2)="N1")),0.5)+IF(AND(LEN(AL24)>2,OR(LEFT(AL24,2)="N1",RIGHT(AL24,2)="N1")),0.5)) -> 0 | AO24: =COUNTIF(H24:AL24,"ON")+COUNTIF(H24:AL24,"ON/2")/2 -> 0 | AP24: =IF(F24="","",COUNTIF($H24:$AL24,AP$8))+IF(F24="","",COUNTIF($H24:$AL24,$V$5)/2) -> 0 | AQ24: =COUNTIF($H24:$AL24,"P")+COUNTIF($H24:$AL24,"P1")/2+IF(AND(LEN(I24)>2,OR(LEFT(I24,2)="P1",RIGHT(I24,2)="P1")),0.5)+IF(AND(LEN(J24)>2,OR(LEFT(J24,2)="P1",RIGHT(J24,2)="P1")),0.5)+IF(AND(LEN(K24)>2,OR(LEFT(K24,2)="P1",RIGHT(K24,2)="P1")),0.5)+IF(AND(LEN(L24)>2,OR(LEFT(L24,2)="P1",RIGHT(L24,2)="P1")),0.5)+IF(AND(LEN(M24)>2,OR(LEFT(M24,2)="P1",RIGHT(M24,2)="P1")),0.5)+IF(AND(LEN(N24)>2,OR(LEFT(N24,2)="P1",RIGHT(N24,2)="P1")),0.5)+IF(AND(LEN(O24)>2,OR(LEFT(O24,2)="P1",RIGHT(O24,2)="P1")),0.5)+IF(AND(LEN(P24)>2,OR(LEFT(P24,2)="P1",RIGHT(P24,2)="P1")),0.5)+IF(AND(LEN(Q24)>2,OR(LEFT(Q24,2)="P1",RIGHT(Q24,2)="P1")),0.5)+IF(AND(LEN(R24)>2,OR(LEFT(R24,2)="P1",RIGHT(R24,2)="P1")),0.5)+IF(AND(LEN(S24)>2,OR(LEFT(S24,2)="P1",RIGHT(S24,2)="P1")),0.5)+IF(AND(LEN(T24)>2,OR(LEFT(T24,2)="P1",RIGHT(T24,2)="P1")),0.5)+IF(AND(LEN(U24)>2,OR(LEFT(U24,2)="P1",RIGHT(U24,2)="P1")),0.5)+IF(AND(LEN(V24)>2,OR(LEFT(V24,2)="P1",RIGHT(V24,2)="P1")),0.5)+IF(AND(LEN(W24)>2,OR(LEFT(W24,2)="P1",RIGHT(W24,2)="P1")),0.5)+IF(AND(LEN(X24)>2,OR(LEFT(X24,2)="P1",RIGHT(X24,2)="P1")),0.5)+IF(AND(LEN(Y24)>2,OR(LEFT(Y24,2)="P1",RIGHT(Y24,2)="P1")),0.5)+IF(AND(LEN(Z24)>2,OR(LEFT(Z24,2)="P1",RIGHT(Z24,2)="P1")),0.5)+IF(AND(LEN(AA24)>2,OR(LEFT(AA24,2)="P1",RIGHT(AA24,2)="P1")),0.5)+IF(AND(LEN(AB24)>2,OR(LEFT(AB24,2)="P1",RIGHT(AB24,2)="P1")),0.5)+IF(AND(LEN(AC24)>2,OR(LEFT(AC24,2)="P1",RIGHT(AC24,2)="P1")),0.5)+IF(AND(LEN(AD24)>2,OR(LEFT(AD24,2)="P1",RIGHT(AD24,2)="P1")),0.5)+IF(AND(LEN(AE24)>2,OR(LEFT(AE374,2)="P1",RIGHT(AE24,2)="P1")),0.5)+IF(AND(LEN(AF24)>2,OR(LEFT(AF24,2)="P1",RIGHT(AF24,2)="P1")),0.5)+IF(AND(LEN(AG24)>2,OR(LEFT(AG24,2)="P1",RIGHT(AG24,2)="P1")),0.5)+IF(AND(LEN(AH24)>2,OR(LEFT(AH24,2)="P1",RIGHT(AH24,2)="P1")),0.5)+IF(AND(LEN(AI24)>2,OR(LEFT(AI24,2)="P1",RIGHT(AI24,2)="P1")),0.5)+IF(AND(LEN(AJ24)>2,OR(LEFT(AJ24,2)="P1",RIGHT(AJ24,2)="P1")),0.5)+IF(AND(LEN(AK24)>2,OR(LEFT(AK24,2)="P1",RIGHT(AK24,2)="P1")),0.5)+IF(AND(LEN(AL24)>2,OR(LEFT(AL24,2)="P1",RIGHT(AL24,2)="P1")),0.5) -> 0 | AR24: =IF(G24="","",AM24+AN24+AP24+AQ24) -> 23 | AS24: =IF(F24="","",COUNTIF($H24:$AL24,AS$8))++IF(F24="","",COUNTIF($H24:$AL24,"L1")/2) -> 0 | AT24: =AU24-AR24-AS24 -> 0 | AU24: 23
A25: Tổng | AM25: =SUBTOTAL(9,AM11:AM11) -> 11 | AN25: =SUBTOTAL(9,AN11:AN19) -> 0.5 | AO25: =SUBTOTAL(9,AO11:AO19) -> 9 | AP25: =SUBTOTAL(9,AP11:AP19) -> 0 | AQ25: =SUBTOTAL(9,AQ11:AQ11) -> 3 | AR25: =SUBTOTAL(9,AR11:AR19) -> 195.5 | AS25: =SUBTOTAL(9,AS11:AS19) -> 0 | AT25: =SUBTOTAL(9,AT11:AT19) -> 11.5 | AU25: =SUBTOTAL(9,AU11:AU19) -> 207
B26: 1 | C26: =B26+1 -> 2 | D26: =C26+1 -> 3 | E26: =D26+1 -> 4 | F26: =E26+1 -> 5 | G26: =F26+1 -> 6 | H26: =G26+1 -> 7 | I26: =H26+1 -> 8 | J26: =I26+1 -> 9 | ... AV26: =AU26+1 -> 47
AM27: Hà Nội, ngày ..... tháng ..... năm 2026
D28: Tổng giám đốc | M28: Phòng Tài chính - Kế toán | Z28: Phòng Hành chính - Nhân sự | AM28: Người lập

Sheet 4. Bảng phép năm 2026
A1: CVG - BẢNG THEO DÕI PHÉP NĂM 2026
A2: STT | B2: Mã NV | C2: Phòng | D2: Họ & Tên | E2: Số phép đã nghỉ (phép năm 2026) | R2: Tổng phép đã nghỉ năm 2026 | S2: Số ngày phép năm 2025 | T2: Phép tồn | U2: Ghi chú
E3: Thời gian bắt đầu tính phép Đvt: tháng | F3: T1 | G3: T2 | H3: T3 | I3: T4 | J3: T5 | K3: T6 | L3: T7 | M3: T8 | N3: T9 | O3: T10 | P3: T11 | Q3: T12
B4: 1 | C4: =B4+1 -> 2 | D4: =C4+1 -> 3 | E4: =#REF!+1 -> #REF! | F4: =E4+1 -> #REF! | G4: =F4+1 -> #REF! | H4: =G4+1 -> #REF! | I4: =H4+1 -> #REF! | J4: =I4+1 -> #REF! | K4: =J4+1 -> #REF! | L4: =K4+1 -> #REF! | M4: =L4+1 -> #REF! | ... U4: =T4+1 -> #REF!
F5: =SUM(F6:F8) -> 3 | G5: =SUM(G6:G8) -> 0 | H5: =SUM(H6:H8) -> 0 | I5: =SUM(I6:I8) -> 0 | J5: =SUM(J6:J8) -> 0 | K5: =SUM(K6:K8) -> 0 | L5: =SUM(L6:L8) -> 0 | M5: =SUM(M6:M8) -> 0 | ... R5: =SUM(R6:R8) -> 3 | S5: 2 | T5: =SUM(T6:T8) -> 2
A6: =SUBTOTAL(3,$B$5:B6) -> 1 | B6: MS04 | D6: =VLOOKUP(B6,' 5. Thông số TL'!$D$12:$E$16,2,0) -> Nguyễn Thị Thu Hảo | F6: =VLOOKUP(B6,'3. BẢNG CHẤM CÔNG'!$B$11:$AU$11,42,0) -> 3 | G6: 0 | H6: 0 | I6: 0 | J6: 0 | K6: 0 | L6: 0 | M6: 0 | N6: 0 | O6: 0 | P6: 0 | Q6: 0 | R6: =SUM(F6:Q6) -> 3 | S6: 2 | T6: 2
A7: =SUBTOTAL(3,$B$5:B7) -> 2 | B7: MS03 | D7: =VLOOKUP(B7,' 5. Thông số TL'!$D$12:$E$16,2,0) -> Lê Thị Kim Liên | F7: 0 | G7: 0 | H7: 0 | I7: 0 | J7: 0 | K7: 0 | L7: 0 | M7: 0 | N7: 0 | O7: 0 | P7: 0 | Q7: 0 | R7: =SUM(F7:Q7) -> 0 | S7: 0 | T7: 0
A8: 3 | B8: MS02 | D8: =VLOOKUP(B8,' 5. Thông số TL'!$D$12:$E$16,2,0) -> Bùi Thanh Anh | F8: 0 | G8: 0 | H8: 0 | I8: 0 | J8: 0 | K8: 0 | L8: 0 | M8: 0 | N8: 0 | O8: 0 | P8: 0 | Q8: 0 | R8: =SUM(F8:Q8) -> 0 | S8: =SUM(G8:R8) -> 0 | T8: =SUM(H8:S8) -> 0
A9: 5 | B9: MS06 | D9: =VLOOKUP(B9,' 5. Thông số TL'!$D$12:$E$16,2,0) -> Eugene | F9: 0 | G9: 0 | H9: 0 | I9: 0 | J9: 0 | K9: 0 | L9: 0 | M9: 0 | N9: 0 | O9: 0 | P9: 0 | Q9: 0 | R9: =SUM(F9:Q9) -> 0 | S9: =SUM(G9:R9) -> 0 | T9: =SUM(H9:S9) -> 0

Sheet  5. Thông số TL
A3: BẢNG THÔNG SỐ TÍNH LƯƠNG VỊ TRÍ
A5: I. Mục tiêu
A8: II. Bảng thông số
A9: STT | B9: Phòng/Ban | C9: Chức danh | D9: Mã nhân viên | E9: Họ và tên | F9: Tầng NS | G9: Lương BHXH | H9: Thưởng Hiệu quả công việc | I9: Các khoản phụ cấp | O9: Tổng | P9: Thưởng Hiệu quả kinh doanh/Dự án | S9: Tổng thu nhập trước thuế
I10: PC miễn thuế | L10: PC đóng thuế | N10: Tổng phụ cấp | P10: Tên thông số | Q10: Hck | R10: Doanh thu
I11: Ăn trưa | J11: Trang phục | K11: Điện thoại | L11: Kiêm nhiệm | M11: Gửi xe
A12: =SUBTOTAL(3,$C$12:C12) -> 1 | B12: Vận hành | C12: Trưởng phòng vận hành | D12: MS04 | E12: Nguyễn Thị Thu Hảo | G12: 7500000 | H12: 4880000 | I12: 720000 | J12: 400000 | K12: 2500000 | N12: =SUM(I12:M12) -> 3620000 | O12: =G12+H12+N12 -> 16000000 | S12: =O12+R12 -> 16000000
A13: =SUBTOTAL(3,$C$12:C13) -> 2 | B13: Ban giám hiệu | C13: Hiệu phó cơ sở | D13: MS03 | E13: Lê Thị Kim Liên | G13: 7500000 | H13: 7480000 | I13: 720000 | J13: 400000 | K13: 900000 | N13: =SUM(I13:M13) -> 2020000 | O13: =G13+H13+N13 -> 17000000 | S13: =O13+R13 -> 17000000
A14: =SUBTOTAL(3,$C$12:C14) -> 3 | B14: Ban giám hiệu | C14: Hiệu trưởng ̣(kiêm nhiệm) | D14: MS02 | E14: Bùi Thanh Anh | H14: 13046667 | I14: 720000 | J14: 400000 | K14: 2500000 | N14: =SUM(I14:M14) -> 3620000 | O14: =G14+H14+N14 -> 16666667 | S14: =O14+R14 -> 16666667
A15: =SUBTOTAL(3,$C$12:C15) -> 4 | B15: Ban giám hiệu | C15: Hiệu phó cơ sở | D15: MS05 | E15: Hoàng Thị Hoa | G15: 8000000 | H15: 10180000 | I15: 720000 | J15: 400000 | K15: 1924000 | N15: =SUM(I15:M15) -> 3044000 | O15: =G15+H15+N15 -> 21224000 | S15: =O15+R15 -> 21224000
A16: =SUBTOTAL(3,$C$12:C16) -> 5 | B16: Giáo viên | C16: Giáo viên nước ngoài | D16: MS06 | E16: Eugene | G16: 5500000 | H16: 42306650 | I16: 720000 | J16: 400000 | K16: 900000 | N16: =SUM(I16:M16) -> 2020000 | O16: =G16+H16+N16 -> 49826650 | S16: =O16+R16 -> 49826650
A17: =SUBTOTAL(3,$C$12:C17) -> 6 | B17: Giáo viên | C17: Giáo viên mầm non | D17: MS07 | E17: Nguyễn Ánh Hồng | G17: 5500000 | H17: 2457500 | I17: 720000 | J17: 400000 | K17: 500000 | N17: =SUM(I17:M17) -> 1620000 | O17: =G17+H17+N17 -> 9577500 | S17: =O17+R17 -> 9577500
A18: =SUBTOTAL(3,$C$12:C18) -> 7 | B18: Giáo viên | C18: Giáo viên mầm non | D18: MS08 | E18: Hoàng Thị Hương Li | G18: 5500000 | H18: 1880000 | I18: 720000 | J18: 400000 | K18: 500000 | N18: =SUM(I18:M18) -> 1620000 | O18: =G18+H18+N18 -> 9000000 | S18: =O18+R18 -> 9000000
A19: =SUBTOTAL(3,$C$12:C19) -> 8 | B19: Ban giám hiệu | C19: Quản lý chương trình TA | D19: MS09 | E19: Nguyễn Thị Thu | H19: 5768889 | I19: 720000 | J19: 400000 | K19: 2000000 | N19: =SUM(I19:M19) -> 3120000 | O19: =G19+H19+N19 -> 8888889 | S19: =O19+R19 -> 8888889
A20: =SUBTOTAL(3,$C$12:C20) -> 9 | B20: Giáo viên | C20: Giáo viên TA VN | D20: MS10 | E20: Bùi Thị Thương | G20: 5500000 | H20: 5880000 | I20: 720000 | J20: 400000 | K20: 500000 | N20: =SUM(I20:M20) -> 1620000 | O20: =G20+H20+N20 -> 13000000 | S20: =O20+R20 -> 13000000
A21: =SUBTOTAL(3,$C$12:C21) -> 10 | B21: Giáo viên | C21: Giáo viên mầm non | D21: MS11 | E21: Phùng Thị Lụa | G21: 5500000 | H21: 2457500 | I21: 720000 | J21: 400000 | K21: 500000 | N21: =SUM(I21:M21) -> 1620000 | O21: =G21+H21+N21 -> 9577500 | S21: =O21+R21 -> 9577500
A22: =SUBTOTAL(3,$C$12:C22) -> 11 | B22: Vận hành | C22: HK | D22: MS12 | E22: Đinh Thị Bích Ngọc | G22: 5300000 | H22: 736500 | I22: 720000 | J22: 400000 | K22: 400000 | N22: =SUM(I22:M22) -> 1520000 | O22: =G22+H22+N22 -> 7556500 | S22: =O22+R22 -> 7556500
A23: =SUBTOTAL(3,$C$12:C23) -> 12 | B23: Vận hành | C23: Bảo vệ | D23: MS13 | E23: Lương Văn Châm | G23: 5300000 | H23: 3736500 | I23: 720000 | J23: 400000 | K23: 400000 | N23: =SUM(I23:M23) -> 1520000 | O23: =G23+H23+N23 -> 10556500 | S23: =O23+R23 -> 10556500
A24: =SUBTOTAL(3,$C$12:C24) -> 13 | B24: Vận hành | C24: Y tế | D24: MS14 | E24: Nguyễn Thị Phúc | G24: 5500000 | H24: 3457500 | I24: 720000 | J24: 400000 | K24: 500000 | N24: =SUM(I24:M24) -> 1620000 | O24: =G24+H24+N24 -> 10577500 | S24: =O24+R24 -> 10577500
A25: =SUBTOTAL(3,$C$12:C25) -> 14 | B25: Vận hành | C25: Vận hành | D25: MS15 | E25: Nguyễn Thị Thuỳ Trang | G25: 5500000 | H25: 2457500 | I25: 720000 | J25: 400000 | K25: 500000 | N25: =SUM(I25:M25) -> 1620000 | O25: =G25+H25+N25 -> 9577500 | S25: =O25+R25 -> 9577500
A26: =SUBTOTAL(3,$C$12:C26) -> 15 | B26: Vận hành | C26: Kế toán | D26: MS16 | E26: Phạm Thị Hương Thuỷ | G26: 5500000 | H26: 5880000 | I26: 720000 | J26: 400000 | K26: 500000 | N26: =SUM(I26:M26) -> 1620000 | O26: =G26+H26+N26 -> 13000000 | S26: =O26+R26 -> 13000000
A27: =SUBTOTAL(3,$C$12:C27) -> 16 | B27: Giáo viên | C27: Giáo viên mầm non | D27: MS17 | E27: Lê Thị Bích Hường | G27: 5500000 | H27: 1957500 | I27: 720000 | J27: 400000 | K27: 500000 | N27: =SUM(I27:M27) -> 1620000 | O27: =G27+H27+N27 -> 9077500 | S27: =O27+R27 -> 9077500
A28: =SUBTOTAL(3,$C$12:C28) -> 17 | B28: Giáo viên | C28: Giáo viên mầm non | D28: MS18 | E28: Nguyễn Hương Thảo | G28: 5500000 | H28: 2457500 | I28: 720000 | J28: 400000 | K28: 500000 | N28: =SUM(I28:M28) -> 1620000 | O28: =G28+H28+N28 -> 9577500 | S28: =O28+R28 -> 9577500
A29: =SUBTOTAL(3,$C$12:C29) -> 18 | B29: Vận hành | C29: Vận hành | D29: MS20 | E29: Nguyễn Thị Thu Hiền | G29: 5300000 | H29: 2736500 | I29: 720000 | J29: 400000 | K29: 400000 | N29: =SUM(I29:M29) -> 1520000 | O29: =G29+H29+N29 -> 9556500 | S29: =O29+R29 -> 9556500
A30: =SUBTOTAL(3,$C$12:C30) -> 19 | B30: Giáo viên | C30: Giáo viên mầm non | D30: MS21 | E30: Triệu Thị Thu | G30: 5500000 | H30: 5457500 | I30: 720000 | J30: 400000 | K30: 500000 | N30: =SUM(I30:M30) -> 1620000 | O30: =G30+H30+N30 -> 12577500 | S30: =O30+R30 -> 12577500
A31: =SUBTOTAL(3,$C$12:C31) -> 20 | B31: Giáo viên | C31: Giáo viên mầm non | D31: MS22 | E31: Nguyễn Thị Hằng | G31: 5500000 | H31: 4457500 | I31: 720000 | J31: 400000 | K31: 500000 | N31: =SUM(I31:M31) -> 1620000 | O31: =G31+H31+N31 -> 11577500 | S31: =O31+R31 -> 11577500
A32: 21 | B32: Giáo viên | C32: Giáo viên mầm non | D32: MS23 | E32: Hoàng Thị Ánh Mão | G32: 5500000 | H32: 5457500 | I32: 720000 | J32: 400000 | K32: 500000 | N32: =SUM(I32:M32) -> 1620000 | O32: =G32+H32+N32 -> 12577500 | S32: =O32+R32 -> 12577500
A33: 22 | B33: BGH | C33: Hiệu phó cơ sở | D33: MS24 | E33: Trương Hoàng Diễm | G33: 7500000 | H33: 7667500 | I33: 720000 | J33: 400000 | K33: 2500000 | N33: =SUM(I33:M33) -> 3620000 | O33: =G33+H33+N33 -> 18787500 | S33: =O33+R33 -> 18787500
A34: Tổng | G34: =SUM(G12:G17) -> 34000000 | H34: =SUM(H12:H17) -> 80350817 | I34: =SUM(I12:I16) -> 3600000 | J34: =SUM(J12:J16) -> 2000000 | K34: =SUM(K12:K17) -> 9224000 | L34: =SUM(L12:L13) -> 0 | M34: =SUM(M12:M13) -> 0 | N34: =SUM(N12:N17) -> 15944000 | O34: =SUM(O12:O16) -> 120717317 | P34: =SUM(P12:P13) -> 0 | Q34: =SUM(Q12:Q13) -> 0 | R34: =SUM(R12:R13) -> 0 | S34: =SUM(S12:S16) -> 120717317
D35: 1 | E35: =1+D35 -> 2 | F35: =1+E35 -> 3 | G35: =1+F35 -> 4 | H35: =1+G35 -> 5 | I35: =1+H35 -> 6 | J35: =1+I35 -> 7 | K35: =1+J35 -> 8 | L35: =1+K35 -> 9 | M35: =1+L35 -> 10 | Q35: =+#REF!/R35 -> #REF! | R35: 2500000000
A36: III. Tổ chức thực hiện | Q36: A | R36: B
A37: - Giám đốc Trung tâm Dịch vụ quản trị phê duyệt quy định này;
A38: - Ban Nhân sự - Trung tâm Dịch vụ quản trị thực hiện việc phối hợp, giám sát, đảm bảo công tác tính lương và bảo hiểm xã hội của cán bộ nhân viên trung tâm;
A39: - Phòng Tổng hợp, Phòng kế toán CVG tiếp nhận và thực hiện tính lương, tham gia Bảo hiểm xã hội cho cán bộ nhân viên thuộc Trung tâm dịch vụ quản trị;
A40: - Văn bản có hiệu lực kể từ ngày 01/10/2025.
A42: Nơi nhận: | G42: Hà Nội, ngày tháng năm 2025
A43: - GĐ TTDVQT (để chủ trì t/c t/h); | G43: Người lập
A44: - Ban NS (để p/h, g/s);
A45: - P.TH, P.KT (để t/n, t/h);
A46: - Lưu P.TH, TTDVQT.

Sheet 5.1 Cộng tác viên
A2: BẢNG THÔNG SỐ TÍNH LƯƠNG VỊ TRÍ
A4: STT | B4: Phòng/Ban | C4: Chức danh | D4: Mã nhân viên | E4: Họ và tên | F4: Tầng NS | G4: Thù lao thực nhận | H4: Thuế TNCN khấu trừ | I4: Thù lao thực nhận
A7: =SUBTOTAL(3,$C$7:C7) -> 1 | B7: Marketing | C7: CTV Content | D7: CTV002 | E7: Nông Thị Thu Hiền | G7: =I7/90% -> 3333333.3 | H7: =G7*10% -> 333333.33 | I7: 3000000
A8: =SUBTOTAL(3,$C$7:C8) -> 2 | B8: Marketing | C8: CTV Content | D8: CTV003 | E8: Phan Thị Minh Thu | G8: 13333333 | H8: =G8*10% -> 1333333.3 | I8: 12000000
A9: Tổng | G9: =SUM(G7) -> 3333333.3 | H9: =SUM(H7) -> 333333.33 | I9: =SUM(I7) -> 3000000
P10: =+#REF!/Q10 -> #REF! | Q10: 2500000000
G12: Hà Nội, ngày tháng năm 2024
G13: Người lập
E14: =G8*90% -> 12000000
G18: Nguyễn Thị Mai Hằng

Sheet 6.Bảng lương  
C1: TÊN ĐƠN VỊ: CÔNG TY CỔ PHẦN MS14 ĐỊA CHỈ: Clubhouse 3 đường Phong Lan 1, khu đô thị Vinhomes Riverside, phường Phúc Lợi, thành phố Hà Nội MST: 0111258406 | L1: BẢNG TÍNH THU NHẬP THÁNG 07/2026
A4: Ngày công tiêu chuẩn của CBNV | G4: ='3. BẢNG CHẤM CÔNG'!$AU$11 -> 23
A5: TT | B5: Mã nhân viên | C5: Họ và tên | D5: Phòng/Ban | E5: Chức danh/ Chức vụ | F5: Tình trạng | G5: Thu nhập đóng BHXH/ lương lễ tết phép (tổng thu nhập tháng trước thuế) | M5: (B) Thưởng YTCLCV (HQCV) | P5: (C) Thưởng hiệu quả kinh doanh | T5: (D) Các khoản mang tính chất lương khác | W5: (E) Các khoản hỗ trợ | AE5: Tổng thu nhập trước thuế | AF5: Tổng thu nhập chịu thuế | AG5: (VII) BHXH VÀ CÔNG ĐOÀN | AO5: Các khoản giảm trừ (bản thân và người phụ thuộc) | AS5: Tổng thu nhập tính thuế (I) | AT5: Thuế TNCN | AU5: Các khoản tạm ứng khác | AV5: Tổng thu nhập thực lĩnh | AW5: Tỷ trọng quỹ lương
G6: Ngày công | J6: Lương cơ bản/đóng BHXH/Lễ tết phép | K6: Lương cơ bản theo ngày công | L6: Tổng (A) | M6: Định mức thưởng | N6: Nghiệm thu YTCLCV (HQCV) | O6: TỔNG (B) | T6: Thưởng lương tháng 13 | U6: Phúc lợi | V6: Tổng ( D) | W6: Các khoản hỗ trợ miễn thuế TNCN | AA6: Các khoản hỗ trợ đóng thuế TNCN | AD6: Tổng (E) | AG6: Công ty đóng | AK6: Người lao động đóng
G7: Ngày công đi làm, nghỉ phép năm | H7: Ngày công lễ, Tết | I7: Ngày công làm online | P7: Doanh thu | Q7: Hck | R7: Thưởng doanh thu | S7: Tổng (C) | W7: Ăn trưa | X7: Trang phục | Y7: Điện thoại | Z7: Tổng ( E.1 ) | AA7: Gửi xe | AB7: Hỗ trợ kiêm nhiệm vị trí | AC7: Tổng (E.2) | AG7: BHXH (17,5%) | AH7: BHYT (3%) | AI7: BHTN (1%) | AJ7: Tổng (G) | AK7: BHXH (8%) | AL7: BHYT (1,5%) | AM7: BHTN (1%) | AN7: Tổng ( H ) | AO7: Bản thân | AP7: Người phụ thuộc | AR7: Tổng giảm trừ
AG8: 0.175 | AH8: 0.03 | AI8: 0.01 | AK8: 0.08 | AL8: 0.015 | AM8: 0.01 | AP8: Số người | AQ8: Số giảm
G9: 6 | H9: =G9+1 -> 7 | I9: =H9+1 -> 8 | J9: =I9+1 -> 9 | K9: =J9+1 -> 10 | L9: =K9+1 -> 11 | M9: =L9+1 -> 12 | N9: =M9+1 -> 13 | O9: =N9+1 -> 14 | ... AA9: =Z9+1 -> 26 | AC9: =AA9+1 -> 27 | AD9: =AC9+1 -> 28 | AE9: =AD9+1 -> 29 | AF9: =AE9+1 -> 30 | AG9: =AF9+1 -> 31 | AH9: =AG9+1 -> 32 | AI9: =AH9+1 -> 33 | AJ9: =AI9+1 -> 34 | AK9: =AJ9+1 -> 35 | ... AW9: =AV9+1 -> 47
AO10: 15500000 | AQ10: 6200000
B11: Ban Giám hiệu | J11: =SUBTOTAL(9,J12:J13) -> 0 | K11: =SUBTOTAL(9,K12:K13) -> 0 | L11: =SUBTOTAL(9,L12:L13) -> 0 | M11: =SUBTOTAL(9,M12:M13) -> 18815556 | N11: =SUBTOTAL(9,N12:N13) -> 2 | O11: =SUBTOTAL(9,O12:O13) -> 18815556 | P11: =SUBTOTAL(9,P12:P13) -> 0 | Q11: =SUBTOTAL(9,Q12:Q13) -> 0 | ... AT11: =SUBTOTAL(9,AT12:AT13) -> 2555555.6 | AV11: =SUM(AV12:AV14) -> 37467600
A12: =SUBTOTAL(3,$C$11:C12) -> 1 | B12: MS02 | C12: Bùi Thanh Anh | D12: BGH | E12: Hiệu trưởng | F12: =IFERROR(VLOOKUP($B12,'3. BẢNG CHẤM CÔNG'!$B$11:$AV$25,6,0),0) -> Chính Thức | G12: =IFERROR(VLOOKUP($B12, '3. BẢNG CHẤM CÔNG'!$B$10:$AV29,43,0),0) -> 23 | H12: =IFERROR(VLOOKUP($B12, '3. BẢNG CHẤM CÔNG'!$B$10:$AV29,44,0),0) -> 0 | J12: =IFERROR(VLOOKUP($B12,' 5. Thông số TL'!$D$12:$S$34,4,0),0) -> 0 | K12: =IFERROR(IF($F12="Chính Thức",$J12/$G$4*($G12+$H12),IF($F12="Thử Việc",$J12/$G$4*($G12+$H12)*85%,"")),0) -> 0 | L12: =SUM(K12) -> 0 | M12: =IFERROR(VLOOKUP($B12,' 5. Thông số TL'!$D$12:$S$34,5,0),0) -> 13046667 | N12: 1 | O12: =IFERROR(IF($F12="Chính Thức",$M12/$G$4*($G12+$H12)*N12,IF($F12="Thử Việc",$M12/$G$4*N12*($G12+$H12)*85%)),0) -> 13046667 | V12: =SUM(T12:U12) -> 0 | W12: =IFERROR(IF($F12="Chính Thức",VLOOKUP($B12,' 5. Thông số TL'!$D$12:$S$34,6,0)/$G$4*($G12+$H12),IF($F12="Thử Việc",VLOOKUP($B12,' 5. Thông số TL'!$D$12:$S$34,6,0)/$G$4*($G12+$H12)*85%,"")),0) -> 720000 | X12: =IFERROR(IF($F12="Chính Thức",VLOOKUP($B12,' 5. Thông số TL'!$D$12:$S$34,7,0)/$G$4*($G12+$H12),IF($F12="Thử Việc",VLOOKUP($B12,' 5. Thông số TL'!$D$12:$S$34,7,0)/$G$4*($G12+$H12)*85%,"")),0) -> 400000 | Y12: =IFERROR(IF($F12="Chính Thức",VLOOKUP($B12,' 5. Thông số TL'!$D$12:$S$34,8,0)/$G$4*($G12+$H12),IF($F12="Thử Việc",VLOOKUP($B12,' 5. Thông số TL'!$D$12:$S$34,8,0)/$G$4*($G12+$H12)*85%,"")),0) -> 2500000 | Z12: =SUM(W12:Y12) -> 3620000 | AA12: =IFERROR(IF($F12="Chính Thức",VLOOKUP($B12,' 5. Thông số TL'!$D$12:$S$34,10,0)/$G$4*($G12+$H12),IF($F12="Thử Việc",VLOOKUP($B12,' 5. Thông số TL'!$D$12:$S$34,10,0)/$G$4*($G12+$H12)*85%,"")),0) -> 0 | AC12: =SUM(AA12:AB12) -> 0 | AD12: =Z12+AC12 -> 3620000 | AE12: =L12+O12+S12+V12+AD12 -> 16666667 | AF12: =IF(F12="Chính Thức",AE12,IF(F12="Thử Việc",AE12-W12-X12,IF(F12="CTV",AE12,0))) -> 16666667 | AG12: =IFERROR(IF(AND($F12="Chính Thức",($G12+$H12)>=11),$J12*AG$8,IF(AND($F12="Chính Thức",($G12+$H12)<11,0),IF($F12="Thử Việc",0),"")),0) -> 0 | AH12: =IFERROR(IF(AND($F12="Chính Thức",($G12+$H12)>=11),$J12*AH$8,IF(AND($F12="Chính Thức",($G12+$H12)<11,0),IF($F12="Thử Việc",0),"")),0) -> 0 | AI12: =IFERROR(IF(AND($F12="Chính Thức",($G12+$H12)>=11),$J12*AI$8,IF(AND($F12="Chính Thức",($G12+$H12)<11,0),IF($F12="Thử Việc",0),"")),0) -> 0 | AJ12: =ROUND(SUM(AG12:AI12),0) -> 0 | AK12: =IFERROR(IF(AND($F12="Chính Thức",($G12+$H12)>=11),$J12*AK$8,IF(AND($F12="Chính Thức",($G12+$H12)<11,0),IF($F12="Thử Việc",0),"")),0) -> 0 | AL12: =IFERROR(IF(AND($F12="Chính Thức",($G12+$H12)>=11),$J12*AL$8,IF(AND($F12="Chính Thức",($G12+$H12)<11,0),IF($F12="Thử Việc",0),"")),0) -> 0 | AM12: =IFERROR(IF(AND($F12="Chính Thức",($G12+$H12)>=11),$J12*AM$8,IF(AND($F12="Chính Thức",($G12+$H12)<11,0),IF($F12="Thử Việc",0),"")),0) -> 0 | AN12: =ROUND(SUM(AK12:AM12),-1) -> 0 | AO12: 0 | AQ12: =AP12*$AQ$10 -> 0 | AR12: =+AO12+AQ12 -> 0 | AS12: =MAX(AF12,0) -> 16666667 | AT12: =AS12*10% -> 1666666.7 | AV12: =ROUND(AE12-AN12-AT12+AU12,-2) -> 15000000
A13: =SUBTOTAL(3,$C$11:C13) -> 2 | B13: MS09 | C13: Nguyễn Thị Thu | D13: BGH | E13: Quản lý chương trình TA | F13: =IFERROR(VLOOKUP($B13,'3. BẢNG CHẤM CÔNG'!$B$11:$AV$25,6,0),0) -> Chính Thức | G13: =IFERROR(VLOOKUP($B13, '3. BẢNG CHẤM CÔNG'!$B$10:$AV30,43,0),0) -> 23 | H13: =IFERROR(VLOOKUP($B13, '3. BẢNG CHẤM CÔNG'!$B$10:$AV30,44,0),0) -> 0 | J13: =IFERROR(VLOOKUP($B13,' 5. Thông số TL'!$D$12:$S$34,4,0),0) -> 0 | K13: =IFERROR(IF($F13="Chính Thức",$J13/$G$4*($G13+$H13),IF($F13="Thử Việc",$J13/$G$4*($G13+$H13)*85%,"")),0) -> 0 | L13: =SUM(K13) -> 0 | M13: =IFERROR(VLOOKUP($B13,' 5. Thông số TL'!$D$12:$S$34,5,0),0) -> 5768889 | N13: 1 | O13: =IFERROR(IF($F13="Chính Thức",$M13/$G$4*($G13+$H13)*N13,IF($F13="Thử Việc",$M13/$G$4*N13*($G13+$H13)*85%)),0) -> 5768889 | V13: =SUM(T13:U13) -> 0 | W13: =IFERROR(IF($F13="Chính Thức",VLOOKUP($B13,' 5. Thông số TL'!$D$12:$S$34,6,0)/$G$4*($G13+$H13),IF($F13="Thử Việc",VLOOKUP($B13,' 5. Thông số TL'!$D$12:$S$34,6,0)/$G$4*($G13+$H13)*85%,"")),0) -> 720000 | X13: =IFERROR(IF($F13="Chính Thức",VLOOKUP($B13,' 5. Thông số TL'!$D$12:$S$34,7,0)/$G$4*($G13+$H13),IF($F13="Thử Việc",VLOOKUP($B13,' 5. Thông số TL'!$D$12:$S$34,7,0)/$G$4*($G13+$H13)*85%,"")),0) -> 400000 | Y13: =IFERROR(IF($F13="Chính Thức",VLOOKUP($B13,' 5. Thông số TL'!$D$12:$S$34,8,0)/$G$4*($G13+$H13),IF($F13="Thử Việc",VLOOKUP($B13,' 5. Thông số TL'!$D$12:$S$34,8,0)/$G$4*($G13+$H13)*85%,"")),0) -> 2000000 | Z13: =SUM(W13:Y13) -> 3120000 | AA13: =IFERROR(IF($F13="Chính Thức",VLOOKUP($B13,' 5. Thông số TL'!$D$12:$S$34,10,0)/$G$4*($G13+$H13),IF($F13="Thử Việc",VLOOKUP($B13,' 5. Thông số TL'!$D$12:$S$34,10,0)/$G$4*($G13+$H13)*85%,"")),0) -> 0 | AC13: =SUM(AA13:AB13) -> 0 | AD13: =Z13+AC13 -> 3120000 | AE13: =L13+O13+S13+V13+AD13 -> 8888889 | AF13: =IF(F13="Chính Thức",AE13,IF(F13="Thử Việc",AE13-W13-X13,IF(F13="CTV",AE13,0))) -> 8888889 | AG13: =IFERROR(IF(AND($F13="Chính Thức",($G13+$H13)>=11),$J13*AG$8,IF(AND($F13="Chính Thức",($G13+$H13)<11,0),IF($F13="Thử Việc",0),"")),0) -> 0 | AH13: =IFERROR(IF(AND($F13="Chính Thức",($G13+$H13)>=11),$J13*AH$8,IF(AND($F13="Chính Thức",($G13+$H13)<11,0),IF($F13="Thử Việc",0),"")),0) -> 0 | AI13: =IFERROR(IF(AND($F13="Chính Thức",($G13+$H13)>=11),$J13*AI$8,IF(AND($F13="Chính Thức",($G13+$H13)<11,0),IF($F13="Thử Việc",0),"")),0) -> 0 | AJ13: =ROUND(SUM(AG13:AI13),0) -> 0 | AK13: =IFERROR(IF(AND($F13="Chính Thức",($G13+$H13)>=11),$J13*AK$8,IF(AND($F13="Chính Thức",($G13+$H13)<11,0),IF($F13="Thử Việc",0),"")),0) -> 0 | AL13: =IFERROR(IF(AND($F13="Chính Thức",($G13+$H13)>=11),$J13*AL$8,IF(AND($F13="Chính Thức",($G13+$H13)<11,0),IF($F13="Thử Việc",0),"")),0) -> 0 | AM13: =IFERROR(IF(AND($F13="Chính Thức",($G13+$H13)>=11),$J13*AM$8,IF(AND($F13="Chính Thức",($G13+$H13)<11,0),IF($F13="Thử Việc",0),"")),0) -> 0 | AN13: =ROUND(SUM(AK13:AM13),-1) -> 0 | AO13: 0 | AQ13: =AP13*$AQ$10 -> 0 | AR13: =+AO13+AQ13 -> 0 | AS13: =MAX(AF13,0) -> 8888889 | AT13: =AS13*10% -> 888888.9 | AV13: =ROUND(AE13-AN13-AT13+AU13,-2) -> 8000000
A14: 3 | B14: MS24 | C14: Trương Hoàng Diễm | D14: BGH | E14: Hiệu phó cơ sở | F14: =IFERROR(VLOOKUP($B14,'3. BẢNG CHẤM CÔNG'!$B$11:$AV$25,6,0),0) -> Thử Việc | G14: =IFERROR(VLOOKUP($B14, '3. BẢNG CHẤM CÔNG'!$B$10:$AV30,43,0),0) -> 23 | H14: =IFERROR(VLOOKUP($B14, '3. BẢNG CHẤM CÔNG'!$B$10:$AV29,44,0),0) -> 0 | J14: =IFERROR(VLOOKUP($B14,' 5. Thông số TL'!$D$12:$S$34,4,0),0) -> 7500000 | K14: =IFERROR(IF($F14="Chính Thức",$J14/$G$4*($G14+$H14),IF($F14="Thử Việc",$J14/$G$4*($G14+$H14)*85%,"")),0) -> 6375000 | L14: =SUM(K14) -> 6375000 | M14: =IFERROR(VLOOKUP($B14,' 5. Thông số TL'!$D$12:$S$34,5,0),0) -> 7667500 | N14: 1 | O14: =IFERROR(IF($F14="Chính Thức",$M14/$G$4*($G14+$H14)*N14,IF($F14="Thử Việc",$M14/$G$4*N14*($G14+$H14)*85%)),0) -> 6517375 | V14: =SUM(T14:U14) -> 0 | W14: =IFERROR(IF($F14="Chính Thức",VLOOKUP($B14,' 5. Thông số TL'!$D$12:$S$34,6,0)/$G$4*($G14+$H14),IF($F14="Thử Việc",VLOOKUP($B14,' 5. Thông số TL'!$D$12:$S$34,6,0)/$G$4*($G14+$H14)*85%,"")),0) -> 612000 | X14: =IFERROR(IF($F14="Chính Thức",VLOOKUP($B14,' 5. Thông số TL'!$D$12:$S$34,7,0)/$G$4*($G14+$H14),IF($F14="Thử Việc",VLOOKUP($B14,' 5. Thông số TL'!$D$12:$S$34,7,0)/$G$4*($G14+$H14)*85%,"")),0) -> 340000 | Y14: =IFERROR(IF($F14="Chính Thức",VLOOKUP($B14,' 5. Thông số TL'!$D$12:$S$34,8,0)/$G$4*($G14+$H14),IF($F14="Thử Việc",VLOOKUP($B14,' 5. Thông số TL'!$D$12:$S$34,8,0)/$G$4*($G14+$H14)*85%,"")),0) -> 2125000 | Z14: =SUM(W14:Y14) -> 3077000 | AA14: =IFERROR(IF($F14="Chính Thức",VLOOKUP($B14,' 5. Thông số TL'!$D$12:$S$34,10,0)/$G$4*($G14+$H14),IF($F14="Thử Việc",VLOOKUP($B14,' 5. Thông số TL'!$D$12:$S$34,10,0)/$G$4*($G14+$H14)*85%,"")),0) -> 0 | AC14: =SUM(AA14:AB14) -> 0 | AD14: =Z14+AC14 -> 3077000 | AE14: =L14+O14+S14+V14+AD14 -> 15969375 | AF14: =IF(F14="Chính Thức",AE14-Z14,IF(F14="Thử Việc",AE14-W14-X14,IF(F14="CTV",AE14,0))) -> 15017375 | AG14: =IFERROR(IF(AND($F14="Chính Thức",($G14+$H14)>=11),$J14*AG$8,IF(AND($F14="Chính Thức",($G14+$H14)<11,0),IF($F14="Thử Việc",0),"")),0) | AH14: =IFERROR(IF(AND($F14="Chính Thức",($G14+$H14)>=11),$J14*AH$8,IF(AND($F14="Chính Thức",($G14+$H14)<11,0),IF($F14="Thử Việc",0),"")),0) | AI14: =IFERROR(IF(AND($F14="Chính Thức",($G14+$H14)>=11),$J14*AI$8,IF(AND($F14="Chính Thức",($G14+$H14)<11,0),IF($F14="Thử Việc",0),"")),0) | AJ14: =ROUND(SUM(AG14:AI14),0) -> 0 | AK14: =IFERROR(IF(AND($F14="Chính Thức",($G14+$H14)>=11),$J14*AK$8,IF(AND($F14="Chính Thức",($G14+$H14)<11,0),IF($F14="Thử Việc",0),"")),0) | AL14: =IFERROR(IF(AND($F14="Chính Thức",($G14+$H14)>=11),$J14*AL$8,IF(AND($F14="Chính Thức",($G14+$H14)<11,0),IF($F14="Thử Việc",0),"")),0) | AM14: =IFERROR(IF(AND($F14="Chính Thức",($G14+$H14)>=11),$J14*AM$8,IF(AND($F14="Chính Thức",($G14+$H14)<11,0),IF($F14="Thử Việc",0),"")),0) | AN14: =ROUND(SUM(AK14:AM14),-1) -> 0 | AO14: =IF(F14="Chính Thức",$AO$10,0) -> 0 | AQ14: =AP14*$AQ$10 -> 0 | AR14: =+AO14+AQ14 -> 0 | AS14: =MAX(AF14-AR14-AN14,0) -> 15017375 | AT14: =IF(F14="Chính Thức",IF(AS14<=0,,IF(AND(AS14>0,AS14<=5000000),5%*AS14,IF(AND(AS14>5000000,AS14<=10000000),10%*AS14-250000,IF(AND(AS14>10000000,AS14<=18000000),15%*AS14-750000,IF(AND(AS14>18000000,AS14<=32000000),20%*AS14-1650000,IF(AND(AS14>32000000,AS14<=52000000),25%*AS14-3250000,IF(AND(AS14>52000000,AS14<=80000000),30%*AS14-5850000,IF(AS14>80000000,35%*AS14-9850000)))))))),IF(AND(F14="Thử Việc",AS14>=2000000),AS14*10%,IF(F14="CTV",AS14*10%))) -> 1501737.5 | AV14: =ROUND(AE14-AN14-AT14+AU14,-2) -> 14467600
B15: Vận hành | J15: =SUBTOTAL(9,J16:J19) -> 23600000 | K15: =SUBTOTAL(9,K16:K19) -> 22132609 | L15: =SUBTOTAL(9,L16:L19) -> 22132609 | M15: =SUBTOTAL(9,M16:M19) -> 12810500 | N15: =SUBTOTAL(9,N16:N19) -> 4 | O15: =SUBTOTAL(9,O16:O19) -> 11855717 | P15: =SUBTOTAL(9,P16:P19) -> 0 | Q15: =SUBTOTAL(9,Q16:Q19) -> 0 | ... AU15: =SUBTOTAL(9,AU16:AU19) -> 0 | AV15: =SUM(AV16:AV20) -> 48082100
A16: =SUBTOTAL(3,$C$11:C16) -> 4 | B16: MS04 | C16: Nguyễn Thị Thu Hảo | D16: Vận hành | E16: Trưởng phòng vận hành | F16: =IFERROR(VLOOKUP($B16,'3. BẢNG CHẤM CÔNG'!$B$11:$AV$25,6,0),0) -> Chính Thức | G16: =IFERROR(VLOOKUP($B16, '3. BẢNG CHẤM CÔNG'!$B$10:$AV32,43,0),0)+9/2 -> 18.5 | H16: =IFERROR(VLOOKUP($B16, '3. BẢNG CHẤM CÔNG'!$B$10:$AV31,44,0),0) -> 0 | J16: =IFERROR(VLOOKUP($B16,' 5. Thông số TL'!$D$12:$S$34,4,0),0) -> 7500000 | K16: =IFERROR(IF($F16="Chính Thức",$J16/$G$4*($G16+$H16),IF($F16="Thử Việc",$J16/$G$4*($G16+$H16)*85%,"")),0) -> 6032608.7 | L16: =SUM(K16) -> 6032608.7 | M16: =IFERROR(VLOOKUP($B16,' 5. Thông số TL'!$D$12:$S$34,5,0),0) -> 4880000 | N16: 1 | O16: =IFERROR(IF($F16="Chính Thức",$M16/$G$4*($G16+$H16)*N16,IF($F16="Thử Việc",$M16/$G$4*N16*($G16+$H16)*85%)),0) -> 3925217.4 | V16: =SUM(T16:U16) -> 0 | W16: =IFERROR(IF($F16="Chính Thức",VLOOKUP($B16,' 5. Thông số TL'!$D$12:$S$34,6,0)/$G$4*($G16+$H16),IF($F16="Thử Việc",VLOOKUP($B16,' 5. Thông số TL'!$D$12:$S$34,6,0)/$G$4*($G16+$H16)*85%,"")),0) -> 579130.43 | X16: =IFERROR(IF($F16="Chính Thức",VLOOKUP($B16,' 5. Thông số TL'!$D$12:$S$34,7,0)/$G$4*($G16+$H16),IF($F16="Thử Việc",VLOOKUP($B16,' 5. Thông số TL'!$D$12:$S$34,7,0)/$G$4*($G16+$H16)*85%,"")),0) -> 321739.13 | Y16: =IFERROR(IF($F16="Chính Thức",VLOOKUP($B16,' 5. Thông số TL'!$D$12:$S$34,8,0)/$G$4*($G16+$H16),IF($F16="Thử Việc",VLOOKUP($B16,' 5. Thông số TL'!$D$12:$S$34,8,0)/$G$4*($G16+$H16)*85%,"")),0) -> 2010869.6 | Z16: =SUM(W16:Y16) -> 2911739.1 | AA16: =IFERROR(IF($F16="Chính Thức",VLOOKUP($B16,' 5. Thông số TL'!$D$12:$S$34,10,0)/$G$4*($G16+$H16),IF($F16="Thử Việc",VLOOKUP($B16,' 5. Thông số TL'!$D$12:$S$34,10,0)/$G$4*($G16+$H16)*85%,"")),0) -> 0 | AC16: =SUM(AA16:AB16) -> 0 | AD16: =Z16+AC16 -> 2911739.1 | AE16: =L16+O16+S16+V16+AD16 -> 12869565 | AF16: =IF(F16="Chính Thức",AE16-Z16,IF(F16="Thử Việc",AE16-W16-X16,IF(F16="CTV",AE16,0))) -> 9957826.1 | AG16: =IFERROR(IF(AND($F16="Chính Thức",($G16+$H16)>=11),$J16*AG$8,IF(AND($F16="Chính Thức",($G16+$H16)<11,0),IF($F16="Thử Việc",0),"")),0) -> 1312500 | AH16: =IFERROR(IF(AND($F16="Chính Thức",($G16+$H16)>=11),$J16*AH$8,IF(AND($F16="Chính Thức",($G16+$H16)<11,0),IF($F16="Thử Việc",0),"")),0) -> 225000 | AI16: =IFERROR(IF(AND($F16="Chính Thức",($G16+$H16)>=11),$J16*AI$8,IF(AND($F16="Chính Thức",($G16+$H16)<11,0),IF($F16="Thử Việc",0),"")),0) -> 75000 | AJ16: =ROUND(SUM(AG16:AI16),0) -> 1612500 | AK16: =IFERROR(IF(AND($F16="Chính Thức",($G16+$H16)>=11),$J16*AK$8,IF(AND($F16="Chính Thức",($G16+$H16)<11,0),IF($F16="Thử Việc",0),"")),0) -> 600000 | AL16: =IFERROR(IF(AND($F16="Chính Thức",($G16+$H16)>=11),$J16*AL$8,IF(AND($F16="Chính Thức",($G16+$H16)<11,0),IF($F16="Thử Việc",0),"")),0) -> 112500 | AM16: =IFERROR(IF(AND($F16="Chính Thức",($G16+$H16)>=11),$J16*AM$8,IF(AND($F16="Chính Thức",($G16+$H16)<11,0),IF($F16="Thử Việc",0),"")),0) -> 75000 | AN16: =ROUND(SUM(AK16:AM16),-1) -> 787500 | AO16: =IF(F16="Chính Thức",$AO$10,0) -> 15500000 | AQ16: =AP16*$AQ$10 -> 0 | AR16: =+AO16+AQ16 -> 15500000 | AS16: =MAX(AF16-AR16-AN16,0) -> 0 | AT16: =IF(F16="Chính Thức",IF(AS16<=0,,IF(AND(AS16>0,AS16<=5000000),5%*AS16,IF(AND(AS16>5000000,AS16<=10000000),10%*AS16-250000,IF(AND(AS16>10000000,AS16<=18000000),15%*AS16-750000,IF(AND(AS16>18000000,AS16<=32000000),20%*AS16-1650000,IF(AND(AS16>32000000,AS16<=52000000),25%*AS16-3250000,IF(AND(AS16>52000000,AS16<=80000000),30%*AS16-5850000,IF(AS16>80000000,35%*AS16-9850000)))))))),IF(AND(F16="Thử Việc",AS16>=2000000),AS16*10%,IF(F16="CTV",AS16*10%))) -> 0 | AV16: =ROUND(AE16-AN16-AT16+AU16,-2) -> 12082100
A17: =SUBTOTAL(3,$C$11:C17) -> 5 | B17: MS12 | C17: =VLOOKUP(B17,' 5. Thông số TL'!$D$12:$E$25,2,0) -> Đinh Thị Bích Ngọc | D17: Vận hành | E17: HK | F17: =IFERROR(VLOOKUP($B17,'3. BẢNG CHẤM CÔNG'!$B$11:$AV$25,6,0),0) -> Chính Thức | G17: =IFERROR(VLOOKUP($B17, '3. BẢNG CHẤM CÔNG'!$B$10:$AV32,43,0),0) -> 23 | H17: =IFERROR(VLOOKUP($B17, '3. BẢNG CHẤM CÔNG'!$B$10:$AV32,44,0),0) -> 0 | J17: =IFERROR(VLOOKUP($B17,' 5. Thông số TL'!$D$12:$S$34,4,0),0) -> 5300000 | K17: =IFERROR(IF($F17="Chính Thức",$J17/$G$4*($G17+$H17),IF($F17="Thử Việc",$J17/$G$4*($G17+$H17)*85%,"")),0) -> 5300000 | L17: =SUM(K17) -> 5300000 | M17: =IFERROR(VLOOKUP($B17,' 5. Thông số TL'!$D$12:$S$34,5,0),0) -> 736500 | N17: 1 | O17: =IFERROR(IF($F17="Chính Thức",$M17/$G$4*($G17+$H17)*N17,IF($F17="Thử Việc",$M17/$G$4*N17*($G17+$H17)*85%)),0) -> 736500 | V17: =SUM(T17:U17) -> 0 | W17: =IFERROR(IF($F17="Chính Thức",VLOOKUP($B17,' 5. Thông số TL'!$D$12:$S$34,6,0)/$G$4*($G17+$H17),IF($F17="Thử Việc",VLOOKUP($B17,' 5. Thông số TL'!$D$12:$S$34,6,0)/$G$4*($G17+$H17)*85%,"")),0) -> 720000 | X17: =IFERROR(IF($F17="Chính Thức",VLOOKUP($B17,' 5. Thông số TL'!$D$12:$S$34,7,0)/$G$4*($G17+$H17),IF($F17="Thử Việc",VLOOKUP($B17,' 5. Thông số TL'!$D$12:$S$34,7,0)/$G$4*($G17+$H17)*85%,"")),0) -> 400000 | Y17: =IFERROR(IF($F17="Chính Thức",VLOOKUP($B17,' 5. Thông số TL'!$D$12:$S$34,8,0)/$G$4*($G17+$H17),IF($F17="Thử Việc",VLOOKUP($B17,' 5. Thông số TL'!$D$12:$S$34,8,0)/$G$4*($G17+$H17)*85%,"")),0) -> 400000 | Z17: =SUM(W17:Y17) -> 1520000 | AA17: =IFERROR(IF($F17="Chính Thức",VLOOKUP($B17,' 5. Thông số TL'!$D$12:$S$34,10,0)/$G$4*($G17+$H17),IF($F17="Thử Việc",VLOOKUP($B17,' 5. Thông số TL'!$D$12:$S$34,10,0)/$G$4*($G17+$H17)*85%,"")),0) -> 0 | AC17: =SUM(AA17:AB17) -> 0 | AD17: =Z17+AC17 -> 1520000 | AE17: =L17+O17+S17+V17+AD17 -> 7556500 | AF17: =IF(F17="Chính Thức",AE17-Z17,IF(F17="Thử Việc",AE17-W17-X17,IF(F17="CTV",AE17,0))) -> 6036500 | AG17: =IFERROR(IF(AND($F17="Chính Thức",($G17+$H17)>=11),$J17*AG$8,IF(AND($F17="Chính Thức",($G17+$H17)<11,0),IF($F17="Thử Việc",0),"")),0) -> 927500 | AH17: =IFERROR(IF(AND($F17="Chính Thức",($G17+$H17)>=11),$J17*AH$8,IF(AND($F17="Chính Thức",($G17+$H17)<11,0),IF($F17="Thử Việc",0),"")),0) -> 159000 | AI17: =IFERROR(IF(AND($F17="Chính Thức",($G17+$H17)>=11),$J17*AI$8,IF(AND($F17="Chính Thức",($G17+$H17)<11,0),IF($F17="Thử Việc",0),"")),0) -> 53000 | AJ17: =ROUND(SUM(AG17:AI17),0) -> 1139500 | AK17: =IFERROR(IF(AND($F17="Chính Thức",($G17+$H17)>=11),$J17*AK$8,IF(AND($F17="Chính Thức",($G17+$H17)<11,0),IF($F17="Thử Việc",0),"")),0) -> 424000 | AL17: =IFERROR(IF(AND($F17="Chính Thức",($G17+$H17)>=11),$J17*AL$8,IF(AND($F17="Chính Thức",($G17+$H17)<11,0),IF($F17="Thử Việc",0),"")),0) -> 79500 | AM17: =IFERROR(IF(AND($F17="Chính Thức",($G17+$H17)>=11),$J17*AM$8,IF(AND($F17="Chính Thức",($G17+$H17)<11,0),IF($F17="Thử Việc",0),"")),0) -> 53000 | AN17: =ROUND(SUM(AK17:AM17),-1) -> 556500 | AO17: =IF(F17="Chính Thức",$AO$10,0) -> 15500000 | AQ17: =AP17*$AQ$10 -> 0 | AR17: =+AO17+AQ17 -> 15500000 | AS17: =MAX(AF17-AR17-AN17,0) -> 0 | AT17: =IF(F17="Chính Thức",IF(AS17<=0,,IF(AND(AS17>0,AS17<=5000000),5%*AS17,IF(AND(AS17>5000000,AS17<=10000000),10%*AS17-250000,IF(AND(AS17>10000000,AS17<=18000000),15%*AS17-750000,IF(AND(AS17>18000000,AS17<=32000000),20%*AS17-1650000,IF(AND(AS17>32000000,AS17<=52000000),25%*AS17-3250000,IF(AND(AS17>52000000,AS17<=80000000),30%*AS17-5850000,IF(AS17>80000000,35%*AS17-9850000)))))))),IF(AND(F17="Thử Việc",AS17>=2000000),AS17*10%,IF(F17="CTV",AS17*10%))) -> 0 | AV17: =ROUND(AE17-AN17-AT17+AU17,-2) -> 7000000
A18: =SUBTOTAL(3,$C$11:C18) -> 6 | B18: MS13 | C18: =VLOOKUP(B18,' 5. Thông số TL'!$D$12:$E$25,2,0) -> Lương Văn Châm | D18: Vận hành | E18: Bảo vệ | F18: =IFERROR(VLOOKUP($B18,'3. BẢNG CHẤM CÔNG'!$B$11:$AV$25,6,0),0) -> Chính Thức | G18: =IFERROR(VLOOKUP($B18, '3. BẢNG CHẤM CÔNG'!$B$10:$AV33,43,0),0) -> 23 | H18: =IFERROR(VLOOKUP($B18, '3. BẢNG CHẤM CÔNG'!$B$10:$AV33,44,0),0) -> 0 | J18: =IFERROR(VLOOKUP($B18,' 5. Thông số TL'!$D$12:$S$34,4,0),0) -> 5300000 | K18: =IFERROR(IF($F18="Chính Thức",$J18/$G$4*($G18+$H18),IF($F18="Thử Việc",$J18/$G$4*($G18+$H18)*85%,"")),0) -> 5300000 | L18: =SUM(K18) -> 5300000 | M18: =IFERROR(VLOOKUP($B18,' 5. Thông số TL'!$D$12:$S$34,5,0),0) -> 3736500 | N18: 1 | O18: =IFERROR(IF($F18="Chính Thức",$M18/$G$4*($G18+$H18)*N18,IF($F18="Thử Việc",$M18/$G$4*N18*($G18+$H18)*85%)),0) -> 3736500 | V18: =SUM(T18:U18) -> 0 | W18: =IFERROR(IF($F18="Chính Thức",VLOOKUP($B18,' 5. Thông số TL'!$D$12:$S$34,6,0)/$G$4*($G18+$H18),IF($F18="Thử Việc",VLOOKUP($B18,' 5. Thông số TL'!$D$12:$S$34,6,0)/$G$4*($G18+$H18)*85%,"")),0) -> 720000 | X18: =IFERROR(IF($F18="Chính Thức",VLOOKUP($B18,' 5. Thông số TL'!$D$12:$S$34,7,0)/$G$4*($G18+$H18),IF($F18="Thử Việc",VLOOKUP($B18,' 5. Thông số TL'!$D$12:$S$34,7,0)/$G$4*($G18+$H18)*85%,"")),0) -> 400000 | Y18: =IFERROR(IF($F18="Chính Thức",VLOOKUP($B18,' 5. Thông số TL'!$D$12:$S$34,8,0)/$G$4*($G18+$H18),IF($F18="Thử Việc",VLOOKUP($B18,' 5. Thông số TL'!$D$12:$S$34,8,0)/$G$4*($G18+$H18)*85%,"")),0) -> 400000 | Z18: =SUM(W18:Y18) -> 1520000 | AA18: =IFERROR(IF($F18="Chính Thức",VLOOKUP($B18,' 5. Thông số TL'!$D$12:$S$34,10,0)/$G$4*($G18+$H18),IF($F18="Thử Việc",VLOOKUP($B18,' 5. Thông số TL'!$D$12:$S$34,10,0)/$G$4*($G18+$H18)*85%,"")),0) -> 0 | AC18: =SUM(AA18:AB18) -> 0 | AD18: =Z18+AC18 -> 1520000 | AE18: =L18+O18+S18+V18+AD18 -> 10556500 | AF18: =IF(F18="Chính Thức",AE18-Z18,IF(F18="Thử Việc",AE18-W18-X18,IF(F18="CTV",AE18,0))) -> 9036500 | AG18: =IFERROR(IF(AND($F18="Chính Thức",($G18+$H18)>=11),$J18*AG$8,IF(AND($F18="Chính Thức",($G18+$H18)<11,0),IF($F18="Thử Việc",0),"")),0) -> 927500 | AH18: =IFERROR(IF(AND($F18="Chính Thức",($G18+$H18)>=11),$J18*AH$8,IF(AND($F18="Chính Thức",($G18+$H18)<11,0),IF($F18="Thử Việc",0),"")),0) -> 159000 | AI18: =IFERROR(IF(AND($F18="Chính Thức",($G18+$H18)>=11),$J18*AI$8,IF(AND($F18="Chính Thức",($G18+$H18)<11,0),IF($F18="Thử Việc",0),"")),0) -> 53000 | AJ18: =ROUND(SUM(AG18:AI18),0) -> 1139500 | AK18: =IFERROR(IF(AND($F18="Chính Thức",($G18+$H18)>=11),$J18*AK$8,IF(AND($F18="Chính Thức",($G18+$H18)<11,0),IF($F18="Thử Việc",0),"")),0) -> 424000 | AL18: =IFERROR(IF(AND($F18="Chính Thức",($G18+$H18)>=11),$J18*AL$8,IF(AND($F18="Chính Thức",($G18+$H18)<11,0),IF($F18="Thử Việc",0),"")),0) -> 79500 | AM18: =IFERROR(IF(AND($F18="Chính Thức",($G18+$H18)>=11),$J18*AM$8,IF(AND($F18="Chính Thức",($G18+$H18)<11,0),IF($F18="Thử Việc",0),"")),0) -> 53000 | AN18: =ROUND(SUM(AK18:AM18),-1) -> 556500 | AO18: =IF(F18="Chính Thức",$AO$10,0) -> 15500000 | AQ18: =AP18*$AQ$10 -> 0 | AR18: =+AO18+AQ18 -> 15500000 | AS18: =MAX(AF18-AR18-AN18,0) -> 0 | AT18: =IF(F18="Chính Thức",IF(AS18<=0,,IF(AND(AS18>0,AS18<=5000000),5%*AS18,IF(AND(AS18>5000000,AS18<=10000000),10%*AS18-250000,IF(AND(AS18>10000000,AS18<=18000000),15%*AS18-750000,IF(AND(AS18>18000000,AS18<=32000000),20%*AS18-1650000,IF(AND(AS18>32000000,AS18<=52000000),25%*AS18-3250000,IF(AND(AS18>52000000,AS18<=80000000),30%*AS18-5850000,IF(AS18>80000000,35%*AS18-9850000)))))))),IF(AND(F18="Thử Việc",AS18>=2000000),AS18*10%,IF(F18="CTV",AS18*10%))) -> 0 | AV18: =ROUND(AE18-AN18-AT18+AU18,-2) -> 10000000
A19: =SUBTOTAL(3,$C$11:C19) -> 7 | B19: MS14 | C19: =VLOOKUP(B19,' 5. Thông số TL'!$D$12:$E$25,2,0) -> Nguyễn Thị Phúc | D19: Vận hành | E19: Y tế | F19: =IFERROR(VLOOKUP($B19,'3. BẢNG CHẤM CÔNG'!$B$11:$AV$25,6,0),0) -> Chính Thức | G19: =IFERROR(VLOOKUP($B19, '3. BẢNG CHẤM CÔNG'!$B$10:$AV34,43,0),0) -> 23 | H19: =IFERROR(VLOOKUP($B19, '3. BẢNG CHẤM CÔNG'!$B$10:$AV34,44,0),0) -> 0 | J19: =IFERROR(VLOOKUP($B19,' 5. Thông số TL'!$D$12:$S$34,4,0),0) -> 5500000 | K19: =IFERROR(IF($F19="Chính Thức",$J19/$G$4*($G19+$H19),IF($F19="Thử Việc",$J19/$G$4*($G19+$H19)*85%,"")),0) -> 5500000 | L19: =SUM(K19) -> 5500000 | M19: =IFERROR(VLOOKUP($B19,' 5. Thông số TL'!$D$12:$S$34,5,0),0) -> 3457500 | N19: 1 | O19: =IFERROR(IF($F19="Chính Thức",$M19/$G$4*($G19+$H19)*N19,IF($F19="Thử Việc",$M19/$G$4*N19*($G19+$H19)*85%)),0) -> 3457500 | V19: =SUM(T19:U19) -> 0 | W19: =IFERROR(IF($F19="Chính Thức",VLOOKUP($B19,' 5. Thông số TL'!$D$12:$S$34,6,0)/$G$4*($G19+$H19),IF($F19="Thử Việc",VLOOKUP($B19,' 5. Thông số TL'!$D$12:$S$34,6,0)/$G$4*($G19+$H19)*85%,"")),0) -> 720000 | X19: =IFERROR(IF($F19="Chính Thức",VLOOKUP($B19,' 5. Thông số TL'!$D$12:$S$34,7,0)/$G$4*($G19+$H19),IF($F19="Thử Việc",VLOOKUP($B19,' 5. Thông số TL'!$D$12:$S$34,7,0)/$G$4*($G19+$H19)*85%,"")),0) -> 400000 | Y19: =IFERROR(IF($F19="Chính Thức",VLOOKUP($B19,' 5. Thông số TL'!$D$12:$S$34,8,0)/$G$4*($G19+$H19),IF($F19="Thử Việc",VLOOKUP($B19,' 5. Thông số TL'!$D$12:$S$34,8,0)/$G$4*($G19+$H19)*85%,"")),0) -> 500000 | Z19: =SUM(W19:Y19) -> 1620000 | AA19: =IFERROR(IF($F19="Chính Thức",VLOOKUP($B19,' 5. Thông số TL'!$D$12:$S$34,10,0)/$G$4*($G19+$H19),IF($F19="Thử Việc",VLOOKUP($B19,' 5. Thông số TL'!$D$12:$S$34,10,0)/$G$4*($G19+$H19)*85%,"")),0) -> 0 | AC19: =SUM(AA19:AB19) -> 0 | AD19: =Z19+AC19 -> 1620000 | AE19: =L19+O19+S19+V19+AD19 -> 10577500 | AF19: =IF(F19="Chính Thức",AE19-Z19,IF(F19="Thử Việc",AE19-W19-X19,IF(F19="CTV",AE19,0))) -> 8957500 | AG19: =IFERROR(IF(AND($F19="Chính Thức",($G19+$H19)>=11),$J19*AG$8,IF(AND($F19="Chính Thức",($G19+$H19)<11,0),IF($F19="Thử Việc",0),"")),0) -> 962500 | AH19: =IFERROR(IF(AND($F19="Chính Thức",($G19+$H19)>=11),$J19*AH$8,IF(AND($F19="Chính Thức",($G19+$H19)<11,0),IF($F19="Thử Việc",0),"")),0) -> 165000 | AI19: =IFERROR(IF(AND($F19="Chính Thức",($G19+$H19)>=11),$J19*AI$8,IF(AND($F19="Chính Thức",($G19+$H19)<11,0),IF($F19="Thử Việc",0),"")),0) -> 55000 | AJ19: =ROUND(SUM(AG19:AI19),0) -> 1182500 | AK19: =IFERROR(IF(AND($F19="Chính Thức",($G19+$H19)>=11),$J19*AK$8,IF(AND($F19="Chính Thức",($G19+$H19)<11,0),IF($F19="Thử Việc",0),"")),0) -> 440000 | AL19: =IFERROR(IF(AND($F19="Chính Thức",($G19+$H19)>=11),$J19*AL$8,IF(AND($F19="Chính Thức",($G19+$H19)<11,0),IF($F19="Thử Việc",0),"")),0) -> 82500 | AM19: =IFERROR(IF(AND($F19="Chính Thức",($G19+$H19)>=11),$J19*AM$8,IF(AND($F19="Chính Thức",($G19+$H19)<11,0),IF($F19="Thử Việc",0),"")),0) -> 55000 | AN19: =ROUND(SUM(AK19:AM19),-1) -> 577500 | AO19: =IF(F19="Chính Thức",$AO$10,0) -> 15500000 | AQ19: =AP19*$AQ$10 -> 0 | AR19: =+AO19+AQ19 -> 15500000 | AS19: =MAX(AF19-AR19-AN19,0) -> 0 | AT19: =IF(F19="Chính Thức",IF(AS19<=0,,IF(AND(AS19>0,AS19<=5000000),5%*AS19,IF(AND(AS19>5000000,AS19<=10000000),10%*AS19-250000,IF(AND(AS19>10000000,AS19<=18000000),15%*AS19-750000,IF(AND(AS19>18000000,AS19<=32000000),20%*AS19-1650000,IF(AND(AS19>32000000,AS19<=52000000),25%*AS19-3250000,IF(AND(AS19>52000000,AS19<=80000000),30%*AS19-5850000,IF(AS19>80000000,35%*AS19-9850000)))))))),IF(AND(F19="Thử Việc",AS19>=2000000),AS19*10%,IF(F19="CTV",AS19*10%))) -> 0 | AV19: =ROUND(AE19-AN19-AT19+AU19,-2) -> 10000000
A20: =SUBTOTAL(3,$C$11:C20) -> 8 | B20: MS20 | C20: Nguyễn Thị Thu Hiền | D20: Vận hành | E20: NV Bếp | F20: =IFERROR(VLOOKUP($B20,'3. BẢNG CHẤM CÔNG'!$B$11:$AV$25,6,0),0) -> Chính Thức | G20: =IFERROR(VLOOKUP($B20, '3. BẢNG CHẤM CÔNG'!$B$10:$AV36,43,0),0) -> 23 | H20: =IFERROR(VLOOKUP($B20, '3. BẢNG CHẤM CÔNG'!$B$10:$AV35,44,0),0) -> 0 | J20: =IFERROR(VLOOKUP($B20,' 5. Thông số TL'!$D$12:$S$34,4,0),0) -> 5300000 | K20: =IFERROR(IF($F20="Chính Thức",$J20/$G$4*($G20+$H20),IF($F20="Thử Việc",$J20/$G$4*($G20+$H20)*85%,"")),0) -> 5300000 | L20: =SUM(K20) -> 5300000 | M20: =IFERROR(VLOOKUP($B20,' 5. Thông số TL'!$D$12:$S$34,5,0),0) -> 2736500 | N20: 1 | O20: =IFERROR(IF($F20="Chính Thức",$M20/$G$4*($G20+$H20)*N20,IF($F20="Thử Việc",$M20/$G$4*N20*($G20+$H20)*85%)),0) -> 2736500 | V20: =SUM(T20:U20) -> 0 | W20: =IFERROR(IF($F20="Chính Thức",VLOOKUP($B20,' 5. Thông số TL'!$D$12:$S$34,6,0)/$G$4*($G20+$H20),IF($F20="Thử Việc",VLOOKUP($B20,' 5. Thông số TL'!$D$12:$S$34,6,0)/$G$4*($G20+$H20)*85%,"")),0) -> 720000 | X20: =IFERROR(IF($F20="Chính Thức",VLOOKUP($B20,' 5. Thông số TL'!$D$12:$S$34,7,0)/$G$4*($G20+$H20),IF($F20="Thử Việc",VLOOKUP($B20,' 5. Thông số TL'!$D$12:$S$34,7,0)/$G$4*($G20+$H20)*85%,"")),0) -> 400000 | Y20: =IFERROR(IF($F20="Chính Thức",VLOOKUP($B20,' 5. Thông số TL'!$D$12:$S$34,8,0)/$G$4*($G20+$H20),IF($F20="Thử Việc",VLOOKUP($B20,' 5. Thông số TL'!$D$12:$S$34,8,0)/$G$4*($G20+$H20)*85%,"")),0) -> 400000 | Z20: =SUM(W20:Y20) -> 1520000 | AA20: =IFERROR(IF($F20="Chính Thức",VLOOKUP($B20,' 5. Thông số TL'!$D$12:$S$34,10,0)/$G$4*($G20+$H20),IF($F20="Thử Việc",VLOOKUP($B20,' 5. Thông số TL'!$D$12:$S$34,10,0)/$G$4*($G20+$H20)*85%,"")),0) -> 0 | AC20: =SUM(AA20:AB20) -> 0 | AD20: =Z20+AC20 -> 1520000 | AE20: =L20+O20+S20+V20+AD20 -> 9556500 | AF20: =IF(F20="Chính Thức",AE20-Z20,IF(F20="Thử Việc",AE20-W20-X20,IF(F20="CTV",AE20,0))) -> 8036500 | AG20: =IFERROR(IF(AND($F20="Chính Thức",($G20+$H20)>=11),$J20*AG$8,IF(AND($F20="Chính Thức",($G20+$H20)<11,0),IF($F20="Thử Việc",0),"")),0) -> 927500 | AH20: =IFERROR(IF(AND($F20="Chính Thức",($G20+$H20)>=11),$J20*AH$8,IF(AND($F20="Chính Thức",($G20+$H20)<11,0),IF($F20="Thử Việc",0),"")),0) -> 159000 | AI20: =IFERROR(IF(AND($F20="Chính Thức",($G20+$H20)>=11),$J20*AI$8,IF(AND($F20="Chính Thức",($G20+$H20)<11,0),IF($F20="Thử Việc",0),"")),0) -> 53000 | AJ20: =ROUND(SUM(AG20:AI20),0) -> 1139500 | AK20: =IFERROR(IF(AND($F20="Chính Thức",($G20+$H20)>=11),$J20*AK$8,IF(AND($F20="Chính Thức",($G20+$H20)<11,0),IF($F20="Thử Việc",0),"")),0) -> 424000 | AL20: =IFERROR(IF(AND($F20="Chính Thức",($G20+$H20)>=11),$J20*AL$8,IF(AND($F20="Chính Thức",($G20+$H20)<11,0),IF($F20="Thử Việc",0),"")),0) -> 79500 | AM20: =IFERROR(IF(AND($F20="Chính Thức",($G20+$H20)>=11),$J20*AM$8,IF(AND($F20="Chính Thức",($G20+$H20)<11,0),IF($F20="Thử Việc",0),"")),0) -> 53000 | AN20: =ROUND(SUM(AK20:AM20),-1) -> 556500 | AO20: =IF(F20="Chính Thức",$AO$10,0) -> 15500000 | AQ20: =AP20*$AQ$10 -> 0 | AR20: =+AO20+AQ20 -> 15500000 | AS20: =MAX(AF20-AR20-AN20,0) -> 0 | AT20: =IF(F20="Chính Thức",IF(AS20<=0,,IF(AND(AS20>0,AS20<=5000000),5%*AS20,IF(AND(AS20>5000000,AS20<=10000000),10%*AS20-250000,IF(AND(AS20>10000000,AS20<=18000000),15%*AS20-750000,IF(AND(AS20>18000000,AS20<=32000000),20%*AS20-1650000,IF(AND(AS20>32000000,AS20<=52000000),25%*AS20-3250000,IF(AND(AS20>52000000,AS20<=80000000),30%*AS20-5850000,IF(AS20>80000000,35%*AS20-9850000)))))))),IF(AND(F20="Thử Việc",AS20>=2000000),AS20*10%,IF(F20="CTV",AS20*10%))) -> 0 | AV20: =ROUND(AE20-AN20-AT20+AU20,-2) -> 9000000
B21: Giáo viên | J21: =J22+J23+J24+J25+J26+J27 -> 33000000 | K21: =K22+K23+K24+K25+K26+K27 -> 31475543 | L21: =L22+L23+L24+L25+L26+L27 -> 31475543 | M21: =M22+M23+M24+M25+M26+M27 -> 62594150 | N21: =N22+N23+N24+N25+N26+N27 -> 6 | O21: =O22+O23+O24+O25+O26+O27 -> 57076131 | P21: =P22+P23+P24+P25+P26+P27 -> 0 | Q21: =Q22+Q23+Q24+Q25+Q26+Q27 -> 0 | ... AV21: =AV22+AV23+AV24+AV25+AV26+AV27 -> 91144400
A22: =SUBTOTAL(3,$C$11:C22) -> 9 | B22: MS06 | C22: Eugene | D22: Giáo viên | E22: Giáo viên nước ngoài | F22: =IFERROR(VLOOKUP($B22,'3. BẢNG CHẤM CÔNG'!$B$11:$AV$25,6,0),0) -> Chính Thức | G22: =IFERROR(VLOOKUP($B22, '3. BẢNG CHẤM CÔNG'!$B$10:$AV33,43,0),0) -> 20.5 | H22: =IFERROR(VLOOKUP($B22, '3. BẢNG CHẤM CÔNG'!$B$10:$AV33,44,0),0) -> 0 | J22: =IFERROR(VLOOKUP($B22,' 5. Thông số TL'!$D$12:$S$34,4,0),0) -> 5500000 | K22: =IFERROR(IF($F22="Chính Thức",$J22/$G$4*($G22+$H22),IF($F22="Thử Việc",$J22/$G$4*($G22+$H22)*85%,"")),0) -> 4902173.9 | L22: =SUM(K22) -> 4902173.9 | M22: =IFERROR(VLOOKUP($B22,' 5. Thông số TL'!$D$12:$S$34,5,0),0) -> 42306650 | N22: 1 | O22: =IFERROR(IF($F22="Chính Thức",$M22/$G$4*($G22+$H22)*N22,IF($F22="Thử Việc",$M22/$G$4*N22*($G22+$H22)*85%)),0) -> 37708101 | V22: =SUM(T22:U22) -> 0 | W22: =IFERROR(IF($F22="Chính Thức",VLOOKUP($B22,' 5. Thông số TL'!$D$12:$S$34,6,0)/$G$4*($G22+$H22),IF($F22="Thử Việc",VLOOKUP($B22,' 5. Thông số TL'!$D$12:$S$34,6,0)/$G$4*($G22+$H22)*85%,"")),0) -> 641739.13 | X22: =IFERROR(IF($F22="Chính Thức",VLOOKUP($B22,' 5. Thông số TL'!$D$12:$S$34,7,0)/$G$4*($G22+$H22),IF($F22="Thử Việc",VLOOKUP($B22,' 5. Thông số TL'!$D$12:$S$34,7,0)/$G$4*($G22+$H22)*85%,"")),0) -> 356521.74 | Y22: =IFERROR(IF($F22="Chính Thức",VLOOKUP($B22,' 5. Thông số TL'!$D$12:$S$34,8,0)/$G$4*($G22+$H22),IF($F22="Thử Việc",VLOOKUP($B22,' 5. Thông số TL'!$D$12:$S$34,8,0)/$G$4*($G22+$H22)*85%,"")),0) -> 802173.91 | Z22: =SUM(W22:Y22) -> 1800434.8 | AA22: =IFERROR(IF($F22="Chính Thức",VLOOKUP($B22,' 5. Thông số TL'!$D$12:$S$34,10,0)/$G$4*($G22+$H22),IF($F22="Thử Việc",VLOOKUP($B22,' 5. Thông số TL'!$D$12:$S$34,10,0)/$G$4*($G22+$H22)*85%,"")),0) -> 0 | AC22: =SUM(AA22:AB22) -> 0 | AD22: =Z22+AC22 -> 1800434.8 | AE22: =L22+O22+S22+V22+AD22 -> 44410710 | AF22: =IF(F22="Chính Thức",AE22-Z22,IF(F22="Thử Việc",AE22,IF(F22="CTV",AE22,0))) -> 42610275 | AG22: 0 | AH22: 0 | AI22: 0 | AJ22: 0 | AK22: 0 | AL22: 0 | AM22: 0 | AN22: 0 | AO22: =IF(F22="Chính Thức",$AO$10,0) -> 15500000 | AQ22: =AP22*$AQ$10 -> 0 | AR22: =+AO22+AQ22 -> 15500000 | AS22: =MAX(AF22-AR22-AN22,0) -> 27110275 | AT22: =IF(F22="Chính Thức",IF(AS22<=0,,IF(AND(AS22>0,AS22<=5000000),5%*AS22,IF(AND(AS22>5000000,AS22<=10000000),10%*AS22-250000,IF(AND(AS22>10000000,AS22<=18000000),15%*AS22-750000,IF(AND(AS22>18000000,AS22<=32000000),20%*AS22-1650000,IF(AND(AS22>32000000,AS22<=52000000),25%*AS22-3250000,IF(AND(AS22>52000000,AS22<=80000000),30%*AS22-5850000,IF(AS22>80000000,35%*AS22-9850000)))))))),IF(AND(F22="Thử Việc",AS22>=2000000),AS22*20%,IF(F22="CTV",AS22*10%))) -> 3772055 | AV22: =ROUND(AE22-AN22-AT22+AU22,-2) -> 40638700
A23: =SUBTOTAL(3,$C$11:C23) -> 10 | B23: MS07 | C23: Nguyễn Ánh Hồng | D23: Giáo viên | E23: Giáo viên mầm non | F23: =IFERROR(VLOOKUP($B23,'3. BẢNG CHẤM CÔNG'!$B$11:$AV$25,6,0),0) -> Chính Thức | G23: =IFERROR(VLOOKUP($B23, '3. BẢNG CHẤM CÔNG'!$B$10:$AV35,43,0),0) -> 23 | H23: =IFERROR(VLOOKUP($B23, '3. BẢNG CHẤM CÔNG'!$B$10:$AV35,44,0),0) -> 0 | J23: =IFERROR(VLOOKUP($B23,' 5. Thông số TL'!$D$12:$S$34,4,0),0) -> 5500000 | K23: =IFERROR(IF($F23="Chính Thức",$J23/$G$4*($G23+$H23),IF($F23="Thử Việc",$J23/$G$4*($G23+$H23)*85%,"")),0) -> 5500000 | L23: =SUM(K23) -> 5500000 | M23: =IFERROR(VLOOKUP($B23,' 5. Thông số TL'!$D$12:$S$34,5,0),0) -> 2457500 | N23: 1 | O23: =IFERROR(IF($F23="Chính Thức",$M23/$G$4*($G23+$H23)*N23,IF($F23="Thử Việc",$M23/$G$4*N23*($G23+$H23)*85%)),0) -> 2457500 | V23: =SUM(T23:U23) -> 0 | W23: =IFERROR(IF($F23="Chính Thức",VLOOKUP($B23,' 5. Thông số TL'!$D$12:$S$34,6,0)/$G$4*($G23+$H23),IF($F23="Thử Việc",VLOOKUP($B23,' 5. Thông số TL'!$D$12:$S$34,6,0)/$G$4*($G23+$H23)*85%,"")),0) -> 720000 | X23: =IFERROR(IF($F23="Chính Thức",VLOOKUP($B23,' 5. Thông số TL'!$D$12:$S$34,7,0)/$G$4*($G23+$H23),IF($F23="Thử Việc",VLOOKUP($B23,' 5. Thông số TL'!$D$12:$S$34,7,0)/$G$4*($G23+$H23)*85%,"")),0) -> 400000 | Y23: =IFERROR(IF($F23="Chính Thức",VLOOKUP($B23,' 5. Thông số TL'!$D$12:$S$34,8,0)/$G$4*($G23+$H23),IF($F23="Thử Việc",VLOOKUP($B23,' 5. Thông số TL'!$D$12:$S$34,8,0)/$G$4*($G23+$H23)*85%,"")),0) -> 500000 | Z23: =SUM(W23:Y23) -> 1620000 | AA23: =IFERROR(IF($F23="Chính Thức",VLOOKUP($B23,' 5. Thông số TL'!$D$12:$S$34,10,0)/$G$4*($G23+$H23),IF($F23="Thử Việc",VLOOKUP($B23,' 5. Thông số TL'!$D$12:$S$34,10,0)/$G$4*($G23+$H23)*85%,"")),0) -> 0 | AC23: =SUM(AA23:AB23) -> 0 | AD23: =Z23+AC23 -> 1620000 | AE23: =L23+O23+S23+V23+AD23 -> 9577500 | AF23: =IF(F23="Chính Thức",AE23-Z23,IF(F23="Thử Việc",AE23,IF(F23="CTV",AE23,0))) -> 7957500 | AG23: =IFERROR(IF(AND($F23="Chính Thức",($G23+$H23)>=11),$J23*AG$8,IF(AND($F23="Chính Thức",($G23+$H23)<11,0),IF($F23="Thử Việc",0),"")),0) -> 962500 | AH23: =IFERROR(IF(AND($F23="Chính Thức",($G23+$H23)>=11),$J23*AH$8,IF(AND($F23="Chính Thức",($G23+$H23)<11,0),IF($F23="Thử Việc",0),"")),0) -> 165000 | AI23: =IFERROR(IF(AND($F23="Chính Thức",($G23+$H23)>=11),$J23*AI$8,IF(AND($F23="Chính Thức",($G23+$H23)<11,0),IF($F23="Thử Việc",0),"")),0) -> 55000 | AJ23: =ROUND(SUM(AG23:AI23),0) -> 1182500 | AK23: =IFERROR(IF(AND($F23="Chính Thức",($G23+$H23)>=11),$J23*AK$8,IF(AND($F23="Chính Thức",($G23+$H23)<11,0),IF($F23="Thử Việc",0),"")),0) -> 440000 | AL23: =IFERROR(IF(AND($F23="Chính Thức",($G23+$H23)>=11),$J23*AL$8,IF(AND($F23="Chính Thức",($G23+$H23)<11,0),IF($F23="Thử Việc",0),"")),0) -> 82500 | AM23: =IFERROR(IF(AND($F23="Chính Thức",($G23+$H23)>=11),$J23*AM$8,IF(AND($F23="Chính Thức",($G23+$H23)<11,0),IF($F23="Thử Việc",0),"")),0) -> 55000 | AN23: =ROUND(SUM(AK23:AM23),-1) -> 577500 | AO23: =IF(F23="Chính Thức",$AO$10,0) -> 15500000 | AQ23: =AP23*$AQ$10 -> 0 | AR23: =+AO23+AQ23 -> 15500000 | AS23: =MAX(AF23-AR23-AN23,0) -> 0 | AT23: =IF(F23="Chính Thức",IF(AS23<=0,,IF(AND(AS23>0,AS23<=5000000),5%*AS23,IF(AND(AS23>5000000,AS23<=10000000),10%*AS23-250000,IF(AND(AS23>10000000,AS23<=18000000),15%*AS23-750000,IF(AND(AS23>18000000,AS23<=32000000),20%*AS23-1650000,IF(AND(AS23>32000000,AS23<=52000000),25%*AS23-3250000,IF(AND(AS23>52000000,AS23<=80000000),30%*AS23-5850000,IF(AS23>80000000,35%*AS23-9850000)))))))),IF(AND(F23="Thử Việc",AS23>=2000000),AS23*20%,IF(F23="CTV",AS23*10%))) -> 0 | AV23: =ROUND(AE23-AN23-AT23+AU23,-2) -> 9000000
A24: =SUBTOTAL(3,$C$11:C24) -> 11 | B24: MS11 | C24: Phùng Thị Lụa | D24: Giáo viên | E24: Giáo viên mầm non | F24: =IFERROR(VLOOKUP($B24,'3. BẢNG CHẤM CÔNG'!$B$11:$AV$26,6,0),0) -> Chính Thức | G24: =IFERROR(VLOOKUP($B24, '3. BẢNG CHẤM CÔNG'!$B$10:$AV37,43,0),0) -> 23 | H24: =IFERROR(VLOOKUP($B24, '3. BẢNG CHẤM CÔNG'!$B$10:$AV37,44,0),0) -> 0 | J24: =IFERROR(VLOOKUP($B24,' 5. Thông số TL'!$D$12:$S$34,4,0),0) -> 5500000 | K24: =IFERROR(IF($F24="Chính Thức",$J24/$G$4*($G24+$H24),IF($F24="Thử Việc",$J24/$G$4*($G24+$H24)*85%,"")),0) -> 5500000 | L24: =SUM(K24) -> 5500000 | M24: =IFERROR(VLOOKUP($B24,' 5. Thông số TL'!$D$12:$S$34,5,0),0) -> 2457500 | N24: 1 | O24: =IFERROR(IF($F24="Chính Thức",$M24/$G$4*($G24+$H24)*N24,IF($F24="Thử Việc",$M24/$G$4*N24*($G24+$H24)*85%)),0) -> 2457500 | V24: =SUM(T24:U24) -> 0 | W24: =IFERROR(IF($F24="Chính Thức",VLOOKUP($B24,' 5. Thông số TL'!$D$12:$S$34,6,0)/$G$4*($G24+$H24),IF($F24="Thử Việc",VLOOKUP($B24,' 5. Thông số TL'!$D$12:$S$34,6,0)/$G$4*($G24+$H24)*85%,"")),0) -> 720000 | X24: =IFERROR(IF($F24="Chính Thức",VLOOKUP($B24,' 5. Thông số TL'!$D$12:$S$34,7,0)/$G$4*($G24+$H24),IF($F24="Thử Việc",VLOOKUP($B24,' 5. Thông số TL'!$D$12:$S$34,7,0)/$G$4*($G24+$H24)*85%,"")),0) -> 400000 | Y24: =IFERROR(IF($F24="Chính Thức",VLOOKUP($B24,' 5. Thông số TL'!$D$12:$S$34,8,0)/$G$4*($G24+$H24),IF($F24="Thử Việc",VLOOKUP($B24,' 5. Thông số TL'!$D$12:$S$34,8,0)/$G$4*($G24+$H24)*85%,"")),0) -> 500000 | Z24: =SUM(W24:Y24) -> 1620000 | AA24: =IFERROR(IF($F24="Chính Thức",VLOOKUP($B24,' 5. Thông số TL'!$D$12:$S$34,10,0)/$G$4*($G24+$H24),IF($F24="Thử Việc",VLOOKUP($B24,' 5. Thông số TL'!$D$12:$S$34,10,0)/$G$4*($G24+$H24)*85%,"")),0) -> 0 | AC24: =SUM(AA24:AB24) -> 0 | AD24: =Z24+AC24 -> 1620000 | AE24: =L24+O24+S24+V24+AD24 -> 9577500 | AF24: =IF(F24="Chính Thức",AE24-Z24,IF(F24="Thử Việc",AE24,IF(F24="CTV",AE24,0))) -> 7957500 | AG24: =IFERROR(IF(AND($F24="Chính Thức",($G24+$H24)>=11),$J24*AG$8,IF(AND($F24="Chính Thức",($G24+$H24)<11,0),IF($F24="Thử Việc",0),"")),0) -> 962500 | AH24: =IFERROR(IF(AND($F24="Chính Thức",($G24+$H24)>=11),$J24*AH$8,IF(AND($F24="Chính Thức",($G24+$H24)<11,0),IF($F24="Thử Việc",0),"")),0) -> 165000 | AI24: =IFERROR(IF(AND($F24="Chính Thức",($G24+$H24)>=11),$J24*AI$8,IF(AND($F24="Chính Thức",($G24+$H24)<11,0),IF($F24="Thử Việc",0),"")),0) -> 55000 | AJ24: =ROUND(SUM(AG24:AI24),0) -> 1182500 | AK24: =IFERROR(IF(AND($F24="Chính Thức",($G24+$H24)>=11),$J24*AK$8,IF(AND($F24="Chính Thức",($G24+$H24)<11,0),IF($F24="Thử Việc",0),"")),0) -> 440000 | AL24: =IFERROR(IF(AND($F24="Chính Thức",($G24+$H24)>=11),$J24*AL$8,IF(AND($F24="Chính Thức",($G24+$H24)<11,0),IF($F24="Thử Việc",0),"")),0) -> 82500 | AM24: =IFERROR(IF(AND($F24="Chính Thức",($G24+$H24)>=11),$J24*AM$8,IF(AND($F24="Chính Thức",($G24+$H24)<11,0),IF($F24="Thử Việc",0),"")),0) -> 55000 | AN24: =ROUND(SUM(AK24:AM24),-1) -> 577500 | AO24: =IF(F24="Chính Thức",$AO$10,0) -> 15500000 | AQ24: =AP24*$AQ$10 -> 0 | AR24: =+AO24+AQ24 -> 15500000 | AS24: =MAX(AF24-AR24-AN24,0) -> 0 | AT24: =IF(F24="Chính Thức",IF(AS24<=0,,IF(AND(AS24>0,AS24<=5000000),5%*AS24,IF(AND(AS24>5000000,AS24<=10000000),10%*AS24-250000,IF(AND(AS24>10000000,AS24<=18000000),15%*AS24-750000,IF(AND(AS24>18000000,AS24<=32000000),20%*AS24-1650000,IF(AND(AS24>32000000,AS24<=52000000),25%*AS24-3250000,IF(AND(AS24>52000000,AS24<=80000000),30%*AS24-5850000,IF(AS24>80000000,35%*AS24-9850000)))))))),IF(AND(F24="Thử Việc",AS24>=2000000),AS24*10%,IF(F24="CTV",AS24*10%))) -> 0 | AV24: =ROUND(AE24-AN24-AT24+AU24,-2) -> 9000000
A25: =SUBTOTAL(3,$C$11:C25) -> 12 | B25: MS21 | C25: Triệu Thị Thu | D25: Giáo viên | E25: Giáo viên mầm non | F25: =IFERROR(VLOOKUP($B25,'3. BẢNG CHẤM CÔNG'!$B$11:$AV$26,6,0),0) -> Chính Thức | G25: 23 | H25: =IFERROR(VLOOKUP($B25, '3. BẢNG CHẤM CÔNG'!$B$10:$AV40,44,0),0) -> 0 | J25: =IFERROR(VLOOKUP($B25,' 5. Thông số TL'!$D$12:$S$34,4,0),0) -> 5500000 | K25: =IFERROR(IF($F25="Chính Thức",$J25/$G$4*($G25+$H25),IF($F25="Thử Việc",$J25/$G$4*($G25+$H25)*85%,"")),0) -> 5500000 | L25: =SUM(K25) -> 5500000 | M25: =IFERROR(VLOOKUP($B25,' 5. Thông số TL'!$D$12:$S$34,5,0),0) -> 5457500 | N25: 1 | O25: =IFERROR(IF($F25="Chính Thức",$M25/$G$4*($G25+$H25)*N25,IF($F25="Thử Việc",$M25/$G$4*N25*($G25+$H25)*85%)),0) -> 5457500 | V25: =SUM(T25:U25) -> 0 | W25: =IFERROR(IF($F25="Chính Thức",VLOOKUP($B25,' 5. Thông số TL'!$D$12:$S$34,6,0)/$G$4*($G25+$H25),IF($F25="Thử Việc",VLOOKUP($B25,' 5. Thông số TL'!$D$12:$S$34,6,0)/$G$4*($G25+$H25)*85%,"")),0) -> 720000 | X25: =IFERROR(IF($F25="Chính Thức",VLOOKUP($B25,' 5. Thông số TL'!$D$12:$S$34,7,0)/$G$4*($G25+$H25),IF($F25="Thử Việc",VLOOKUP($B25,' 5. Thông số TL'!$D$12:$S$34,7,0)/$G$4*($G25+$H25)*85%,"")),0) -> 400000 | Y25: =IFERROR(IF($F25="Chính Thức",VLOOKUP($B25,' 5. Thông số TL'!$D$12:$S$34,8,0)/$G$4*($G25+$H25),IF($F25="Thử Việc",VLOOKUP($B25,' 5. Thông số TL'!$D$12:$S$34,8,0)/$G$4*($G25+$H25)*85%,"")),0) -> 500000 | Z25: =SUM(W25:Y25) -> 1620000 | AA25: =IFERROR(IF($F25="Chính Thức",VLOOKUP($B25,' 5. Thông số TL'!$D$12:$S$34,10,0)/$G$4*($G25+$H25),IF($F25="Thử Việc",VLOOKUP($B25,' 5. Thông số TL'!$D$12:$S$34,10,0)/$G$4*($G25+$H25)*85%,"")),0) -> 0 | AC25: =SUM(AA25:AB25) -> 0 | AD25: =Z25+AC25 -> 1620000 | AE25: =L25+O25+S25+V25+AD25 -> 12577500 | AF25: =IF(F25="Chính Thức",AE25-Z25,IF(F25="Thử Việc",AE25,IF(F25="CTV",AE25,0))) -> 10957500 | AG25: =IFERROR(IF(AND($F25="Chính Thức",($G25+$H25)>=11),$J25*AG$8,IF(AND($F25="Chính Thức",($G25+$H25)<11,0),IF($F25="Thử Việc",0),"")),0) -> 962500 | AH25: =IFERROR(IF(AND($F25="Chính Thức",($G25+$H25)>=11),$J25*AH$8,IF(AND($F25="Chính Thức",($G25+$H25)<11,0),IF($F25="Thử Việc",0),"")),0) -> 165000 | AI25: =IFERROR(IF(AND($F25="Chính Thức",($G25+$H25)>=11),$J25*AI$8,IF(AND($F25="Chính Thức",($G25+$H25)<11,0),IF($F25="Thử Việc",0),"")),0) -> 55000 | AJ25: =ROUND(SUM(AG25:AI25),0) -> 1182500 | AK25: =IFERROR(IF(AND($F25="Chính Thức",($G25+$H25)>=11),$J25*AK$8,IF(AND($F25="Chính Thức",($G25+$H25)<11,0),IF($F25="Thử Việc",0),"")),0) -> 440000 | AL25: =IFERROR(IF(AND($F25="Chính Thức",($G25+$H25)>=11),$J25*AL$8,IF(AND($F25="Chính Thức",($G25+$H25)<11,0),IF($F25="Thử Việc",0),"")),0) -> 82500 | AM25: =IFERROR(IF(AND($F25="Chính Thức",($G25+$H25)>=11),$J25*AM$8,IF(AND($F25="Chính Thức",($G25+$H25)<11,0),IF($F25="Thử Việc",0),"")),0) -> 55000 | AN25: =ROUND(SUM(AK25:AM25),-1) -> 577500 | AO25: =IF(F25="Chính Thức",$AO$10,0) -> 15500000 | AQ25: =AP25*$AQ$10 -> 0 | AR25: =+AO25+AQ25 -> 15500000 | AS25: =MAX(AF25-AR25-AN25,0) -> 0 | AT25: =IF(F25="Chính Thức",IF(AS25<=0,,IF(AND(AS25>0,AS25<=5000000),5%*AS25,IF(AND(AS25>5000000,AS25<=10000000),10%*AS25-250000,IF(AND(AS25>10000000,AS25<=18000000),15%*AS25-750000,IF(AND(AS25>18000000,AS25<=32000000),20%*AS25-1650000,IF(AND(AS25>32000000,AS25<=52000000),25%*AS25-3250000,IF(AND(AS25>52000000,AS25<=80000000),30%*AS25-5850000,IF(AS25>80000000,35%*AS25-9850000)))))))),IF(AND(F25="Thử Việc",AS25>=2000000),AS25*10%,IF(F25="CTV",AS25*10%))) -> 0 | AV25: =ROUND(AE25-AN25-AT25+AU25,-2) -> 12000000
A26: =SUBTOTAL(3,$C$11:C26) -> 13 | B26: MS22 | C26: Nguyễn Thị Hằng | D26: Giáo viên | E26: Giáo viên mầm non | F26: =IFERROR(VLOOKUP($B26,'3. BẢNG CHẤM CÔNG'!$B$11:$AV$26,6,0),0) -> Chính Thức | G26: =IFERROR(VLOOKUP($B26, '3. BẢNG CHẤM CÔNG'!$B$10:$AV40,43,0),0) -> 23 | H26: =IFERROR(VLOOKUP($B26, '3. BẢNG CHẤM CÔNG'!$B$10:$AV41,44,0),0) -> 0 | J26: =IFERROR(VLOOKUP($B26,' 5. Thông số TL'!$D$12:$S$34,4,0),0) -> 5500000 | K26: =IFERROR(IF($F26="Chính Thức",$J26/$G$4*($G26+$H26),IF($F26="Thử Việc",$J26/$G$4*($G26+$H26)*85%,"")),0) -> 5500000 | L26: =SUM(K26) -> 5500000 | M26: =IFERROR(VLOOKUP($B26,' 5. Thông số TL'!$D$12:$S$34,5,0),0) -> 4457500 | N26: 1 | O26: =IFERROR(IF($F26="Chính Thức",$M26/$G$4*($G26+$H26)*N26,IF($F26="Thử Việc",$M26/$G$4*N26*($G26+$H26)*85%)),0) -> 4457500 | V26: =SUM(T26:U26) -> 0 | W26: =IFERROR(IF($F26="Chính Thức",VLOOKUP($B26,' 5. Thông số TL'!$D$12:$S$34,6,0)/$G$4*($G26+$H26),IF($F26="Thử Việc",VLOOKUP($B26,' 5. Thông số TL'!$D$12:$S$34,6,0)/$G$4*($G26+$H26)*85%,"")),0) -> 720000 | X26: =IFERROR(IF($F26="Chính Thức",VLOOKUP($B26,' 5. Thông số TL'!$D$12:$S$34,7,0)/$G$4*($G26+$H26),IF($F26="Thử Việc",VLOOKUP($B26,' 5. Thông số TL'!$D$12:$S$34,7,0)/$G$4*($G26+$H26)*85%,"")),0) -> 400000 | Y26: =IFERROR(IF($F26="Chính Thức",VLOOKUP($B26,' 5. Thông số TL'!$D$12:$S$34,8,0)/$G$4*($G26+$H26),IF($F26="Thử Việc",VLOOKUP($B26,' 5. Thông số TL'!$D$12:$S$34,8,0)/$G$4*($G26+$H26)*85%,"")),0) -> 500000 | Z26: =SUM(W26:Y26) -> 1620000 | AA26: =IFERROR(IF($F26="Chính Thức",VLOOKUP($B26,' 5. Thông số TL'!$D$12:$S$34,10,0)/$G$4*($G26+$H26),IF($F26="Thử Việc",VLOOKUP($B26,' 5. Thông số TL'!$D$12:$S$34,10,0)/$G$4*($G26+$H26)*85%,"")),0) -> 0 | AC26: =SUM(AA26:AB26) -> 0 | AD26: =Z26+AC26 -> 1620000 | AE26: =L26+O26+S26+V26+AD26 -> 11577500 | AF26: =IF(F26="Chính Thức",AE26-Z26,IF(F26="Thử Việc",AE26,IF(F26="CTV",AE26,0))) -> 9957500 | AG26: =IFERROR(IF(AND($F26="Chính Thức",($G26+$H26)>=11),$J26*AG$8,IF(AND($F26="Chính Thức",($G26+$H26)<11,0),IF($F26="Thử Việc",0),"")),0) -> 962500 | AH26: =IFERROR(IF(AND($F26="Chính Thức",($G26+$H26)>=11),$J26*AH$8,IF(AND($F26="Chính Thức",($G26+$H26)<11,0),IF($F26="Thử Việc",0),"")),0) -> 165000 | AI26: =IFERROR(IF(AND($F26="Chính Thức",($G26+$H26)>=11),$J26*AI$8,IF(AND($F26="Chính Thức",($G26+$H26)<11,0),IF($F26="Thử Việc",0),"")),0) -> 55000 | AJ26: =ROUND(SUM(AG26:AI26),0) -> 1182500 | AK26: =IFERROR(IF(AND($F26="Chính Thức",($G26+$H26)>=11),$J26*AK$8,IF(AND($F26="Chính Thức",($G26+$H26)<11,0),IF($F26="Thử Việc",0),"")),0) -> 440000 | AL26: =IFERROR(IF(AND($F26="Chính Thức",($G26+$H26)>=11),$J26*AL$8,IF(AND($F26="Chính Thức",($G26+$H26)<11,0),IF($F26="Thử Việc",0),"")),0) -> 82500 | AM26: =IFERROR(IF(AND($F26="Chính Thức",($G26+$H26)>=11),$J26*AM$8,IF(AND($F26="Chính Thức",($G26+$H26)<11,0),IF($F26="Thử Việc",0),"")),0) -> 55000 | AN26: =ROUND(SUM(AK26:AM26),-1) -> 577500 | AO26: =IF(F26="Chính Thức",$AO$10,0) -> 15500000 | AQ26: =AP26*$AQ$10 -> 0 | AR26: =+AO26+AQ26 -> 15500000 | AS26: =MAX(AF26-AR26-AN26,0) -> 0 | AT26: =IF(F26="Chính Thức",IF(AS26<=0,,IF(AND(AS26>0,AS26<=5000000),5%*AS26,IF(AND(AS26>5000000,AS26<=10000000),10%*AS26-250000,IF(AND(AS26>10000000,AS26<=18000000),15%*AS26-750000,IF(AND(AS26>18000000,AS26<=32000000),20%*AS26-1650000,IF(AND(AS26>32000000,AS26<=52000000),25%*AS26-3250000,IF(AND(AS26>52000000,AS26<=80000000),30%*AS26-5850000,IF(AS26>80000000,35%*AS26-9850000)))))))),IF(AND(F26="Thử Việc",AS26>=2000000),AS26*10%,IF(F26="CTV",AS26*10%))) -> 0 | AV26: =ROUND(AE26-AN26-AT26+AU26,-2) -> 11000000
A27: 16 | B27: MS23 | C27: Hoàng Thị Ánh Mão | D27: Giáo viên | E27: Giáo viên mầm non | F27: =IFERROR(VLOOKUP($B27,'3. BẢNG CHẤM CÔNG'!$B$11:$AV$26,6,0),0) -> Thử Việc | G27: =IFERROR(VLOOKUP($B27, '3. BẢNG CHẤM CÔNG'!$B$10:$AV45,43,0),0) -> 22.5 | H27: =IFERROR(VLOOKUP($B27, '3. BẢNG CHẤM CÔNG'!$B$10:$AV44,44,0),0) -> 0 | J27: =IFERROR(VLOOKUP($B27,' 5. Thông số TL'!$D$12:$S$34,4,0),0) -> 5500000 | K27: =IFERROR(IF($F27="Chính Thức",$J27/$G$4*($G27+$H27),IF($F27="Thử Việc",$J27/$G$4*($G27+$H27)*85%,"")),0) -> 4573369.6 | L27: =SUM(K27) -> 4573369.6 | M27: =IFERROR(VLOOKUP($B27,' 5. Thông số TL'!$D$12:$S$34,5,0),0) -> 5457500 | N27: 1 | O27: =IFERROR(IF($F27="Chính Thức",$M27/$G$4*($G27+$H27)*N27,IF($F27="Thử Việc",$M27/$G$4*N27*($G27+$H27)*85%)),0) -> 4538029.9 | V27: =SUM(T27:U27) -> 0 | W27: =IFERROR(IF($F27="Chính Thức",VLOOKUP($B27,' 5. Thông số TL'!$D$12:$S$34,6,0)/$G$4*($G27+$H27),IF($F27="Thử Việc",VLOOKUP($B27,' 5. Thông số TL'!$D$12:$S$34,6,0)/$G$4*($G27+$H27)*85%,"")),0) -> 598695.65 | X27: =IFERROR(IF($F27="Chính Thức",VLOOKUP($B27,' 5. Thông số TL'!$D$12:$S$34,7,0)/$G$4*($G27+$H27),IF($F27="Thử Việc",VLOOKUP($B27,' 5. Thông số TL'!$D$12:$S$34,7,0)/$G$4*($G27+$H27)*85%,"")),0) -> 332608.7 | Y27: =IFERROR(IF($F27="Chính Thức",VLOOKUP($B27,' 5. Thông số TL'!$D$12:$S$34,8,0)/$G$4*($G27+$H27),IF($F27="Thử Việc",VLOOKUP($B27,' 5. Thông số TL'!$D$12:$S$34,8,0)/$G$4*($G27+$H27)*85%,"")),0) -> 415760.87 | Z27: =SUM(W27:Y27) -> 1347065.2 | AA27: =IFERROR(IF($F27="Chính Thức",VLOOKUP($B27,' 5. Thông số TL'!$D$12:$S$34,10,0)/$G$4*($G27+$H27),IF($F27="Thử Việc",VLOOKUP($B27,' 5. Thông số TL'!$D$12:$S$34,10,0)/$G$4*($G27+$H27)*85%,"")),0) -> 0 | AC27: =SUM(AA27:AB27) -> 0 | AD27: =Z27+AC27 -> 1347065.2 | AE27: =L27+O27+S27+V27+AD27 -> 10458465 | AF27: =IF(F27="Chính Thức",AE27-Z27,IF(F27="Thử Việc",AE27-W27-X27,IF(F27="CTV",AE27,0))) -> 9527160.3 | AG27: =IFERROR(IF(AND($F27="Chính Thức",($G27+$H27)>=11),$J27*AG$8,IF(AND($F27="Chính Thức",($G27+$H27)<11,0),IF($F27="Thử Việc",0),"")),0) | AH27: =IFERROR(IF(AND($F27="Chính Thức",($G27+$H27)>=11),$J27*AH$8,IF(AND($F27="Chính Thức",($G27+$H27)<11,0),IF($F27="Thử Việc",0),"")),0) | AI27: =IFERROR(IF(AND($F27="Chính Thức",($G27+$H27)>=11),$J27*AI$8,IF(AND($F27="Chính Thức",($G27+$H27)<11,0),IF($F27="Thử Việc",0),"")),0) | AJ27: =ROUND(SUM(AG27:AI27),0) -> 0 | AK27: =IFERROR(IF(AND($F27="Chính Thức",($G27+$H27)>=11),$J27*AK$8,IF(AND($F27="Chính Thức",($G27+$H27)<11,0),IF($F27="Thử Việc",0),"")),0) | AL27: =IFERROR(IF(AND($F27="Chính Thức",($G27+$H27)>=11),$J27*AL$8,IF(AND($F27="Chính Thức",($G27+$H27)<11,0),IF($F27="Thử Việc",0),"")),0) | AM27: =IFERROR(IF(AND($F27="Chính Thức",($G27+$H27)>=11),$J27*AM$8,IF(AND($F27="Chính Thức",($G27+$H27)<11,0),IF($F27="Thử Việc",0),"")),0) | AN27: =ROUND(SUM(AK27:AM27),-1) -> 0 | AO27: =IF(F27="Chính Thức",$AO$10,0) -> 0 | AQ27: =AP27*$AQ$10 -> 0 | AR27: =+AO27+AQ27 -> 0 | AS27: =MAX(AF27-AR27-AN27,0) -> 9527160.3 | AT27: =IF(F27="Chính Thức",IF(AS27<=0,,IF(AND(AS27>0,AS27<=5000000),5%*AS27,IF(AND(AS27>5000000,AS27<=10000000),10%*AS27-250000,IF(AND(AS27>10000000,AS27<=18000000),15%*AS27-750000,IF(AND(AS27>18000000,AS27<=32000000),20%*AS27-1650000,IF(AND(AS27>32000000,AS27<=52000000),25%*AS27-3250000,IF(AND(AS27>52000000,AS27<=80000000),30%*AS27-5850000,IF(AS27>80000000,35%*AS27-9850000)))))))),IF(AND(F27="Thử Việc",AS27>=2000000),AS27*10%,IF(F27="CTV",AS27*10%))) -> 952716.03 | AV27: =ROUND(AE27-AN27-AT27+AU27,-2) -> 9505700
A28: TỔNG | G28: =SUBTOTAL(9,G11:G22) -> 200 | H28: =SUBTOTAL(9,H11:H22) -> 0 | I28: =SUBTOTAL(9,I11:I22) -> 0 | J28: =J21+J15+J11 -> 56600000 | K28: =K21+K15+K11 -> 53608152 | L28: =L21+L15+L11 -> 53608152 | M28: =M21+M15+M11 -> 94220206 | N28: =N21+N15+N11 -> 12 | O28: =O21+O15+O11 -> 87747404 | P28: =P21+P15+P11 -> 0 | Q28: =Q21+Q15+Q11 -> 0 | ... AV28: =AV21+AV15+AV11 -> 176694100 | AW28: =SUBTOTAL(9,AW16:AW16) -> 0
AL30: Hà Nội, ngày …................. tháng….............năm .................
C31: TỔNG GIÁM ĐỐC | I31: PHÒNG TÀI CHÍNH - KẾ TOÁN | AD31: PHÒNG HÀNH CHÍNH - NHÂN SỰ | AL31: NGƯỜI LẬP
AS34: Lương BHXH | AV34: =L28 -> 53608152
AS35: HQCV | AV35: =O28 -> 87747404
AS36: Thu nhập khác | AV36: =V28 -> 0
AS37: Phụ cấp | AV37: =AD28 -> 23939239
AS38: Tổng thu nhập trước thuế | AV38: =SUM(AV34:AV37) -> 1.652948e+08
AS39: BHXH NLĐ | AV39: =AN28 -> 4788000
AS40: Thuế TNCN | AV40: =AT28 -> 7280326.6
AS41: Tạm ứng/chi trước | AV41: =AU28 -> 0
AS42: Thực lĩnh | AV42: =AV38-AV39-AV40-AV41 -> 1.5322647e+08
AS43: Lệch | AV43: =AV42-AV28 -> -23467631

Sheet 7. Thuế TNCN
C1: TÊN ĐƠN VỊ: CÔNG TY CỔ PHẦN CEO VIỆT NAM HOLDING ĐỊA CHỈ: LÔ A21, D7 KHU ĐÔ THỊ MỚI CẦU GIẤY, PHƯỜNG DỊCH VỌNG, QUẬN CẦU GIẤY, HÀ NỘI MST: 0109298747 | I1: CVG - BẢNG THUẾ TNCN THÁNG 12.2023
A4: STT | B4: MÃ NV | C4: Họ và tên | D4: Ban/ Khối | E4: Chức vụ | F4: Mã số thuế | G4: TỔNG LƯƠNG | H4: Các khoản TN được miễn thuế | K4: Các khoản TN chịu thuế | N4: Cộng | O4: TNCT | P4: Các khoản giảm trừ | U4: Thu nhập tính thuế | V4: Thuế TNCN Phải Khấu trừ (tạm tính)
H5: Ăn trưa | I5: Đồng phục | J5: Điện thoại | K5: Chuyên cần | L5: Nhà ở | M5: Đi lại | P5: Bản thân | Q5: NPT | S5: Cộng giảm trừ | T5: BH bắt buộc
Q6: Số lượng | R6: Số giảm
A7: 1 | B7: CVG004 | C7: Nguyễn Thị Mai Hằng | D7: Trung tâm dịch vụ quản trị | E7: Trưởng ban Nhân sự | G7: =VLOOKUP(B7,'6.Bảng lương '!$B$16:$AW32,34,0) -> #N/A | H7: =VLOOKUP(B7,'6.Bảng lương '!$B$16:$AW32,25,0) -> #N/A | I7: =VLOOKUP(B7, '6.Bảng lương '!$B$16:$AW32, 26,0) -> #N/A | J7: =VLOOKUP(B7, '6.Bảng lương '!$B$16:$AW32,27,0) -> #N/A | K7: =VLOOKUP(B7, '6.Bảng lương '!$B$16:$AW32, 29,0) -> #N/A | L7: =VLOOKUP(B7, '6.Bảng lương '!$B$16:$AW32, 31,0) -> #N/A | M7: =VLOOKUP(B7, '6.Bảng lương '!$B$16:$AW32, 30,0) -> #N/A | N7: =SUM(H7:M7) -> #N/A | O7: =G7-H7-I7-J7 -> #N/A | P7: =VLOOKUP(B7, '6.Bảng lương '!$B$16:$AW32,44,0) -> #N/A | Q7: =VLOOKUP(B7, '6.Bảng lương '!$B$16:$AW32,45,0) -> #N/A | R7: =Q7*4400000 -> #N/A | S7: =+P7+R7 -> #N/A | T7: =VLOOKUP(B7, '6.Bảng lương '!$B$16:$AW32,43,0) -> #N/A | U7: 0 | V7: =IF(U7<=0,,IF(AND(U7>0,U7<=5000000),5%*U7,IF(AND(U7>5000000,U7<=10000000),10%*U7-250000,IF(AND(U7>10000000,U7<=18000000),15%*U7-750000,IF(AND(U7>18000000,U7<=32000000),20%*U7-1650000,IF(AND(U7>32000000,U7<=52000000),25%*U7-3250000,IF(AND(U7>52000000,U7<=80000000),30%*U7-5850000,IF(U7>80000000,35%*U7-9850000)))))))) -> 0
A8: 2 | B8: CVG006 | C8: Nguyễn Lê Trúc Anh | D8: Trung tâm dịch vụ quản trị | E8: Trưởng ban Pháp chế | G8: =VLOOKUP(B8,'6.Bảng lương '!$B$16:$AW32,34,0) -> #N/A | H8: =VLOOKUP(B8,'6.Bảng lương '!$B$16:$AW32,25,0) -> #N/A | I8: =VLOOKUP(B8, '6.Bảng lương '!$B$16:$AW32, 26,0) -> #N/A | J8: =VLOOKUP(B8, '6.Bảng lương '!$B$16:$AW32,27,0) -> #N/A | K8: =VLOOKUP(B8, '6.Bảng lương '!$B$16:$AW32, 29,0) -> #N/A | L8: =VLOOKUP(B8, '6.Bảng lương '!$B$16:$AW32, 31,0) -> #N/A | M8: =VLOOKUP(B8, '6.Bảng lương '!$B$16:$AW32, 30,0) -> #N/A | N8: =SUM(H8:M8) -> #N/A | O8: =G8-H8-I8-J8 -> #N/A | P8: =VLOOKUP(B8, '6.Bảng lương '!$B$16:$AW32,44,0) -> #N/A | Q8: =VLOOKUP(B8, '6.Bảng lương '!$B$16:$AW32,45,0) -> #N/A | R8: =Q8*4400000 -> #N/A | S8: =+P8+R8 -> #N/A | T8: =VLOOKUP(B8, '6.Bảng lương '!$B$16:$AW32,43,0) -> #N/A | U8: =O8-S8-T8 -> #N/A | V8: =IF(U8<=0,,IF(AND(U8>0,U8<=5000000),5%*U8,IF(AND(U8>5000000,U8<=10000000),10%*U8-250000,IF(AND(U8>10000000,U8<=18000000),15%*U8-750000,IF(AND(U8>18000000,U8<=32000000),20%*U8-1650000,IF(AND(U8>32000000,U8<=52000000),25%*U8-3250000,IF(AND(U8>52000000,U8<=80000000),30%*U8-5850000,IF(U8>80000000,35%*U8-9850000)))))))) -> #N/A
A9: 3 | B9: CVG028 | C9: Lê Thuý Hằng | D9: Trung tâm dịch vụ quản trị | E9: Chuyên viên pháp chế | G9: =VLOOKUP(B9,'6.Bảng lương '!$B$16:$AW32,34,0) -> #N/A | H9: =VLOOKUP(B9,'6.Bảng lương '!$B$16:$AW32,25,0) -> #N/A | I9: =VLOOKUP(B9, '6.Bảng lương '!$B$16:$AW32, 26,0) -> #N/A | J9: =VLOOKUP(B9, '6.Bảng lương '!$B$16:$AW32,27,0) -> #N/A | K9: =VLOOKUP(B9, '6.Bảng lương '!$B$16:$AW32, 29,0) -> #N/A | L9: =VLOOKUP(B9, '6.Bảng lương '!$B$16:$AW32, 31,0) -> #N/A | M9: =VLOOKUP(B9, '6.Bảng lương '!$B$16:$AW32, 30,0) -> #N/A | N9: =SUM(H9:M9) -> #N/A | O9: =G9-H9-I9-J9 -> #N/A | P9: =VLOOKUP(B9, '6.Bảng lương '!$B$16:$AW32,44,0) -> #N/A | Q9: =VLOOKUP(B9, '6.Bảng lương '!$B$16:$AW32,45,0) -> #N/A | R9: =Q9*4400000 -> #N/A | S9: =+P9+R9 -> #N/A | T9: =VLOOKUP(B9, '6.Bảng lương '!$B$16:$AW32,43,0) -> #N/A | U9: 0 | V9: =IF(U9<=0,,IF(AND(U9>0,U9<=5000000),5%*U9,IF(AND(U9>5000000,U9<=10000000),10%*U9-250000,IF(AND(U9>10000000,U9<=18000000),15%*U9-750000,IF(AND(U9>18000000,U9<=32000000),20%*U9-1650000,IF(AND(U9>32000000,U9<=52000000),25%*U9-3250000,IF(AND(U9>52000000,U9<=80000000),30%*U9-5850000,IF(U9>80000000,35%*U9-9850000)))))))) -> 0
A10: 4 | B10: CVG005 | C10: Nguyễn Văn Triển | D10: Trung tâm dịch vụ quản trị | E10: Trưởng ban Tài chính kiêm KTT | G10: =VLOOKUP(B10,'6.Bảng lương '!$B$16:$AW32,34,0) -> #N/A | H10: =VLOOKUP(B10,'6.Bảng lương '!$B$16:$AW32,25,0) -> #N/A | I10: =VLOOKUP(B10, '6.Bảng lương '!$B$16:$AW32, 26,0) -> #N/A | J10: =VLOOKUP(B10, '6.Bảng lương '!$B$16:$AW32,27,0) -> #N/A | K10: =VLOOKUP(B10, '6.Bảng lương '!$B$16:$AW32, 29,0) -> #N/A | L10: =VLOOKUP(B10, '6.Bảng lương '!$B$16:$AW32, 31,0) -> #N/A | M10: =VLOOKUP(B10, '6.Bảng lương '!$B$16:$AW32, 30,0) -> #N/A | N10: =SUM(H10:M10) -> #N/A | O10: =G10-H10-I10-J10 -> #N/A | P10: =VLOOKUP(B10, '6.Bảng lương '!$B$16:$AW32,44,0) -> #N/A | Q10: =VLOOKUP(B10, '6.Bảng lương '!$B$16:$AW32,45,0) -> #N/A | R10: =Q10*4400000 -> #N/A | S10: =+P10+R10 -> #N/A | T10: =VLOOKUP(B10, '6.Bảng lương '!$B$16:$AW32,43,0) -> #N/A | U10: 0 | V10: =IF(U10<=0,,IF(AND(U10>0,U10<=5000000),5%*U10,IF(AND(U10>5000000,U10<=10000000),10%*U10-250000,IF(AND(U10>10000000,U10<=18000000),15%*U10-750000,IF(AND(U10>18000000,U10<=32000000),20%*U10-1650000,IF(AND(U10>32000000,U10<=52000000),25%*U10-3250000,IF(AND(U10>52000000,U10<=80000000),30%*U10-5850000,IF(U10>80000000,35%*U10-9850000)))))))) -> 0
A11: Tổng | G11: =SUBTOTAL(9,G7:G10) -> #N/A | H11: =SUBTOTAL(9,H7:H10) -> #N/A | I11: =SUBTOTAL(9,I7:I10) -> #N/A | J11: =SUBTOTAL(9,J7:J10) -> #N/A | K11: =SUBTOTAL(9,K7:K10) -> #N/A | L11: =SUBTOTAL(9,L7:L10) -> #N/A | M11: =SUBTOTAL(9,M7:M10) -> #N/A | N11: =SUBTOTAL(9,N7:N10) -> #N/A | ... V11: =SUBTOTAL(9,V7:V10) -> #N/A
Q12: Hà Nội, ngày ....tháng....năm 2023
D13: TỔNG GIÁM ĐỐC | H13: TRƯỞNG BAN TÀI CHÍNH KIÊM KTT | N13: TRƯỞNG BAN NHÂN SỰ | Q13: NGƯỜI LẬP
D19: NGUYỄN THỊ HÀ NGÂN | H19: NGUYỄN VĂN TRIỂN | N19: NGUYỄN THỊ MAI HẰNG | Q19: MẠC THỊ LINH

Sheet 7.Danh sách NPT
A1: THEO DÕI NGƯỜI PHỤ THUỘC
A2: 1 | B2: 2 | C2: 3 | D2: 4 | E2: 5 | F2: 6 | G2: 7 | H2: 8 | I2: 9 | J2: 10 | K2: 11 | L2: 12 | M2: 13 | O2: 14 | P2: 15
A3: STT | B3: Mã NV | C3: Họ tên | D3: Tình Trạng | E3: Vị trí | F3: Tầng nhân sự | G3: Phòng/Ban | H3: Nơi làm việc | I3: Mã số thuế | J3: Thông tin về người phụ thuộc | O3: Hồ sơ chứng từ NPT
J4: Số lượng | K4: Người phụ thuộc | L4: Quan hệ với người nộp thuế | M4: MST của phụ thuộc | N4: Ngày sinh | O4: Loại chứng từ | P4: Tình trạng

Sheet 8. Phiếu lương
E2: TÊN ĐƠN VỊ: CÔNG TY CỔ PHẦN MS14 ĐỊA CHỈ: Clubhouse 3 đường Phong Lan 1, khu đô thị Vinhomes Riverside, phường Phúc Lợi, thành phố Hà Nội MST: 0111258406
C6: PHIẾU LƯƠNG THÁNG 06.2026
C8: Mã NV: | F8: MS07 | H8: Công tiêu chuẩn tháng | J8: ='6.Bảng lương '!$G$4 -> 23
C9: Họ & Tên: | F9: =VLOOKUP($F$8,'6.Bảng lương '!$B$11:$AV$40,2,0) -> Nguyễn Ánh Hồng | H9: Ngày công đi làm chính thức | J9: =IF($F$12="Chính Thức",VLOOKUP($F$8,'3. BẢNG CHẤM CÔNG'!$B$11:$AU$27,38,0)+VLOOKUP($F$8,'3. BẢNG CHẤM CÔNG'!$B$11:$AU$27,39,0),"") -> 23
C10: Phòng ban | F10: =VLOOKUP($F$8,'6.Bảng lương '!$B$11:$AV$40,3,0) -> Giáo viên | H10: Ngày công đi làm thử việc | J10: =IF($F$12="Thử Việc",VLOOKUP($F$8,'3. BẢNG CHẤM CÔNG'!$B$11:$AU$43,38,0)+VLOOKUP($F$8,'3. BẢNG CHẤM CÔNG'!$B$11:$AU$43,39,0),0) -> 0
C11: Chức vụ | F11: =VLOOKUP($F$8,'6.Bảng lương '!$B$11:$AV$40,4,0) -> Giáo viên mầm non | H11: Ngày nghỉ lễ, chế độ | J11: =VLOOKUP($F$8,'3. BẢNG CHẤM CÔNG'!$B$11:$AU$43,44,0) -> 0
C12: Tình trạng: | F12: =VLOOKUP($F$8,'6.Bảng lương '!$B$11:$AV$40,5,0) -> Chính Thức | H12: Ngày nghỉ phép năm | J12: =VLOOKUP($F$8,'3. BẢNG CHẤM CÔNG'!$B$11:$AU$43,42,0) -> 0
C13: Phép Tồn: | F13: 1 | H13: Ngày nghỉ không lương | J13: =VLOOKUP($F$8,'3. BẢNG CHẤM CÔNG'!$B$11:$AU$43,45,0) -> 0
C15: Chi tiết thu nhập | I15: Thành Tiền
C16: Các Khoản Cộng (1) | E16: Lương theo BHXH | I16: =VLOOKUP($F$8,'6.Bảng lương '!$B$11:$AV$40,11,0) -> 5500000
E17: Các khoản hỗ trợ (đã bao gồm gửi xe) | I17: =VLOOKUP($F$8,'6.Bảng lương '!$B$11:$AV$40,29,0) -> 1620000
E18: Thưởng YTCLCV (ý thức chất lượng công việc | I18: =VLOOKUP($F$8,'6.Bảng lương '!$B$11:$AV$40,14,0) -> 2457500
E19: Thưởng hiệu quả kinh doanh | I19: =VLOOKUP($F$8,'6.Bảng lương '!$B$11:$AV$40,18,0) -> 0
E20: Làm thêm giờ | I20: =VLOOKUP($F$8,'6.Bảng lương '!$B$11:$AV$40,19,0) -> 0
E21: Phúc lợi | I21: =VLOOKUP($F$8,'6.Bảng lương '!$B$11:$AV$40,20,0) -> 0
E22: Các khoản cộng khác | I22: 0
C24: Các khoản Trừ (2) | E24: Trích nộp BHXH, BHYT, BHTNLD | I24: =VLOOKUP($F$8,'6.Bảng lương '!$B$11:$AV$40,39,0) -> 577500
E25: Thuế TNCN tạm tính | I25: =VLOOKUP($F$8,'6.Bảng lương '!$B$11:$AV$40,45,0) -> 0
E26: Tiền Phí Công Đoàn | I26: 0
E27: Hoàn thuế TNCN 2024 | I27: =VLOOKUP($F$8,'6.Bảng lương '!$B$11:$AV$40,46,0) -> 0
E28: Các Khoản Trừ Khác | I28: 0
C30: Ghi Chú | E30: Số tiền thực lĩnh của nhân sự (1)-(2) | I30: =ROUND(SUM(I16:J22)-I24-I25-I26+I27-I28,-2) -> 9000000
C31: Tiền Bảo Hiểm Công Ty Đóng Cho Nhân Viên | I31: =VLOOKUP($F$8,'6.Bảng lương '!$B$11:$AV$40,35,0) -> 1182500
C32: Tổng chi phí lương của công ty dành cho nhân sự | I32: =I30+I31 -> 10182500

Sheet Bản sao của 8. Phiếu lương
F2: TÊN ĐƠN VỊ: CÔNG TY CỔ PHẦN TẬP ĐOÀN CEO VIỆT NAM GLOBAL ĐỊA CHỈ: LÔ A21, D7 KHU ĐÔ THỊ MỚI CẦU GIẤY, PHƯỜNG DỊCH VỌNG, QUẬN CẦU GIẤY, HN. MST: 0109298747
C6: PHIẾU LƯƠNG THÁNG 09/2023
C8: Mã NV: | G8: CVG029
C9: Họ & Tên: | G9: =VLOOKUP($G$8,'6.Bảng lương '!$B$16:$AW51,2,0) -> #N/A
C10: Phòng ban | G10: =VLOOKUP($G$8,'6.Bảng lương '!$B$16:$AW51,3,0) -> #N/A
C11: Chức vụ | G11: =VLOOKUP($G$8,'6.Bảng lương '!$B$16:$AW51,4,0) -> #N/A
C12: Tình trạng: | G12: Chính thức
C13: Phép Tồn: | G13: =VLOOKUP($G$8,'3. BẢNG CHẤM CÔNG'!$B$10:$AV45,47,0) -> #N/A | O13: Ngày công tiêu chuẩn trong tháng của CBNV | AA13: =VLOOKUP($G$8,'3. BẢNG CHẤM CÔNG'!$B$12:$AV45,46,0) -> #N/A
Q15: Thành Tiền
C16: Các Khoản Cộng (1) | E16: Lương theo BHXH | Q16: =VLOOKUP($G$8,'6.Bảng lương '!$B$16:$AW51,10,0) -> #N/A
E17: Phụ cấp miễn thuế TNCN | Q17: 2620000
E18: Phụ cấp tính thuế TNCN | Q18: 27380000
E19: Thưởng hiệu quả kinh doanh | Q19: =VLOOKUP($G$8,'6.Bảng lương '!$B$16:$AW51,19,0) -> #N/A
E20: Phúc lợi | Q20: =VLOOKUP($G$8,'6.Bảng lương '!$B$16:$AW51,24,0) -> #N/A
E21: Làm thêm giờ | Q21: =VLOOKUP($G$8,'6.Bảng lương '!$B$16:$AW51,25,0) -> #N/A
E22: Các khoản cộng khác | Q22: =VLOOKUP($G$8,'6.Bảng lương '!$B$16:$AW51,23,0) -> #N/A
C24: Các khoản Trừ (2) | E24: Tiền Bảo Hiểm | Q24: =VLOOKUP($G$8,'6.Bảng lương '!$B$16:$AW51,46,0) -> #N/A
E25: Tiền Thuế TNCN | Q25: =VLOOKUP($G$8,'6.Bảng lương '!$B$16:$AW51,52,0) -> #N/A
E26: Tiền Phí Công Đoàn | Q26: 0
E27: Lương ứng/ Chi lương thưởng phúc lợi ứng trước (nếu có) | Q27: =VLOOKUP($G$8,'6.Bảng lương '!$B$16:$AW51,53,0) -> #N/A
E28: Các Khoản Trừ Khác | Q28: 0
C30: Ghi Chú | E30: Số tiền thực lĩnh của nhân sự (1)-(2) | X30: =VLOOKUP($G$8,'6.Bảng lương '!$B$16:$AW51,55,0) -> #N/A
C35: Tiền Bảo Hiểm Công Ty Đóng Cho Nhân Viên | Q35: =VLOOKUP($G$8,'6.Bảng lương '!$B$16:$AW51,42,0) -> #N/A
C36: Tổng chi phí lương của công ty dành cho nhân sự | Q36: =SUM(Q16:AC22)+Q26+Q35 -> #N/A
